"iter","err","ll","dens_0","conn_0","conn_X1","conn_X2","g0_1","step_dens_0","step_conn_0","step_conn_X1","step_conn_X2","step_g0_1","grad_dens_0","grad_conn_0","grad_conn_X1","grad_conn_X2","grad_g0_1"
1,1.59094332504478,-973.228534317255,-0.980000000000833,-1.97000000000541,0.0299999999748671,-0.0299999999808686,-4.98000000000082,0.019999999999167,0.0299999999945879,0.0299999999748671,-0.0299999999808686,0.0199999999991762,240.098141321141,55.431818782381,11.93654927647,-15.6810348346426,242.791845910233
2,1.57094388981179,NA,-0.960001153517406,-1.94000516138761,0.0598380074959097,-0.0598832532643608,-4.96000056476783,0.0199988464834272,0.0299948386178058,0.0298380075210426,-0.0298832532834922,0.0199994352329965,239.524287159156,55.0466652828163,10.4415847647488,-14.1112626545237,242.505758192237
3,1.55094540635687,NA,-0.940004299384116,-1.91002119648332,0.0893580430260851,-0.089545206303644,-4.94000208131291,0.0199968541332895,0.0299839649042854,0.0295200355301754,-0.0296619530392832,0.0199984834549149,238.925468916023,54.5446110356806,8.92289360763243,-12.5162575488957,242.21554935707
4,1.53094828815985,NA,-0.920010330738478,-1.88005556486492,0.118355323864288,-0.118856012437667,-4.92000496311589,0.0199939686456381,0.0299656316184018,0.0289972808382032,-0.0293108061340233,0.0199971181970214,238.300743318405,53.929010146021,7.39055558142354,-10.9048531703593,241.914891157649
5,1.5109529918173,NA,-0.900020196474297,-1.85011744156594,0.146564621938706,-0.147655827505699,-4.90000966677334,0.0199901342641812,0.0299381232989792,0.028209298074418,-0.0287998150680314,0.0199952963425482,237.649168069538,53.2060592217931,5.85714773023938,-9.28696860114542,241.59707625131
6,1.4909600348715,NA,-0.880034902609281,-1.82021760990174,0.173649725702443,-0.175750102957973,-4.88001670982754,0.0199852938650159,0.0298998316641965,0.0270851037637371,-0.0280942754522748,0.0199929569458073,236.969803979719,52.3851521438701,4.33823564208069,-7.67361745033668,241.255094567805
7,1.4709700142877,NA,-0.860055513571965,-1.79036826126402,0.19919831943374,-0.202905618948376,-4.86002668924374,0.0199793890373165,0.0298493486377182,0.0255485937312961,-0.0271555159904027,0.0199900205837999,236.261714690045,51.4791472380693,2.85277701777886,-6.07689333719463,240.881778420317
8,1.45098362467246,NA,-0.840083153428342,-1.76058268806408,0.22272907956653,-0.228848482354739,-4.8400402996285,0.0199723601436228,0.0297855731999463,0.0235307601327901,-0.0259428634063627,0.0199863896152318,235.523962569459,50.5044246528996,1.42322406190942,-4.50993913887032,240.470047410781
9,1.43100167482736,NA,-0.820119007090458,-1.73087486687897,0.243718733343227,-0.253265862739172,-4.8200583497834,0.0199641463378834,0.0297078211851053,0.0209896537766977,-0.0244173803844328,0.0199819498451049,234.75559932308,49.48055186901,0.075006707902503,-2.98692817068513,240.013282526661
10,1.41102510070473,-870.657653570564,-0.800164321576113,-1.70125894898193,0.261653003805191,-0.275813649101982,-4.80008177566077,0.0199546855143454,0.0296159178970402,0.0179342704619634,-0.0225477863628101,0.0199765741226279,233.955650220423,48.4293527108548,-1.16494097937903,-1.52310036810377,239.50583441092
11,1.39105497252839,NA,-0.780220407414909,-1.67174870296803,0.276094803671769,-0.296132076307262,-4.78011164748443,0.0199439141612043,0.0295102460139046,0.0144417998665782,-0.02031842720528,0.0199701281763456,233.123092265259,47.3732673253835,-2.27073213295625,-0.134870497277007,238.943608734417
12,1.37109249414624,NA,-0.760288640312627,-1.64235698024438,0.286750037744424,-0.313870143726047,-4.76014916910228,0.0199317671022816,0.0293917227236477,0.0106552340726548,-0.0177380674187857,0.0199624783821437,232.256828594473,46.333148687836,-3.22074674159012,1.16007620249547,238.324581206371
13,1.35113899386842,NA,-0.740370463184601,-1.61309528494669,0.293506938721191,-0.328717007684081,-4.74019566882447,0.0199181771280257,0.0292616952976938,0.00675690097676765,-0.0148468639580337,0.0199535002778173,231.355663296426,45.3259745393098,-4.00050305188415,2.34292700838523,237.649033302887
14,1.33119590792101,NA,-0.72046738864686,-1.58397351617441,0.296436027414924,-0.340435060643721,-4.72025258287705,0.0199030745377416,0.0291217687722731,0.00292908869373274,-0.0117180529596397,0.0199430859474153,230.418281332732,44.3631130951871,-4.60402484918632,3.39438798619085,236.91934612998
15,1.31126475949147,NA,-0.700581002015492,-1.55499991678778,0.295756929315179,-0.348886965991615,-4.70032143444751,0.0198863866313677,0.0289735993866368,-0.000679098099744866,-0.0084519053478946,0.0199311484295362,229.443237229816,43.4495847025573,-5.03319409745018,4.29590275530245,236.139354150282
16,1.29134713734699,NA,-0.680712964816347,-1.52618122460249,0.291790391802718,-0.354049629737191,-4.68040381230303,0.0198680371991455,0.0288186921852869,-0.00396653751246107,-0.00516266374557507,0.0199176221444881,228.428954709443,42.5843448647356,-5.29557869299424,5.03117249763818,235.313442086635
17,1.27144467782213,NA,-0.660865018756322,-1.49752299249975,0.284912951939119,-0.356012315424495,-4.66050135277817,0.0198479460600247,0.0286582321027426,-0.00687743986359913,-0.00196268568730495,0.019902459524855,227.37373775044,41.7612902015208,-5.40180642929045,5.58750272148245,234.44564755323
18,1.25155905284628,NA,-0.641038990061658,-1.46903002869347,0.275523556683336,-0.354961567798311,-4.64061572780232,0.0198260286946639,0.0284929638062807,-0.00938939525578354,0.00105074762618421,0.0198856249758502,226.275791978878,40.9706086281858,-5.3634301184502,5.95661022316563,233.538981481161
19,1.23169196517218,NA,-0.621236794055238,-1.44070690509801,0.264023748600089,-0.351159191409956,-4.62074864012822,0.0198021960064199,0.0283231235954607,-0.0114998080832468,0.00380237638835532,0.0198670876741038,225.133253773038,40.20017827429,-5.19172236522536,6.13483402503334,232.595060429048
20,1.2118451505932,-766.140911423926,-0.601460439826649,-1.41255848608562,0.25080895635584,-0.344919844545153,-4.60090182554924,0.0197763542285894,0.0281484190123842,-0.0132147922442486,0.00623934686480265,0.0198468145789771,223.944223935177,39.4368399099676,-4.89738422402297,6.12296185181549,231.614034840959
21,1.19202038598459,NA,-0.581712034844227,-1.38459043799643,0.236267354045013,-0.336592748019581,-4.58107706094064,0.0197484049824216,0.0279680480891945,-0.0145416023108269,0.00832709652557274,0.0198247646086044,222.706803065194,38.6674639548801,-4.49092893404668,5.9259702993586,230.594734391616
22,1.17221950152546,NA,-0.561993789362945,-1.35680968868668,0.22078308348758,-0.326549323882045,-4.5612761764815,0.0197182454812817,0.0277807493097487,-0.015484270557433,0.010043424137535,0.0198008844591392,221.419126673936,37.87979717913,-3.9834678079842,5.55290532588515,229.534937067228
23,1.15244439536413,NA,-0.542308020494001,-1.3292248144437,0.204741238539474,-0.315176461897295,-4.54150107032017,0.0196857688689447,0.0275848742429781,-0.0160418449481068,0.0113728619847504,0.0197751061613293,220.079398469579,37.0631090049756,-3.38767288099007,5.01699708820524,228.431683564168
24,1.13269704914638,NA,-0.522657155821549,-1.30184633805582,0.188532396831381,-0.302873852379642,-4.52175372410242,0.0196508646724521,0.0273784763878791,-0.0162088417080922,0.012302609517653,0.0197473462177507,218.68592028909,36.2086691461627,-2.71874115810533,4.33598047266059,227.281583443073
25,1.1129795431199,NA,-0.503043736482681,-1.27468692684127,0.172554583451062,-0.290053194528526,-4.50203621807594,0.0196134193388677,0.0271594112145548,-0.0159778133803194,0.012820657851116,0.0197175060264757,217.237116572733,35.3100834217912,-1.99520452270008,3.53250183479759,226.081081347047
26,1.09329406989179,NA,-0.48347041967118,-1.24776148367987,0.15721055478883,-0.27713679828854,-4.48235074484783,0.019573316811501,0.0269254431613944,-0.0153440286622316,0.0129163962399861,0.0196854732281072,215.731550836153,34.3635007061494,-1.23941667538929,2.63442614027554,224.826665489672
27,1.07364294632225,NA,-0.463939980584092,-1.22108712847799,0.142898575794694,-0.264553047363973,-4.46269962127829,0.019530439087088,0.0266743552018855,-0.0143119789941364,0.0125837509245673,0.0196511235695466,214.167931552538,33.3676875538913,-0.477525206861174,1.67481016319471,223.51500651439
28,1.05402862348479,NA,-0.444455313897153,-1.19468307281033,0.129995876466827,-0.252726542711062,-4.44308529844083,0.0194846666869383,0.0264040556676604,-0.0129026993278669,0.0118265046529105,0.0196143228374547,212.545105810023,32.3239560248112,0.261258398950304,0.691288018970226,222.143016451355
29,1.03445369509194,NA,-0.425019434917625,-1.16857039701614,0.118835936365651,-0.242061811710025,-4.42351037004798,0.0194358789795283,0.0261126757941819,-0.0111599401011761,0.0106647310010369,0.0195749283928484,210.862041287783,31.2359304609799,0.946198301789991,-0.275342252962218,220.70782148262
30,1.01492090520737,-669.99185482968,-0.405635480604677,-1.1427717461961,0.109683241698897,-0.232921407906938,-4.40397758016341,0.0193839543129482,0.0257986508200472,-0.0091526946667536,0.00914040380308685,0.019532789884577,209.117799854539,30.109155734408,1.54731007341979,-1.18340181529675,219.206654330719
31,0.995433156319891,NA,-0.386306710650888,-1.11731096783939,0.102710995777603,-0.225601641476413,-4.38448983127593,0.0193287699537886,0.0254607783567075,-0.00697224592129401,0.00731976643052555,0.0194877488874754,207.311508974044,28.9505808268586,2.038051393356,-1.99331177100248,217.636693229224
32,0.975993518821018,NA,-0.367036508780474,-1.09221271720868,0.0979871090615695,-0.220310983222279,-4.36505019377706,0.0192702018704139,0.0250982506307099,-0.0047238867160339,0.00529065825413325,0.0194396374988725,205.442337738759,27.7679865143909,2.39790202840595,-2.67082210143599,215.994895373797
33,0.956605242568098,NA,-0.347828384352177,-1.06750205564626,0.0954713462307956,-0.217156157930626,-4.34566191752414,0.0192081244282978,0.0247106615624184,-0.00251576283077396,0.00315482529165346,0.0193882762529206,203.509482623758,26.5694460711074,2.61428046314904,-3.1898626889415,214.277880323834
34,0.937271770620871,NA,-0.328685974286269,-1.04320406172601,0.0950230122954114,-0.216138775810259,-4.32632844557691,0.0191424100659075,0.0242979939202483,-0.000448333935384185,0.00101738212036745,0.0193334719472267,201.512163602047,25.3628978055076,2.6834420771138,-3.53443876520032,212.481905327877
35,0.917996754588898,NA,-0.309613045295191,-1.01934346758837,0.09641591835432,-0.217162124602289,-4.30705342954494,0.019072928991078,0.0238605941376474,0.00139290605890855,-0.00102334879203012,0.0192750160319737,199.449626686601,24.1558679351783,2.61032683738449,-3.69927253473179,210.602946278868
36,0.898784070497797,NA,-0.290613496402239,-0.995944325661234,0.0993566758096484,-0.220045175135052,-4.28784074545384,0.0189995488929524,0.0233991419271312,0.00294075745532841,-0.0028830505327633,0.019212684091101,197.321146328022,22.9553318570197,2.4075983151306,-3.68926196529173,208.636869459724
37,0.87963783377653,NA,-0.271691361778814,-0.973029706539161,0.103503364299178,-0.224540001456914,-4.26869450873257,0.0189221346234252,0.022914619122074,0.00414668848952949,-0.00449482632186248,0.0191462367212664,195.126021466194,21.7676654199295,2.09422359830569,-3.51810120491791,206.579661587512
38,0.860562411905792,NA,-0.252850813996545,-0.950621427780235,0.10848328284709,-0.230349547388445,-4.24961908686183,0.0188405477822687,0.0224082787589259,0.0049799185479117,-0.00580954593153084,0.019075421870738,192.863562057255,20.5986289290649,1.69389063671588,-3.20648619663189,204.427680828303
39,0.841562433415445,NA,-0.234096167848492,-0.928739815090734,0.113909887162808,-0.23714412641973,-4.23061910837149,0.0187546461480527,0.0218816126895002,0.00542660431571843,-0.00679457903128468,0.0189999784903466,190.533066911485,19.4533401474928,1.23343080190352,-2.78024407748489,202.177895067734
40,0.822642792227134,-586.953148526826,-0.215431884917389,-0.907403500369874,0.119399661259539,-0.24457638747045,-4.21169946718317,0.0186642829311029,0.02133631472086,0.00548977409673148,-0.0074322610507201,0.0189196411883115,188.133797523733,18.3362159123135,0.741295608577275,-2.26857277539239,199.828080280895
41,0.803808646759126,NA,-0.196862579041204,-0.886629263893149,0.124589507706688,-0.252295274818738,-4.19286532171517,0.0185693058761848,0.0207742364767254,0.00518984644714818,-0.00771888734828784,0.018834145468007,185.664955178027,17.2508841865238,0.246073888092724,-1.7024425380896,197.376958595896
42,0.785065413703214,NA,-0.178393022739465,-0.866431929319046,0.129154477108755,-0.259959678959935,-4.17412208865925,0.0184695563017394,0.0201973345741034,0.00456496940206711,-0.00766440414119726,0.0187432330559123,183.125669823312,16.2000846876253,-0.224965242523467,-1.11313408183378,194.82426183572
43,0.766418756904307,NA,-0.160028154524413,-0.846824319378803,0.132824682900186,-0.267252141281627,-4.15547543186035,0.018364868215052,0.0196076099402431,0.0036702057914309,-0.00729246232169198,0.0186466567989071,180.515008404427,15.1855861781769,-0.647276209519987,-0.530869500607878,192.1707132135
44,0.747874572262572,NA,-0.141773086848601,-0.827817276710475,0.135399539160011,-0.273892358700304,-4.13693124721861,0.0182550676758122,0.0190070426683279,0.00257485625982575,-0.00664021741867665,0.018544184641735,177.832007682355,14.208151354751,-1.00030635508119,0.0164845016570325,189.417929206002
45,0.729438969960027,NA,-0.123633114267461,-0.809419748631617,0.136757401051354,-0.279649601314671,-4.11849564491607,0.0181399725811394,0.0183975280788572,0.00135786189134291,-0.00575724261436728,0.0184356023025445,175.075732112191,13.2675748761812,-1.26851690765761,0.504618816421498,186.568255263637
46,0.711118255506321,NA,-0.105613721256039,-0.791638927742819,0.136859355491371,-0.284352770164835,-4.10017493046236,0.018019393011422,0.0177808208887982,0.000101954440016285,-0.00470316885016405,0.0183207144537059,172.245352576965,12.3628062169701,-1.44205113201679,0.9138268649167,183.624561522038
47,0.692918911047559,NA,-0.0877205890459847,-0.77448043372389,0.135746999539478,-0.287896856364578,-4.0819755860036,0.0178931322100547,0.0171584940189293,-0.00111235595189288,-0.00354408619974263,0.0181993444587623,169.340237240476,11.492149278638,-1.51699622847445,1.22980863466182,180.590033162389
48,0.674847578088424,NA,-0.0699596008553586,-0.757948517179075,0.13353505227329,-0.29024501413979,-4.06390425304446,0.0177609881906261,0.0165319165448148,-0.00221194726618743,-0.00234815777521277,0.018071332959135,166.360043773466,10.6535117106432,-1.49525327515221,1.44415774570916,177.467990698688
49,0.656911042312399,NA,-0.0523368449693684,-0.742046264984539,0.130400179828395,-0.291426142251856,-4.04596771726844,0.0176227558859902,0.0159022521945364,-0.00313487244489578,-0.00118112811206531,0.0179365357760253,163.304802047151,9.84466580689514,-1.38408241355137,1.55448786472334,174.261766295558
50,0.639116220668257,-519.910130439888,-0.0348586152749288,-0.72677578842901,0.12656739093079,-0.291528510391435,-4.0281728956243,0.0174782296944396,0.0152704765555285,-0.00383278889760489,-0.000102368139579302,0.0177948216441422,160.174978797158,9.063483147429,-1.19540804917051,1.56419872951119,170.974646072182
51,0.621470150450761,NA,-0.0175314090290021,-0.712138379739791,0.122294982979758,-0.290690360205362,-4.0105268254068,0.0173272062459267,0.014637408689219,-0.00427240795103121,0.000838150186073049,0.0176460702174962,156.971519164699,8.30811571745471,-0.944953349062416,1.48192061260488,167.609871045897
52,0.603979979832115,NA,-0.000361921821404123,-0.698134628075715,0.117858599514692,-0.289088498670986,-3.99303665478816,0.017169487207598,0.0140037516640766,-0.00443638346506609,0.00160186153437565,0.0174901706186461,153.69586371321,7.57711167693742,-0.651242727371937,1.32069834876347,164.170676565618
53,0.586652959228299,NA,0.0166429601472552,-0.68476449145909,0.113534752765024,-0.286925771737882,-3.97570963418434,0.0170048819686593,0.0133701366166244,-0.00432384674966885,0.00216272693310443,0.0173270206038159,150.349942742878,6.86946862288096,-0.334487407940287,1.09698170604133,160.660345397332
54,0.569496432977823,NA,0.0334761702302018,-0.672027325469048,0.1095842704721,-0.284418108217372,-3.95855310793386,0.0168332100829466,0.0127371659900425,-0.00395048229292323,0.00250766352051009,0.0171565262504755,146.936152123658,6.18463730745589,-0.0153675762248895,0.829485441045108,157.08225317951
55,0.552517830994486,NA,0.0501304736236958,-0.65992187246055,0.106236471213439,-0.281781683350973,-3.94157450595053,0.0166543033934941,0.0121054530084983,-0.00334779925866105,0.0026364248663992,0.0169786019833368,143.457316031572,5.52249223233048,0.286251973307117,0.5379786193771,153.439894033909
56,0.535724660236701,NA,0.0665984814346539,-0.648446216731711,0.103675249683001,-0.279220719204444,-3.92478133519274,0.016468007810958,0.0114756557288383,-0.00256122153043846,0.00256096414652887,0.0167931707577859,139.916642377784,4.88328360120249,0.55259706130073,0.242064850226598,149.736885645666
57,0.5191244959387,NA,0.0828726661901469,-0.637597711932732,0.102028415744018,-0.276916487301742,-3.90818117089474,0.0162741847554931,0.0108485047989795,-0.00164683393898267,0.00230423190270232,0.0166001642980002,136.317675729742,4.26757936509148,0.769138371197187,-0.0399787990090772,145.976962465397
58,0.502724972536477,NA,0.0989453784866692,-0.627372887642433,0.101361421218649,-0.275018130187186,-3.89178164749252,0.0160727122965223,0.010224824290299,-0.0006669945253688,0.00189835711455573,0.0163995234022235,132.664251120787,3.6762000223689,0.925499563777521,-0.292231095500028,142.163970392062
59,0.486533774107185,NA,0.114808864520217,-0.617767342788503,0.101676053325238,-0.273635891495825,-3.87559044906323,0.0158634860335481,0.00960554485393017,0.000314632106588441,0.00138223869136055,0.0161911984292922,128.960450334148,3.11014498663553,1.01601428013964,-0.501953542197953,138.301874896456
60,0.470558623980002,-470.87587103662,0.130455284277262,-0.608775634477021,0.102913973708681,-0.272837195773146,-3.85961529893604,0.0156464197570449,0.00899170831148133,0.00123792038344284,0.000798695722678795,0.0159751501271824,125.2105607864,2.57050900927425,1.03987713259812,-0.660158342498107,134.394788208283
61,0.454807273036517,NA,0.145876730199655,-0.600391171563928,0.10496438939603,-0.272645765463479,-3.84386394799256,0.0154214459223924,0.00838446291309338,0.00205041568734956,0.000191430309667268,0.0157513509434853,121.41903685631,2.05838969577599,1.00089561954064,-0.761885125939443,130.447013353319
62,0.439287486153746,NA,0.161065246166919,-0.592606122590346,0.107674817658991,-0.273043666412788,-3.82834416110979,0.0151885159672643,0.00778504897358203,0.00271042826296093,-0.000397900949308804,0.0155197868827707,117.59046382565,1.57479060362675,0.90690225306389,-0.806183643362601,126.463096555085
63,0.424007026273792,NA,0.176012846680598,-0.585411347246902,0.110863854586525,-0.273975910689359,-3.81306370122983,0.0149476005136786,0.00719477534344343,0.00318903692753414,-0.00093224427657106,0.0152804598799545,113.729525959343,1.12052697488707,0.768915509752333,-0.795827326669496,122.447877067771
64,0.408973635697864,NA,0.190711536201049,-0.578796359255286,0.11433496377575,-0.275357068843526,-3.7980303106539,0.0146986895204509,0.00661498799161607,0.00347110918922511,-0.00138115815416726,0.0150333905759275,109.840981641014,0.696141852927212,0.600144111331247,-0.736803391419016,118.406524926513
65,0.394195014364017,NA,0.205153328686015,-0.572749326537819,0.117890429870362,-0.277079264329086,-3.78325168932006,0.0144417924849665,0.00604703271746728,0.00355546609461171,-0.00172219548555973,0.0147786213338469,105.929649311065,0.301839614849087,0.414920497178173,-0.637636841247513,114.344561010284
66,0.379678795038931,NA,0.219330267512457,-0.567257111994548,0.121344689948543,-0.279020918316387,-3.76873546999497,0.0141769388264418,0.00549221454327121,0.0034542600781811,-0.00194165398730052,0.0145162193250862,102.000407879359,-0.0625579048119107,0.22763694630612,-0.508609647340563,110.267858124757
67,0.365432515503057,NA,0.233234446115614,-0.562305355344263,0.124536265547297,-0.281055648490133,-3.7544891904591,0.0139041786031575,0.00495175665028537,0.00319157559875377,-0.00203473017374615,0.014246279535874,98.0582138777208,-0.39762946130395,0.0517484528472778,-0.360934864716,106.182625352176
68,0.35146358792007,NA,0.246858029827188,-0.557878593563549,0.127337532022681,-0.283060774031908,-3.74052026287611,0.0136235837115742,0.00442676178071369,0.00280126647538434,-0.00200512554177556,0.013968927582987,94.1081350276818,-0.704345579833898,-0.101099479934419,-0.205941412332322,102.095379698994
69,0.337779265654794,NA,0.260193279506958,-0.553960414714222,0.1296616540201,-0.284924932475888,-3.72683594061083,0.0133352496797699,0.00391817884932733,0.00232412199741908,-0.00186415844397965,0.0136843222652768,90.1553967617019,-0.98403390097701,-0.221766040340299,-0.0543197506885917,98.0129093119331
70,0.324386607848655,-439.997032925025,0.273232577609603,-0.550533637634379,0.131466223038453,-0.286554380045601,-3.7134432828047,0.0130392981026445,0.00342677707984239,0.00180456901835232,-0.00162944756971257,0.0133926578061389,86.2054353063968,-1.23832194617535,-0.304091751672786,0.0845277764938146,93.9422315695992
71,0.311292442092947,NA,0.28596845728992,-0.547580508297768,0.132753433269245,-0.287877637831502,-3.70034911704899,0.0127358796803166,0.00295312933661125,0.00128721023079205,-0.00132325778590151,0.0130941657557074,82.2639489138055,-1.4690625238245,-0.345131854260217,0.202996694724789,89.8905478925371
72,0.298503325572689,NA,0.298393635022469,-0.545082902765615,0.133566958448425,-0.288848267850179,-3.68756000052873,0.0124251777325496,0.00249760553215303,0.000813525179180662,-0.000970630018676699,0.0127891165202579,78.336938640291,-1.67824838683828,-0.345142706237311,0.295625640092112,85.8651955991263
73,0.286025505097822,NA,0.310501047006849,-0.543022526591233,0.133985972395263,-0.289445709097699,-3.67508218005386,0.0121074119843799,0.00206037617438132,0.00041901394683716,-0.000597441247519735,0.012477820474867,74.4307312078263,-1.86792313172646,-0.307338547713698,0.359265195015723,81.8735960910999
74,0.273864876500097,NA,0.322283889373213,-0.541381101181976,0.134116945959858,-0.289674256726816,-3.66292155145614,0.0117828423663637,0.00164142540925714,0.000130973564595765,-0.000228547629117725,0.0121606285977249,70.5519790233211,-2.04009454193965,-0.237452959481743,0.393071881603646,77.9231979919359
75,0.262026943949889,NA,0.333735661926685,-0.54014052876282,0.134083952302102,-0.289560405945203,-3.65108361890593,0.0114517725534724,0.00124057241915662,-3.29936577562577e-05,0.000113850781613456,0.0118379325502088,66.7076355375684,-2.19665488089049,-0.143150055578189,0.398341949789938,74.021414122285
76,0.250516779830149,NA,0.344850214903646,-0.539283029009031,0.134018247526128,-0.289148889185507,-3.63957345478619,0.0111145529769612,0.000857499753788584,-6.57047759739424e-05,0.00041151675969529,0.0115101641197401,62.9049069294751,-2.33931092736839,-0.0333360725335297,0.378210276039681,70.1755518156233
77,0.239338985878065,NA,0.355621797982759,-0.538791241949932,0.134047893523906,-0.288497802376607,-3.62839566083411,0.0107715830791122,0.000491787059098625,2.9645997778029e-05,0.000651086808900688,0.0111777939520834,59.1511834340963,-2.46952514487475,0.0825759275357996,0.337247585093792,66.392737576848
78,0.228497656349445,NA,0.366045110615474,-0.538648293344445,0.134288165101888,-0.287673244378684,-3.61755433130549,0.0104233126327149,0.000142948605487609,0.000240271577982303,0.000824557997922698,0.0108413295286202,55.4539550984146,-2.5884690063549,0.19539514198641,0.280993748447145,62.6798387975214
79,0.217996343962247,NA,0.376115352619932,-0.538837820444387,0.134833423373049,-0.286743888799088,-3.60705301891829,0.0100702420044585,-0.000189527099941672,0.000545258271160268,0.000929355579595892,0.0105013123871979,51.8207171796803,-2.6969899499818,0.296823765779664,0.215465971677986,59.0433864658735
80,0.207838029320567,-424.492268582262,0.38582827391892,-0.539343957964131,0.135751023404176,-0.285775875808267,-3.59689470427661,0.00971292129898802,-0.00050613751974432,0.00091760003112704,0.000968012990821508,0.0101583146416803,48.2588703397369,-2.79559404418706,0.38002130111181,0.146679516319637,55.4895039510939
81,0.19802509441287,NA,0.395180222290699,-0.54015128620016,0.137077647834016,-0.284828358726566,-3.58708176936891,0.00935194837177883,-0.00080732823602943,0.00132662442984047,0.000947517081700499,0.00981293490769624,44.7756201469929,-2.88444674765742,0.440022554357711,0.0802141784106425,52.0238464963541
82,0.188559300627935,NA,0.404168188036549,-0.541244745514907,0.138818233497769,-0.28394996945656,-3.57761597558398,0.00898796574584992,-0.0010934593147465,0.00174058566375289,0.000878389270006092,0.00946579378493534,41.3778798827025,-2.96339354235897,0.473982514108684,0.0208539910317995,48.6515551449429
83,0.179441771558984,NA,0.412789844544647,-0.5426095236143,0.140947418920928,-0.283176382100486,-3.56849844651502,0.00862165650809813,-0.00136477809939323,0.00212918542315921,0.00077358735607361,0.0091175290689514,38.0721800092942,-3.03200057544473,0.481238140537243,-0.0276800841447766,45.3772269958108
84,0.170672980691377,NA,0.421043583844609,-0.544230923957797,0.143413226124791,-0.282529060747151,-3.55972965564742,0.00825373929996156,-0.00162140034349694,0.00246580720386291,0.000647321353335717,0.00876879086760657,34.864587391894,-3.08961338646441,0.463194556346025,-0.0628933901225537,42.2049018715143
85,0.162252743906467,NA,0.428928546399244,-0.546094224980043,0.146142529398989,-0.282015182485526,-3.55130941886251,0.00788496255463503,-0.00186330102224631,0.00272930327419819,0.000513878261624973,0.00842023678490995,31.7606371629608,-3.13542959361257,0.42305870238124,-0.0835741900573339,39.1380642071226
86,0.154180216595862,NA,0.436444644565431,-0.548184540394808,0.149047765914094,-0.281628638445514,-3.5432368915519,0.00751609816618757,-0.00209031541476522,0.00290523651510413,0.000386544040011724,0.00807252731060484,28.765279714662,-3.16857983534646,0.365454512802899,-0.0897493930551718,36.179657938078
87,0.146453895069484,NA,0.443592579366206,-0.550486690643676,0.152034301190368,-0.281351941612916,-3.53551057002552,0.007147934800775,-0.0023021502488679,0.00298653527627465,0.000276696832597589,0.00772632152637839,25.8828446266079,-3.1882106793546,0.29595970659102,-0.0825522067771089,33.3321119092034
88,0.139071621857598,NA,0.450373850440172,-0.552985094553976,0.15500786291247,-0.28115881538755,-3.52812829681364,0.00678127107396575,-0.00249840391029984,0.00297356172210223,0.000193126225366833,0.00738227321188567,23.1170224816424,-3.19356309546492,0.22060603043883,-0.0640196242329694,30.5973733264864
89,0.132030594455146,NA,0.456790759249438,-0.555663688656048,0.157881488365084,-0.281017204449022,-3.52108726941119,0.00641690880926634,-0.00267859410207151,0.00287362545261315,0.000141610938527493,0.00704102740245244,20.4708637784279,-3.18404125096095,0.145382858249832,-0.0368416755236467,27.976946495869
90,0.125327377036478,-418.975430671922,0.462846405817833,-0.5585058795026,0.160581491001324,-0.280892439226373,-3.51438405199252,0.00605564656839478,-0.00284219084655187,0.00270000263624021,0.000124765222648851,0.00670321741866839,17.9467929814336,-3.15926720077186,0.0757807060836058,-0.0040855098859538,25.4719340881593
91,0.11895791468769,NA,0.468544679413811,-0.561494531989473,0.163052040975457,-0.280750296316776,-3.50801458964373,0.00569827359597764,-0.00298865248687355,0.00247054997413332,0.000142142909597443,0.00636946234878753,15.5466339958821,-3.1191189106039,0.0164052073614585,0.0310821093307823,23.0830775672075
92,0.112917549760946,NA,0.473890243677051,-0.564611994255327,0.165258073788976,-0.280559726695956,-3.50197422471699,0.00534556426323991,-0.00311746226585421,0.00220603281351857,0.000190569620819752,0.00604036492674414,13.2716425957824,-3.0637502237596,-0.029314176117623,0.0656524838404948,20.8107935145563
93,0.107201040050104,NA,0.478888516709216,-0.567840157441459,0.1671863839773,-0.280295068446361,-3.49625771500614,0.004998273032165,-0.00322816318613202,0.00192831018832421,0.00026465824959528,0.00571650971084207,11.1225409614235,-2.99359294274382,-0.0593050208408386,0.0969944130702061,18.6552026059417
94,0.101802578610807,NA,0.483545646615813,-0.571160546575176,0.168844914432684,-0.279937616804206,-3.49085925356685,0.00465712990659744,-0.00332038913371698,0.00165853045538364,0.000357451642154539,0.00539846143929635,9.09955007784902,-2.90934242457297,-0.0729153720158138,0.123021481499563,16.6161486799865
95,0.0967158151861192,NA,0.487868482911043,-0.574554437204167,0.170260399388574,-0.279476486740751,-3.48577249014216,0.0043228362952295,-0.0033938906289901,0.00141548495588996,0.000461130063454916,0.00508676342468832,7.20241673548117,-2.81192898114568,-0.0708622343381649,0.142298505352301,14.6932064842531
96,0.0919338793324038,NA,0.491864544104291,-0.578002991233291,0.171474645039407,-0.278908766549578,-3.48099055428844,0.00399606119324872,-0.00344855402912416,0.00121424565083325,0.000567720191172914,0.00478193585371527,5.43043359243711,-2.70247809964985,-0.055076083071981,0.154084112864439,12.8856781213926
97,0.0874494054514958,NA,0.495541981694838,-0.581487404705443,0.172539825731916,-0.278239019463501,-3.47650608040754,0.00367743759054616,-0.00348441347215195,0.00106518069250904,0.000669747086076969,0.00448447388090814,3.7824521911034,-2.58226270318573,-0.0284597649624629,0.158312006419692,11.1925796346668
98,0.0832545600084926,NA,0.498909540730693,-0.584989060056883,0.173513231290664,-0.27747823947643,-3.47231123496453,0.00336755903585508,-0.00350165535144071,0.000973405558748056,0.000760779987071148,0.00419484544300331,2.25689034380139,-2.45265104979353,0.00541445672297414,0.155518214910444,9.6126204346092
99,0.0793410712373896,NA,0.501976517048591,-0.588489675606197,0.174451921909864,-0.276642403571085,-3.46839774619343,0.00306697631789887,-0.00350061554931368,0.000938690619199866,0.000835835905345249,0.00391348877110316,0.851736115237145,-2.31505358101458,0.0426424503530143,0.146725648164647,8.14417930030231
100,0.0757002616067508,-417.882399743162,0.504752711311745,-0.59197144570982,0.175407732698906,-0.275750783319583,-3.46475693656279,0.00277619426315333,-0.00348177010362274,0.000955810789042699,0.000891620251502427,0.00364080963063892,-0.435448795315097,-2.17087216469736,0.0793318270098098,0.13329993635125,6.78528098490006
101,0.0723230832342718,NA,0.507248379996637,-0.595417166089349,0.176423022378315,-0.274824183929084,-3.46137975819031,0.0024956686848923,-0.00344572037952964,0.00101528967940888,0.000926599390498726,0.00337717837247888,-1.60752361864525,-2.0214549266484,0.111923794747781,0.11679163833378,5.53357760509243
102,0.0692001563122977,NA,0.509474183544828,-0.598810340257964,0.177527482753409,-0.273883268981142,-3.45825683126834,0.0022258035481909,-0.00339317416861428,0.00110446037509324,0.000940914947942072,0.00312292692197401,-2.66775864815827,-1.86805957696379,0.137468134084884,0.0987798614460189,4.38633837916313
103,0.06632181044619,NA,0.511441131981024,-0.60213526463511,0.178736223342892,-0.27294710640155,-3.45537848540223,0.00196694843619597,-0.00332492437714687,0.00120874058948389,0.000936162579592327,0.00287834586610774,-3.61981915261822,-1.71182740132281,0.15383114771339,0.0807308646244564,3.34045062913901
104,0.067424051199676,NA,0.513160528394304,-0.605377091760887,0.180049227378669,-0.272032038523548,-3.45273480358722,0.00171939641328014,-0.00324182712577633,0.00131300403577612,0.000915067878001668,0.00264368181500687,-4.46774196291244,-1.55376954012354,0.159822527621145,0.063882692415973,2.39243376768172
105,0.0689074335822289,NA,0.514643910776857,-0.608521872799137,0.181452153098175,-0.271150939990027,-3.45031566837247,0.00148338238255298,-0.00314478103825032,0.00140292571950598,0.000881098533520445,0.00241913521474961,-5.21590420532902,-1.39476575952813,0.155234777139412,0.0491636347987878,1.53846689556758
106,0.0701665156108482,NA,0.515902992805476,-0.611556582132681,0.18291833966799,-0.270312885521916,-3.44811080959996,0.0012590820286192,-0.00303470933354353,0.00146618656981577,0.000838054468111039,0.00220485877250997,-5.86898425410709,-1.23557505673944,0.140796500431861,0.0371486527228626,0.774429425405287
107,0.0712131270335039,NA,0.516949604228132,-0.614469128130486,0.18441178061954,-0.269523209371868,-3.44610985297401,0.00104661142265577,-0.00291254599780564,0.00149344095154998,0.000789676150048376,0.00200095662595139,-6.43191551546352,-1.07685619298081,0.118048275794536,0.0280539495634002,0.0959531411126591
108,0.0720591543811954,NA,0.517795631575823,-0.617248354987198,0.185890756581347,-0.268783902950017,-3.44430236862649,0.00084602734769142,-0.00277922685671176,0.00147897596180694,0.000739306421850837,0.00180748434752424,-6.90983408617285,-0.919195360893355,0.0891560335958275,0.021766564373138,-0.501516851727501
109,0.0727164827569661,NA,0.518452959951594,-0.619884040844295,0.18731177741793,-0.268094269747752,-3.44267791880039,0.00065732837577068,-0.00263568585709715,0.00142102083658281,0.000689633202264822,0.00162444982609858,-7.30802188002144,-0.763137709896,0.0566814662761317,0.0179027642843721,-1.02265544398961
110,0.0731969394558105,-417.867595322947,0.518933416650439,-0.622366897189855,0.188633473048051,-0.267451739398844,-3.4412261037854,0.000480456698844404,-0.00248285634556001,0.00132169563012053,0.000642530348907937,0.00145181501498794,-7.63184715310672,-0.609219277407647,0.023331614329436,0.0158867732125145,-1.4721887663427
111,0.0735122401361851,NA,0.519248717330813,-0.624688573813315,0.189820092253459,-0.266852736431741,-3.43993660530347,0.000315300680374599,-0.00232167662346007,0.00118661920540794,0.000599002967103581,0.00128949848192655,-7.88670478755193,-0.45799585336681,-0.00828929671570222,0.0150401689325008,-1.85482716801744
112,0.0736739381968787,NA,0.519410415391507,-0.626841672495951,0.190844317422097,-0.266293503966224,-3.43879922665812,0.000161698060693692,-0.00215309868263597,0.00102422516863803,0.000559232465516381,0.00113737864535493,-8.07795873754458,-0.310066072870541,-0.0359041388264814,0.0146719241911342,-2.17520372132185
113,0.0736933779125625,NA,0.519429855107191,-0.628819771209732,0.191689176606162,-0.265770797147205,-3.43780392911839,1.94397156837615e-05,-0.00197809871378111,0.000844859184065263,0.000522706819019457,0.000995297539730207,-8.21088910186063,-0.166086375088526,-0.0577444882310374,0.0141597541869487,-2.43782151358118
114,0.0735816517555005,NA,0.519318128950129,-0.630617459059146,0.192348925719229,-0.265282383376481,-3.43694086419808,-0.000111726157061969,-0.00179768784941326,0.000659749113067483,0.00048841377072409,0.000863064920314293,-8.29064584820571,-0.0267765852868251,-0.0726754598190382,0.0130150431232323,-2.64701244361731
115,0.0733495621880182,NA,0.519086039382646,-0.632230380625173,0.192828874303687,-0.264827313653721,-3.43620040169298,-0.000232089567482238,-0.0016129215660271,0.00047994858445767,0.000455069722760023,0.000740462505096167,-8.32221073210349,0.107084540559299,-0.0802553410039764,0.0109258758129727,-2.80690899387537
116,0.0730075880636247,NA,0.518744065258253,-0.633655286937709,0.193144227725002,-0.264405958420647,-3.43557315354169,-0.00034197412439351,-0.00142490631253626,0.000315353421314977,0.000421355233073675,0.000627248151290348,-8.31036813735864,0.234673325394397,-0.080728030411592,0.00777539696628082,-2.92142961541231
117,0.0725658556350359,NA,0.518302332829664,-0.634890089096781,0.193318107091144,-0.264019828945767,-3.43504999375652,-0.000441732428588788,-0.00123480215907234,0.000173879366142061,0.000386129474879989,0.000523159785169162,-8.25968486765305,0.355143674823921,-0.0749525270293816,0.00363561184713035,-2.99427691231813
118,0.072034114048634,NA,0.517770591243262,-0.63593390968959,0.193378977484265,-0.26367122850448,-3.43462207481777,-0.000531741586401882,-0.00104382059280837,6.08703931214417e-05,0.000348600441287394,0.000427918938751409,-8.174498009339,0.467656296336827,-0.0642793588667701,-0.0012605335086846,-3.02894684807598
119,0.0714217151099442,NA,0.517158192304572,-0.63678712670995,0.193357759207777,-0.263362794372657,-3.43428084102661,-0.000612398938689828,-0.000853217020359787,-2.12182764886395e-05,0.000308434131823155,0.000341233791162589,-8.05890973481382,0.571412155068174,-0.050388573527016,-0.00656399265608343,-3.02874646479268
120,0.0707375970445283,-417.867895367571,0.516474074239156,-0.637451404667489,0.193284913258661,-0.263097000024312,-3.43401803936003,-0.000684118065415892,-0.000664277957539168,-7.28459491158357e-05,0.000265794348344755,0.000262801666580394,-7.91678716041133,0.665687655327929,-0.0351065574477616,-0.0118646613600504,-2.99681684509778
121,0.0699902719458088,NA,0.515726749140437,-0.637929708042742,0.19318778030584,-0.2628756869234,-3.43382572836858,-0.00074732509871953,-0.00047830337525331,-9.7132952820475e-05,0.000221313100912279,0.000192310991442901,-7.75176572858527,0.749868535763198,-0.0202204586230437,-0.0167496256153754,-2.93615811585823
122,0.069187816598431,NA,0.514924293793059,-0.638226293140476,0.193088414362534,-0.262699686932284,-3.43369628560651,-0.000802455347377793,-0.000296585097734148,-9.93659433065434e-05,0.000175999991115756,0.000129442762074084,-7.5672543454175,0.823479721248077,-0.00730823046524165,-0.0208573533200251,-2.84965331218245
123,0.0683378663837666,NA,0.514074343578395,-0.638346675633121,0.193002092375837,-0.262568581366115,-3.43362241399341,-0.000849950214664353,-0.000120382492644429,-8.63219866971224e-05,0.000131105566169261,7.38716131001397e-05,-7.3664409740104,0.886208784436349,0.00240001043039229,-0.0239217837361139,-2.74008839312501
124,0.0674476120058916,NA,0.51318408920052,-0.638297572613382,0.192936605395316,-0.262480622886677,-3.43359714738932,-0.000890254377875,4.91030197388518e-05,-6.54869805205317e-05,8.79584794381521e-05,2.52666040906921e-05,-7.15229776176329,0.937920930823566,0.00811735390016111,-0.0258015813869861,-2.61016638148703
125,0.066523798817995,NA,0.512260276012623,-0.638086819610891,0.192892353883307,-0.262432824475523,-3.43361385553526,-0.000923813187896589,0.000210753002490805,-4.4251512009742e-05,4.7798411153892e-05,-1.67081459386349e-05,-6.92758497791601,0.978664423314513,0.00954514746354107,-0.0264919714254575,-2.462514478907
126,0.06557272856948,NA,0.511309205764108,-0.637723264625202,0.192863187792113,-0.262421198250375,-3.43366624838111,-0.000951070248514893,0.000363554985689083,-2.91660911931228e-05,1.16262251476294e-05,-5.23928458558982e-05,-6.69485367950529,1.0086662143749,0.00686606256294908,-0.0261186954730874,-2.29968371343148
127,0.0646002634307666,NA,0.510336740625395,-0.637216642677915,0.192837859705481,-0.262441108466229,-3.43374837970815,-0.000972465138713399,0.000506621947287361,-2.53280866327545e-05,-1.99102158537737e-05,-8.2131327036e-05,-6.45644716371407,1.02831821550353,0.000688873456056172,-0.0249158011911277,-2.12414170675856
128,0.0636118321804769,NA,0.509348309375105,-0.636577435509092,0.192801903830752,-0.262487689680299,-3.43385464986337,-0.00098843125028968,0.000639207168822111,-3.59558747283702e-05,-4.6581214070199e-05,-0.000106270155220102,-6.21450159883352,1.03815573538668,-0.00804655485353578,-0.0231907546321963,-1.93825973838102
129,0.0626124384543145,NA,0.508348915648943,-0.635816721773277,0.192739720027728,-0.262556274403425,-3.43397980736604,-0.000999393726162401,0.000760713735815739,-6.21838030242771e-05,-6.858472312621e-05,-0.00012515750267114,-5.97094648071561,1.03883008421235,-0.0181918949238025,-0.021281891235958,-1.74429588184921
130,0.0616066709565574,-417.805146303237,0.507343148151185,-0.634946023377182,0.192636632768868,-0.262642774873706,-3.43411894912886,-0.00100576749775712,0.000870698396094429,-0.000103087258860026,-8.650047028112e-05,-0.000139141762820258,-5.72750559285851,1.03107774179989,-0.02852631382666,-0.0195136686897968,-1.54437644027894
131,0.0605987155213268,NA,0.506335192715955,-0.6339771534258,0.19248071030646,-0.262743971013328,-3.43426751905423,-0.0010079554352306,0.000968869951382407,-0.000155922462408035,-0.000101196139621391,-0.000148569925367631,-5.48569931311249,1.01568870832125,-0.037890624753345,-0.0181555242306786,-1.34047780534274
132,0.0595923688843492,NA,0.505328846078977,-0.632922070677267,0.192264166282443,-0.262857669831618,-3.43442130482251,-0.00100634663697765,0.00105508274853281,-0.000216544024017007,-0.00011369881829021,-0.000153785768288243,-5.24684899232852,0.993476368194024,-0.0453058169114229,-0.0173892959764999,-1.13441110784152
133,0.0585910539907173,NA,0.504327531185345,-0.631792744486737,0.191984220314676,-0.262982718792412,-3.43457643276953,-0.00100131489363182,0.00112932619052952,-0.000279945967766648,-0.000125048960794388,-0.000155127947014971,-5.01208393643537,0.965251076081586,-0.0500642630640868,-0.0172889690475131,-0.927811248061516
134,0.0575978366231096,NA,0.503334313817738,-0.630601033094811,0.191643358814136,-0.263118874821858,-3.43472936085025,-0.000993217367607695,0.00119171139192592,-0.000340861500540527,-0.000136156029445967,-0.000152928080717078,-4.78235137563843,0.93179891678119,-0.0517856921078419,-0.0178149201701672,-0.722131692896255
135,0.056615443095254,NA,0.502351920289882,-0.62935857687714,0.191249005053714,-0.263266549263767,-3.43487686979159,-0.000982393527855601,0.00124245621767183,-0.000394353760422027,-0.00014767444190903,-0.000147508941345836,-4.5584294133505,0.893866622959649,-0.0504341926443885,-0.0188229682862584,-0.51864565023152
136,0.05564627872359,NA,0.501382755918218,-0.628076706949825,0.190812670892386,-0.263426464764665,-3.43501605263537,-0.000969164371664085,0.00128186992731499,-0.000436334161327979,-0.00015991550089762,-0.000139182843777962,-4.34094258423556,0.852152921879679,-0.046296866571538,-0.0200866094246521,-0.318453471663815
137,0.0546924467702526,NA,0.500428923964881,-0.626766368430091,0.190348714645253,-0.263599270990937,-3.43514430295502,-0.00095383195333732,0.00131033851973313,-0.000463956247132601,-0.000172806226272078,-0.000128250319645856,-4.13037940120375,0.807305959256155,-0.0399289763208799,-0.021329307742235,-0.122495619052643
138,0.0537557675470636,NA,0.499492244741692,-0.625438056777737,0.189872865287658,-0.263785170957268,-3.43525930208609,-0.000936679223189072,0.0013283116523542,-0.000475849357594903,-0.000185899966330583,-0.000114999131074545,-3.92711100460019,0.759925889610713,-0.0320737643733082,-0.0222625584456182,0.0684301255660102
139,0.0528377973856519,NA,0.49857427458028,-0.624101765046272,0.189400689445367,-0.263983607895673,-3.43535900573551,-0.000917970161411675,0.00133629173146559,-0.000472175842291825,-0.000198436938405408,-9.97036494186721e-05,-3.73140985573173,0.71057135414776,-0.0235673786619373,-0.0226247180989958,0.253648868238088
140,0.0519398472114129,-417.751988714387,0.497676324406041,-0.622766939613495,0.188946173428868,-0.264193054514043,-3.43544163032817,-0.000897950174239005,0.00133482543277617,-0.000454516016498924,-0.000209446618369698,-8.26245926553979e-05,-3.54346747087675,0.659768172681652,-0.0152404538766859,-0.0222157581220017,0.43258798655188
141,0.051063000506428,NA,0.496799477701056,-0.621442441990373,0.188520569399079,-0.264410933193424,-3.43550563941186,-0.000876846704984908,0.00132449762312228,-0.000425604029788946,-0.00021787867938149,-6.40090836991343e-05,-3.36341028173592,0.608018753496253,-0.00782754739248048,-0.0209236685577707,0.604757515816345
142,0.0502081305034296,NA,0.495944607698058,-0.620136514671265,0.18813161613996,-0.264633678851557,-3.43554973038027,-0.000854870002998454,0.00130592731910798,-0.00038895325911833,-0.000222745658132426,-4.40909684081162e-05,-3.19131296294017,0.55581041408459,-0.00189403124295495,-0.0187393567330219,0.769732995991035
143,0.0493759165152921,NA,0.49511239370992,-0.618856749526235,0.187783195736911,-0.264856937999167,-3.43557282169382,-0.000832213988137509,0.00127976514502984,-0.000348420403049698,-0.000223259147610599,-2.30913135437908e-05,-3.0272087707317,0.503621578218372,0.00221240611608664,-0.0157583843929388,0.927142007753901
144,0.0485668593633374,NA,0.494303336557965,-0.617610057968584,0.187475434006507,-0.265075880417426,-3.43557404069242,-0.000809057151954656,0.00124669155765162,-0.000307761730403442,-0.000218942418258569,-1.21899859976223e-06,-2.87109690589205,0.451924674393922,0.00438182723883074,-0.0121696950827754,1.07665499115228
145,0.0477812959219672,NA,0.493517773116595,-0.616402642867547,0.187205201111616,-0.265285585620806,-3.43555271200864,-0.000785563441370251,0.00120741510103638,-0.000270232894891016,-0.000209705203380359,2.13286837782286e-05,-2.72294698334008,0.401185508280832,0.00473332818273775,-0.00823281254724861,1.21798055204181
146,0.047019412836795,NA,0.492755890031423,-0.615239972893202,0.186966925336469,-0.265481457097895,-3.43550834651574,-0.00076188308517215,0.00116266997434541,-0.000238275775146764,-0.000195871477089032,4.43654928986304e-05,-2.58270122344584,0.35185901595014,0.00358054478510894,-0.00424673942234222,1.35086488626257
147,0.0463839557322827,NA,0.492017736695507,-0.614126760547948,0.186753602252263,-0.265659613925776,-3.43544063068832,-0.000738153335915824,0.00111321234525358,-0.000213323084206194,-0.000178156827881046,6.77158274164685e-05,-2.45027490052507,0.304381980527069,0.00137724327942124,-0.000514455109623668,1.47509458031436
148,0.0462927412645198,NA,0.491303237577998,-0.613066945517623,0.18655786639002,-0.265817212393331,-3.43534941622056,-0.000714499117509516,0.0010598150303255,-0.000195735862243542,-0.000157598467554177,9.12144677629041e-05,-2.32555589377625,0.259163533655737,-0.0013492075368049,0.00269242946160375,1.59050164256769
149,0.0461780347804317,NA,0.490612203994705,-0.612063685112006,0.18637299410496,-0.2659526591086,-3.43523470973647,-0.000691033583293012,0.00100326040561636,-0.000184872285059764,-0.000135446715269249,0.000114706484088182,-2.20840406655043,0.216574577507345,-0.00406771448524523,0.00516455770593893,1.69696964860577
150,0.0460399874873891,-417.726506279567,0.489944345390929,-0.611119353464446,0.186193723440879,-0.266065690790506,-3.43509666244343,-0.000667858603776088,0.000944331647560028,-0.00017927066408063,-0.000113031681906315,0.000138047293042748,-2.09865122315023,0.176937293190349,-0.0063081222378969,0.00677743173582712,1.79443957392778
151,0.0458788846584093,NA,0.489299280179261,-0.610235550834168,0.18601680673057,-0.266157312444229,-3.43493555961445,-0.000645065211667381,0.000883802630278135,-0.000176916710309732,-9.16216537233169e-05,0.000161102828979888,-1.99610212803236,0.140515899147431,-0.00771321424508642,0.00750326194065565,1.88291431754806
152,0.045695134879618,NA,0.488676546141504,-0.60941312385115,0.185841249801039,-0.266229603201297,-3.43475180983566,-0.00062273403775693,0.000822426983017999,-0.000175556929530254,-7.22907570679611e-05,0.0001837497787914,-1.90053696144332,0.107509629856395,-0.00807278070169559,0.0074107083491981,1.96246095526931
153,0.0454892590565685,NA,0.488075610371272,-0.608652196926641,0.185668233398069,-0.266285415115686,-3.43454593401261,-0.000600935770232112,0.000760926924509229,-0.000173016402970044,-5.58119143886792e-05,0.000205875823049217,-1.81171525355239,0.0780486220719467,-0.00733675847186532,0.00665299012325704,2.03321023832359
154,0.045261879232116,NA,0.487495878706394,-0.607952214389228,0.18550075184163,-0.266328003051284,-3.43431855418816,-0.000579731664878109,0.000699982537412905,-0.000167481556439412,-4.25879355978496e-05,0.000227379824452435,-1.72938112939391,0.0521930883223831,-0.00560753505851608,0.00544601277852053,2.09535309636522
155,0.0450137073168784,NA,0.486936704582963,-0.607311992265617,0.185343036884308,-0.2663606314398,-3.43407038227292,-0.000559174123430795,0.000640222123611257,-0.000157714957321839,-3.26283885158857e-05,0.000248171915237531,-1.6532694360194,0.0299358265465344,-0.00311374321881885,0.00403967021611606,2.14913453703502
156,0.0447455338732601,NA,0.486397397237301,-0.60672977808359,0.185199856854622,-0.266386205743904,-3.4338022088293,-0.000539307345662611,0.000582214182027253,-0.000143180029686225,-2.55743041045299e-05,0.000268173443618204,-1.58311222548946,0.011207733905394,-0.000170348357642069,0.00268591747953906,2.1948452530296
157,0.0444582171120156,NA,0.48587722919071,-0.606203316681537,0.185075790896483,-0.266406972214466,-3.43351489206806,-0.000520168046590362,0.000526461402052878,-0.000124065958138529,-2.07664705621341e-05,0.000287316761244646,-1.51864492067944,-0.00411427208746318,0.0028690959652522,0.00160786498781817,2.23281195246727
158,0.0441526722631926,NA,0.485375442972131,-0.605729919776483,0.184974574275867,-0.266424319996968,-3.43320934721923,-0.000501786218579543,0.000473396905053894,-0.000101216620616208,-1.73477825011293e-05,0.000305544848823033,-1.45961158352748,-0.0161976163326472,0.00566124015222158,0.000973653300206934,2.26338714355734
159,0.0438298614671084,NA,0.484891257064103,-0.605306537025643,0.184898595081225,-0.266438706004274,-3.43288653642315,-0.000484185908027516,0.000423382750840005,-7.59791946418098e-05,-1.43860073069303e-05,0.000322810796084098,-1.40576875480747,-0.0252437001790895,0.00791657612353447,0.000878224568623409,2.28693933308932
160,0.043490784299093,-417.711725247982,0.484423871094125,-0.604929826456331,0.184848597506553,-0.266449706884304,-3.43254745925513,-0.000467385969978355,0.000376710569311927,-4.99975746722387e-05,-1.10008800296803e-05,0.000339077168015518,-1.35688749367091,-0.0314775655851918,0.00943262989494542,0.00133511491640093,2.30384447547749
161,0.0431364690018343,NA,0.483972470329555,-0.604596222447603,0.184823616163439,-0.266456186340845,-3.43219314395787,-0.000451400764569546,0.000333604008728284,-2.4981343114333e-05,-6.47945654045204e-06,0.000354315297258567,-1.31275355784055,-0.0351384358054929,0.0101131769270069,0.00227881798764429,2.31447916064553
162,0.0427679644530521,NA,0.483536229567875,-0.604301999851802,0.184821133891347,-0.266456551629573,-3.43182463940909,-0.000436240761679727,0.000294222595801177,-2.48227209120609e-06,-3.65288727872749e-07,0.000368504548782369,-1.27316576083558,-0.0364716760259398,0.00997203017050197,0.00357718590748846,2.31921595457152
163,0.0423863328517977,NA,0.483114316538686,-0.604043333301991,0.184837426478572,-0.266449062521374,-3.43144300780784,-0.000421913029189637,0.000258666549810553,1.62925872246891e-05,7.4891081984522e-06,0.000381631601254563,-1.23793285581542,-0.0357225337666023,0.00912201528535661,0.00505178718412935,2.31842093057821
164,0.0419926430694155,NA,0.482705894948384,-0.603816351211937,0.184868035460372,-0.266432150357948,-3.43104931802546,-0.000408421590301899,0.000226982090054315,3.06089818000026e-05,1.69121634263338e-05,0.000393689782382107,-1.20686936384118,-0.0331317949076038,0.0077517614727185,0.0065033879081966,2.31245315660544
165,0.0415879645850206,NA,0.482310127298095,-0.603617184380222,0.184908296974468,-0.266404704884115,-3.43064463954106,-0.00039576765028927,0.000199166831714441,4.0261514096347e-05,2.74454738329821e-05,0.00040467848439517,-1.17979101048604,-0.0289332194824965,0.00609421988428949,0.00773901433603896,2.30166569281209
166,0.041173361911282,NA,0.481926177593993,-0.603442009431123,0.184953852242531,-0.266366292035386,-3.43023003686732,-0.000383949704102084,0.000175174949098838,4.55552680627314e-05,3.84128487288616e-05,0.000414602673738735,-1.15651029148012,-0.0233524770010263,0.00439187772371952,0.00859706915434799,2.28640757711673
167,0.0407498894170111,NA,0.481553214046098,-0.60328708751939,0.185001072950864,-0.266317276028555,-3.42980656437305,-0.000372963547894304,0.000154921911733691,4.72207083330903e-05,4.90160068306706e-05,0.000423472494270693,-1.13683273525567,-0.016607087900411,0.00286356907963636,0.00896730171007221,2.26702612167173
168,0.0403185864670501,NA,0.48119041181884,-0.603148798830564,0.18504735107787,-0.266258832569199,-3.42937526142309,-0.000362802227258489,0.000138288688825762,4.62781270060364e-05,5.8443459356158e-05,0.000431302949960857,-1.12055436659375,-0.0089070101694233,0.00167726284416858,0.00880317713836121,2.24386887907713
169,0.0398804728215993,NA,0.480836955862088,-0.603023673369233,0.185091225077607,-0.266192854591411,-3.42893714777764,-0.000353455956751314,0.000125125461331224,4.38739997366055e-05,6.59779777878615e-05,0.000438113645450983,-1.10746053849198,-0.000455252688880137,0.000932199100134312,0.00812546375072998,2.21728487417749
170,0.039436544266032,-417.697953339983,0.480492043815092,-0.602908418428848,0.185132339019057,-0.266121766210575,-3.42849321922207,-0.0003449120469964,0.000115254940384764,4.11139414498735e-05,7.10883808362054e-05,0.000443928555567092,-1.09732629425707,0.00855176324421336,0.000652077005725005,0.0070167635612961,2.18762470069578
171,0.0389877684717184,NA,0.480154888945714,-0.602799942973711,0.185171254802049,-0.266048272097156,-3.42804444342776,-0.000337154869377736,0.000108475455136639,3.89157829924901e-05,7.34941134190842e-05,0.000448775794313535,-1.08991806996528,0.0179244045739324,0.000789374325904646,0.00560822570605524,2.155239379249
172,0.0385350811144751,NA,0.479824723063746,-0.602695378985076,0.185209156855761,-0.265975077122611,-3.42759175607052,-0.000330165881968388,0.000104563988635125,3.79020537121834e-05,7.31949745453134e-05,0.000452687357243354,-1.08499652583305,0.0274806996003463,0.00123939003060514,0.0040604857076687,2.12047805632665
173,0.0380793822958125,NA,0.479500799336431,-0.602592099648778,0.185247501077223,-0.265904613828896,-3.42713605725185,-0.00032392372731483,0.000103279336298082,3.83442214610451e-05,7.04632937142367e-05,0.000455698818662756,-1.08231998979136,0.0370479097000498,0.0018612308849697,0.00254164490343101,2.08368482617516
174,0.0376215333217393,NA,0.479182394933667,-0.60248773414539,0.185287663949807,-0.265838812883945,-3.42667820827778,-0.000318404402763693,0.000104365503387939,4.01628725844369e-05,6.58009449518895e-05,0.000457848974073013,-1.08164810114886,0.0464645910369654,0.00250222285558266,0.00120534195957589,2.04519503938627
175,0.0371623538941468,NA,0.478868813439473,-0.602380178741204,0.185330643540847,-0.265778944587721,-3.42621902885019,-0.00031358149419487,0.000107555404185911,4.2979591039568e-05,5.98682962233964e-05,0.000459179427592757,-1.08274522631291,0.0555829427639765,0.00302192518120137,0.000171882561517123,2.00533150064075
176,0.0367026197585383,NA,0.478559386986866,-0.602267603885884,0.185376852643764,-0.265725548899458,-3.42575929471458,-0.000309426452606584,0.000112574855320668,4.62091029171969e-05,5.33956882631689e-05,0.000459734135608508,-1.08538313156714,0.0642711563614284,0.00331230467054411,-0.000485207465317217,1.96440107515627
177,0.0362430608359414,NA,0.47825347809557,-0.602148457098225,0.185426027721971,-0.26567845886339,-3.42529973579198,-0.000305908891295655,0.000119146787658681,4.91750782074496e-05,4.70900360679304e-05,0.000459558922596896,-1.08934278841843,0.0724154756426287,0.00331139801801328,-0.000745647525945969,1.92269194428718
178,0.0357843598440435,NA,0.477950481217859,-0.602021461547334,0.185477258282457,-0.265636909532435,-3.42484103480008,-0.00030299687771087,0.000126995550891161,5.12305604861122e-05,4.15493309554796e-05,0.000458700991897848,-1.09441510403485,0.079921738347366,0.00300893645999167,-0.000641363726572308,1.88047185304185
179,0.0353271513904541,NA,0.477649824020099,-0.601885610398,0.185529122751237,-0.265599713310606,-3.42438382634649,-0.000300657197760434,0.000135851149333522,5.18644687798095e-05,3.71962218285422e-05,0.000457208453589264,-1.10040067340833,0.0867162225404172,0.00244367299728765,-0.000248487594944891,1.8379873762342
180,0.0348720215013998,-417.685486046758,0.477350968444422,-0.601740157158774,0.185579901726748,-0.265565474551568,-3.42392869645744,-0.000298855575677382,0.000145453239226098,5.07789755104493e-05,3.42387590380791e-05,0.000455129889054065,-1.10710872775144,0.0927457290345046,0.0016934689028858,0.00032612945233268,1.79546414130982
181,0.0344195075343272,NA,0.477053411603263,-0.601584602426455,0.185627829599605,-0.265532812206612,-3.42347618249037,-0.000297556841158579,0.000155554732319281,4.79278728572405e-05,3.26623449560923e-05,0.000452513967072655,-1.11435560256723,0.0979769248488083,0.000860149498294049,0.000961758246376121,1.75310784243266
182,0.033970098414918,NA,0.476756686558778,-0.601418677535187,0.185671342328611,-0.265500559849163,-3.42302677337096,-0.000296725044484638,0.000165924891267532,4.35127290057968e-05,3.22523574488042e-05,0.000449409119409314,-1.12196308293733,0.102395084695672,5.18724618814304e-05,0.00154143151576136,1.71110577753097
183,0.0335242351406504,NA,0.47646036302983,-0.601242325711112,0.185709282494919,-0.265467917194617,-3.42258091009669,-0.000296323528948603,0.000176351824075078,3.79401663086613e-05,3.26426545456271e-05,0.000445863274267755,-1.12975698641549,0.106002299844477,-0.000634169055047096,0.00196787709683122,1.66962850755681
184,0.0330823114987262,NA,0.476164048051628,-0.601055681355154,0.185741032025072,-0.265434535371406,-3.42213898645477,-0.00029631497820213,0.000186644355958259,3.17495301526196e-05,3.33818232109258e-05,0.000441923641924088,-1.13756634618767,0.108815428347953,-0.0011260084420428,0.00217564888771449,1.62883145264914
185,0.0326446749598364,NA,0.475867386593377,-0.6008590480601,0.18576655632109,-0.265400528493399,-3.42170134991588,-0.000296661458250363,0.000196633295054232,2.55242960178765e-05,3.40068780074672e-05,0.000437636538889917,-1.14522332296474,0.110863942381911,-0.00138611881084216,0.00213795260606275,1.5888560676558
186,0.0322116277238522,NA,0.475570062116023,-0.600652875927549,0.185786358506748,-0.265366414994035,-3.42126830267989,-0.000297324477354007,0.00020617213255046,1.98021856585554e-05,3.41134993641687e-05,0.000433047235984285,-1.15256403205422,0.112187780132444,-0.00141454563618026,0.00186748764008371,1.54983051857016
187,0.0317834279089584,NA,0.475271797032601,-0.600437738674716,0.185801356890449,-0.265333001916734,-3.420840102865,-0.000298265083422516,0.000215137252833089,1.4998383700504e-05,3.34130773005309e-05,0.000428199814893973,-1.15943018897724,0.112835356844698,-0.00124585028515867,0.0014116295687927,1.51186978882834
188,0.0313602908885233,NA,0.474972353020085,-0.600214310940341,0.185812710104106,-0.265301232839796,-3.42041696584456,-0.000299444012515679,0.000223427734375039,1.13532136570942e-05,3.17690769387026e-05,0.00042313702043485,-1.16567137638413,0.112861777665785,-0.000940824520512251,0.000842924237076659,1.475075287658
189,0.0309423907875335,NA,0.47467153112387,-0.599983346133561,0.185821621335413,-0.265272024124704,-3.41999906574357,-0.000300821896215012,0.000230964806780506,8.91123130758955e-06,2.92087150919419e-05,0.000417900100989915,-1.17114772592686,0.112327214765173,-0.000574590330870706,0.000246614035859238,1.43953414863063
190,0.0305298621524628,-417.67505604294,0.474369171598325,-0.599745655103988,0.18582915428919,-0.265246114420181,-3.4195865371085,-0.000302359525544884,0.000237691029572066,7.53295377700745e-06,2.59097045224992e-05,0.000412528635070528,-1.17573263082704,0.111295467490891,-0.00022335996163747,-0.000292819208880246,1.4053184270324
191,0.0301228018049655,NA,0.474065153436128,-0.599502085871871,0.185836089587729,-0.265223948909169,-3.41917947676101,-0.000304018162196766,0.000243569232117701,6.93529853824514e-06,2.21655110118347e-05,0.000407060347497175,-1.17931520833281,0.10983262143327,4.79951722809346e-05,-0.000704050080457819,1.37248441944848
192,0.0297212708810726,NA,0.473759393556661,-0.599253504633919,0.185842841956721,-0.265205613419444,-3.41877794583711,-0.000305759879467924,0.000248581237951753,6.75236899232485e-06,1.83354897253965e-05,0.000401530923892817,-1.18180216418295,0.108005755237173,0.000195608436115435,-0.000938521225180011,1.3410723255447
193,0.029325297046463,NA,0.473451845642932,-0.599000778249582,0.185849447086514,-0.265190825183706,-3.4183819720025,-0.000307547913728293,0.000252726384336707,6.60512979285473e-06,1.47882357376168e-05,0.000395973834609568,-1.18311895676015,0.105881654803852,0.000202027763407386,-0.000975993543761433,1.31110636971243
194,0.0289348768642199,NA,0.473142498639794,-0.598744758399043,0.185855615107914,-0.265178978213804,-3.41799155182026,-0.00030934700313847,0.00025601985053921,6.1680213998807e-06,1.18469699020902e-05,0.000390420182243086,-1.18321006254973,0.10352554909332,7.68966401665239e-05,-0.000825513097879593,1.28259552809595
195,0.0285499782826677,NA,0.472831374945519,-0.598486267589402,0.185860836625076,-0.265169233241936,-3.41760665323871,-0.000311123694274995,0.000258490809640965,5.22151716246808e-06,9.74497186826657e-06,0.00038489858155233,-1.1820384446537,0.100999877190588,-0.000146975480674882,-0.000521965262123558,1.25553467682948
196,0.0281705432008148,NA,0.472518528344889,-0.598226087159526,0.185864519289061,-0.265160636091021,-3.41722721815686,-0.000312846600629977,0.000260180429876214,3.68266398483668e-06,8.59715091460443e-06,0.000379435081853073,-1.17958431246734,0.0983631332474033,-0.000421160848418367,-0.000119010792332119,1.22990622685393
197,0.0277964900677889,NA,0.472204041741638,-0.597964947390649,0.185866129073478,-0.265152245100476,-3.41685316502383,-0.000314486603250784,0.000261139768877106,1.60978441650347e-06,8.3909905456371e-06,0.000374053133025855,-1.17584338113375,0.0956688609221601,-0.000691273953634663,0.00032024843221734,1.20568191050552
198,0.0274277164727481,NA,0.471888024750337,-0.59770351976107,0.185865311236067,-0.265143248109832,-3.41648439142879,-0.000316016991300888,0.000261427629579129,-8.17837410900105e-07,8.99699064413469e-06,0.000368773595040778,-1.17082489794029,0.0929649013414746,-0.000906948685042153,0.00073331023031642,1.18282466871733
199,0.0270641016901974,NA,0.47157061120333,-0.597442411320713,0.185861970865237,-0.265133052345716,-3.41612077664624,-0.000317413547007079,0.000261108440356751,-3.34037082949567e-06,1.01957641151074e-05,0.000363614782550567,-1.16454968633661,0.0902928860568863,-0.00103046204458224,0.00106744892036659,1.16129030800494
200,0.0267055091534689,-417.666397486857,0.471251956619912,-0.597182161072832,0.185856301192345,-0.265121335807362,-3.41576218410951,-0.000318654583418212,0.000260250247880931,-5.66967289217114e-06,1.17165383548568e-05,0.00035859253672838,-1.15704836957775,0.0876880824307591,-0.00104254468169529,0.00128667409171612,1.14102892894152
201,0.0263517888420108,NA,0.470932235670665,-0.596923238188943,0.185848757522766,-0.265108055416876,-3.41540846379805,-0.000319720949246747,0.000258922883888594,-7.54366957898311e-06,1.32803904859131e-05,0.000353720311457935,-1.14836001159802,0.0851795084599871,-0.000944635871746868,0.00137556980916997,1.12198591068591
202,0.0260027795783428,NA,0.470611639656357,-0.596666041833346,0.185839984300325,-0.265093414179516,-3.41505945453438,-0.000320596014308407,0.000257196355597751,-8.77322244121502e-06,1.4641237359819e-05,0.000349009263667836,-1.13853118079987,0.0827902857736262,-0.000757370912651822,0.00133965613713372,1.10410252489146
203,0.0256583112381992,NA,0.470290374009455,-0.596410902324484,0.185830710849361,-0.265077795693507,-3.41471498619424,-0.000321265646901616,0.000255139508862094,-9.27345096355469e-06,1.56184860089836e-05,0.000344468340143576,-1.12761538787254,0.0805382359203577,-0.000515728970640339,0.00120252479973715,1.08731625346081
204,0.0253182068838185,NA,0.469968655815986,-0.596158083392922,0.185821635798479,-0.265061678883879,-3.41437488183986,-0.000321718193468739,0.000252818931562009,-9.07505088225099e-06,1.61168096280183e-05,0.000340104354380605,-1.11567288570313,0.0784364340233878,-0.000262057824329531,0.00100037482297921,1.07156084084181
205,0.0249822848291257,NA,0.469646711352718,-0.59590778528601,0.185813321417314,-0.265045547833983,-3.41403895978517,-0.000321944463268146,0.000250298106911961,-8.31438116485063e-06,1.61310498959197e-05,0.000335922054692764,-1.10277057899566,0.0764938607744625,-3.81385234504705e-05,0.000775112312112469,1.05676635655527
206,0.0246503606422679,NA,0.469324773635176,-0.595660148545145,0.185806116148261,-0.26502981121595,-3.41370703559831,-0.000321937717542611,0.00024763674086449,-7.20526905342326e-06,1.57366180327561e-05,0.000331924186857922,-1.08898193275309,0.074715848654705,0.000122122969514749,0.000567164875064918,1.04285934924064
207,0.0243222490849653,NA,0.469003079977506,-0.595415258327929,0.185800117740086,-0.265014743121459,-3.41337892404101,-0.000321693657670023,0.000244890217216372,-5.99840817436998e-06,1.50680944913894e-05,0.000328111557302442,-1.07438670056581,0.0731044087842747,0.000198185716726584,0.000409199287787487,1.02976320135895
208,0.0239977659780823,NA,0.468681869574498,-0.595173149208657,0.185795181505562,-0.265000452653099,-3.41305444093412,-0.000321210403007407,0.000242109119271984,-4.9362345240188e-06,1.42904683592608e-05,0.000324483106883093,-1.0590703283242,0.0716583758730849,0.000185648900696833,0.000321696234095725,1.01739884769358
209,0.0236767299763847,NA,0.468361381125629,-0.594933810433641,0.185790969957173,-0.2649868844428,-3.41273340493243,-0.000320488448869203,0.000239338775015719,-4.21154838983364e-06,1.35682102992507e-05,0.000321036001697814,-1.04312300607035,0.0703734212947893,9.59948920353781e-05,0.000310887457999343,1.00568574453064
210,0.0233589642276777,-417.659215096366,0.468041850531111,-0.594697191637824,0.185787032769063,-0.264973846932672,-3.41241563918372,-0.000319530594517556,0.000236618795816929,-3.93718810992608e-06,1.30375101285574e-05,0.000317765748707136,-1.02663833104089,0.0692419706638248,-4.6513832785422e-05,0.00036927076507709,0.994543150909522
211,0.0230442978903613,NA,0.467723508696274,-0.594463209024906,0.185782901083901,-0.264961061136379,-3.4121009728464,-0.000318341834837471,0.000233982612918264,-4.13168516127635e-06,1.27857962928764e-05,0.000314666337316328,-1.00971169615605,0.0682531378970452,-0.000210047801374458,0.000478257220493106,0.983891494570344
212,0.0227325674830143,NA,0.467406579484216,-0.594231751968866,0.185778178492615,-0.264948219626329,-3.41178924243905,-0.000316929212057945,0.000231457056040143,-4.72259128668652e-06,1.28415100502114e-05,0.000311730407346908,-0.992438487514846,0.0673928138894553,-0.000361429215445241,0.000612501480645733,0.97365379644998
213,0.0224236180462398,NA,0.467091277854664,-0.594002689959354,0.185772612384635,-0.2649350449337,-3.41148029300228,-0.000315301629552092,0.00022906200951164,-5.56610797988779e-06,1.31746926283617e-05,0.000308949436774549,-0.974912281890283,0.0666438876351094,-0.000472253418593027,0.000744823296372488,0.963756898499923
214,0.0221173041051226,NA,0.466777808221615,-0.593775879738708,0.185766133787167,-0.264921337407891,-3.41117397906116,-0.000313469633049043,0.000226810220645944,-6.4785974679686e-06,1.37075258090727e-05,0.000306313941117408,-0.957223164164134,0.0659867390595537,-0.000523757535120239,0.000851043182592548,0.954132426045362
215,0.0218134904299179,NA,0.46646636305314,-0.593551172407831,0.185758860296646,-0.264907005377676,-3.41087016538596,-0.000311445168474713,0.000224707330876963,-7.27349052114015e-06,1.43320302148143e-05,0.000303813675204491,-0.939456309652087,0.0654000024269408,-0.000509585333929863,0.000913775579647336,0.944717426136776
216,0.0215120526050456,NA,0.466157121725139,-0.593328420245025,0.185751063666792,-0.264892074055828,-3.41056872756109,-0.000309241328001483,0.000222752162806325,-7.79662985342958e-06,1.4931321848118e-05,0.000301437824872219,-0.921690930795194,0.0648614866349817,-0.000436136815551436,0.000924713958738721,0.935454550585746
217,0.0212128774235576,NA,0.465850249629654,-0.593107482946649,0.185743110089568,-0.264876673694369,-3.4102695523796,-0.000306872095484628,0.000220937298375558,-7.953577223958e-06,1.54003614596401e-05,0.000299175181488165,-0.903999597881011,0.0643492631979825,-0.000320535491482588,0.000885086706148286,0.926291947962454
218,0.0209158631308775,NA,0.46554589752675,-0.592888233021638,0.185735385999746,-0.264861010898512,-3.40997253808692,-0.000304352102903554,0.000219249925011432,-7.72408982227461e-06,1.56627958564493e-05,0.000297014292680307,-0.886447969605797,0.0638427326293822,-0.000186685156222666,0.000804485011940415,0.917182869102362
219,0.0206209195432159,NA,0.465244201123406,-0.592670560109866,0.185728224154521,-0.264845329678221,-3.40967759449926,-0.000301696403344658,0.000217672911772127,-7.16184522502444e-06,1.56812202908809e-05,0.000294943587661696,-0.869094752715682,0.063323613517241,-6.03472471993882e-05,0.00069831571636314,0.908085149831095
220,0.0203279680646906,-417.653371544607,0.464945280855324,-0.592454374082457,0.185721843983999,-0.264829869955238,-3.40938464302073,-0.000298920268082048,0.000216186027408673,-6.38017052203763e-06,1.5459722982764e-05,0.000292951478525072,-0.851991965760135,0.0627766809202512,3.58443230652483e-05,0.000584523718316632,0.898960673794136
221,0.0200369416217021,NA,0.4646492418493,-0.592239606880955,0.185716316820058,-0.264814830919789,-3.40909361657774,-0.000296039006023483,0.000214767201501482,-5.52716394087648e-06,1.50390354492062e-05,0.00029102644298849,-0.835185214214107,0.0621902012198916,8.64810090206447e-05,0.000480235371469462,0.889774962047341
222,0.0197477845253164,NA,0.464356174044337,-0.592026213144081,0.185711561424046,-0.264800345055178,-3.40880445948136,-0.000293067804963246,0.000213393736873968,-4.75539601236432e-06,1.44858646113469e-05,0.000289157096385659,-0.818714009369614,0.0615560674077642,8.5885858425172e-05,0.000398912902710435,0.880496981494616
223,0.0194604522656818,NA,0.464066152453338,-0.591814169785179,0.185707368987096,-0.264786466239257,-3.40851712722172,-0.000290021590998714,0.000212043358902058,-4.19243694942863e-06,1.38788159211376e-05,0.00028733225963452,-0.802612027541727,0.0608695455639463,3.85523435397772e-05,0.00034844731544581,0.871099152846
224,0.0191749112349129,NA,0.463779237553559,-0.591603474735434,0.185703451398725,-0.264773172352006,-3.40823158619095,-0.000286914899779532,0.00021069504974589,-3.91758837134324e-06,1.32938872508508e-05,0.000285541030769047,-0.786907214092025,0.060128812719995,-4.23096935264766e-05,0.000330514922097791,0.861557600728702
225,0.0188911383710786,NA,0.463495475796924,-0.591394145118813,0.185699502267535,-0.264760380264231,-3.40794781332712,-0.00028376175663479,0.000209329616620215,-3.94913118977519e-06,1.27920877750365e-05,0.000283772863834378,-0.771621827198032,0.0593342821275655,-0.00013785722785542,0.000341084955834958,0.851852533401143
226,0.0186091207154324,NA,0.463214900234611,-0.591186215111507,0.185695258270877,-0.264747969010686,-3.40766579567147,-0.000280575562312855,0.000207930007306704,-4.24399665838216e-06,1.24112535444152e-05,0.000282017655645992,-0.756772404884032,0.0584879120424375,-0.000227583996093017,0.000371926489606267,0.841968648614966
227,0.0183288548758287,NA,0.462937531251659,-0.59097973370149,0.185690549010269,-0.264735805970196,-3.40738552983187,-0.000277368982951766,0.000206481410016627,-4.7092606081343e-06,1.21630404903565e-05,0.00028026583960361,-0.742369708177648,0.0575925781731712,-0.000293355242320104,0.000412678673455957,0.83189552242402
228,0.0180503463969615,NA,0.462663377405143,-0.590774762508727,0.185685326271875,-0.26472377087433,-3.407107021353,-0.000274153846516358,0.000204971192762887,-5.22273839395762e-06,1.20350958664179e-05,0.00027850847886723,-0.728418751236859,0.0566515751643237,-0.000322770574712195,0.00045307047003007,0.821627751292908
229,0.0177736090436023,NA,0.462392436356549,-0.590571373729943,0.185679668072449,-0.264711773553719,-3.40683028399964,-0.0002709410485941,0.000203388778784134,-5.65819942570631e-06,1.19973206106405e-05,0.00027673735335906,-0.714918942321674,0.0556683875174713,-0.000311205212710775,0.000484805582345871,0.811164903780082
230,0.0174986640114096,-417.648723050351,0.462124695884201,-0.590369648209692,0.185673758106632,-0.264699762955185,-3.40655533896745,-0.000267740472348321,0.000201725520251086,-5.9099658171314e-06,1.20105985341436e-05,0.000274945032192471,-0.701864399275109,0.0546466418427372,-0.000262187427324534,0.000502845409755537,0.800511178340457
231,0.0172255390860858,NA,0.461860134957614,-0.590169673565905,0.185667845894812,-0.26468772698902,-3.40628221404213,-0.00026456092658646,0.000199974643786845,-5.91221181960737e-06,1.2035966164999e-05,0.000273124925323886,-0.689244420755131,0.0535902864839954,-0.000186194029083708,0.000505871184941498,0.78967482409098
232,0.0169542677761907,NA,0.461598724851022,-0.589971542276764,0.185662196478602,-0.264675684640359,-3.40601094273223,-0.000261410106592547,0.000198131289141188,-5.64941621052219e-06,1.20423486611978e-05,0.000271271309895158,-0.677044139933969,0.0525038512932952,-9.81520997811458e-05,0.000495938934363949,0.778667368876995
233,0.0166848884452708,NA,0.46134043027221,-0.58977534962453,0.185657040102742,-0.264663673065312,-3.40574156340131,-0.000258294578811083,0.000196192652233917,-5.15637585931366e-06,1.20115750468612e-05,0.000269379330919863,-0.665245257778224,0.0513927597012298,-1.4226770872483e-05,0.000477534172205196,0.767502783105556
234,0.0164174434666751,NA,0.461085210481864,-0.589581191419588,0.185652531817198,-0.264651733100364,-3.40547411842272,-0.000255219790346405,0.000194158204941933,-4.50828554391619e-06,1.19399649480919e-05,0.000267444978595697,-0.653826851930717,0.0502635765542436,5.14438625032199e-05,0.000456244606539258,0.756196665179232
235,0.0161519784203144,NA,0.460833020381565,-0.589389161495645,0.185648728358716,-0.264639896472821,-3.40520865337635,-0.000252190100299342,0.000192029923943096,-3.80345848283559e-06,1.18366275424898e-05,0.000265465046360573,-0.642766141254469,0.0491240655264846,8.93788865141687e-05,0.000437397602581768,0.744765513331913
236,0.0158885413416603,NA,0.460583811551269,-0.589199349022542,0.185645585732573,-0.264628177229503,-3.4049452162977,-0.0002492088302958,0.00018981247310318,-3.14262614218212e-06,1.17192433186908e-05,0.000263437078654112,-0.632039208880997,0.0479830805488746,9.62558033279493e-05,0.000424935819864913,0.73322624643879
237,0.0156271820276364,NA,0.460337533222855,-0.589011835759762,0.18564297679147,-0.26461656867917,-3.40468385698368,-0.00024627832841419,0.00018751326277964,-2.60894110339638e-06,1.16085503329967e-05,0.000261359314023888,-0.621621583150045,0.0468502190642539,7.51464312997996e-05,0.000420742480855552,0.721595886830073
238,0.0153679513963279,NA,0.460094133181529,-0.588826693408758,0.185640723935386,-0.264605045686364,-3.40442462635237,-0.000243400041325462,0.000185142351003883,-2.25285608405372e-06,1.15229928061051e-05,0.000259230631308411,-0.611488683261996,0.0457353479532685,3.43953843184863e-05,0.000424546442445717,0.709891481278646
239,0.0151109008923549,NA,0.459853558590056,-0.588643981259316,0.185638639308627,-0.264593571136627,-3.4041675758484,-0.000240574591473615,0.000182712149441999,-2.08462675859743e-06,1.14745497369419e-05,0.000257050503972815,-0.601616179665143,0.0446479913307485,-1.44814293889794e-05,0.000434259845860652,0.698130191381097
240,0.0148560819298065,-417.645097982334,0.459615756735913,-0.588463744322031,0.185636563784568,-0.264582104528271,-3.40391275688585,-0.000237801854142657,0.000180236937285396,-2.07552405947835e-06,1.14666083557293e-05,0.000254818962548222,-0.591980204944775,0.0435966933309828,-5.93996674069786e-05,0.000446708554591169,0.686329403265518
241,0.0146035453628026,NA,0.459380675701703,-0.58828601207897,0.185634396901388,-0.264570610392409,-3.40366022031884,-0.000235081034210055,0.000177732243060742,-2.16688318025845e-06,1.14941358623781e-05,0.000252536567003925,-0.582557551638274,0.0425885235699752,-9.02105057321023e-05,0.000458522890767199,0.674506913469486
242,0.0143533409797096,NA,0.459148264961085,-0.588110797950514,0.185632112081497,-0.264559064647958,-3.40341001593575,-0.000232410740617827,0.00017521412845569,-2.28481989024938e-06,1.15457444508067e-05,0.000250204383092797,-0.573325805248714,0.0416286616200523,-0.000100679358183697,0.000466923211206449,0.662680955088035
243,0.0141055170200719,NA,0.458918475900564,-0.587938099476851,0.185629754938831,-0.264547457683202,-3.40316219197611,-0.000229789060520969,0.000172698473663307,-2.35714266646379e-06,1.16069647557817e-05,0.000247823959637746,-0.564263523301634,0.0407202554697506,-8.94920049177017e-05,0.000470274699182482,0.650870142067106
244,0.0138601197184713,NA,0.458691262267624,-0.587767899149715,0.18562742628153,-0.264535793821527,-3.40291679467451,-0.000227213632939623,0.00017020032713561,-2.32865730041865e-06,1.16638616749749e-05,0.0002453973016005,-0.555350402464683,0.0398644658616831,-6.01210103923222e-05,0.000468320422442048,0.639093261725066
245,0.0136171928850626,NA,0.458466580542965,-0.587600165773975,0.185625254206955,-0.264524087882002,-3.4026738678411,-0.000224681724659696,0.000167733375740734,-2.17207457584576e-06,1.17059395252843e-05,0.000242926833408603,-0.546567517289986,0.039060686845005,-1.97951521840878e-05,0.000461996592093783,0.627368895607106
246,0.0133767775334701,NA,0.458244390236285,-0.587434856179575,0.185623362067288,-0.264512360065616,-3.40243345248951,-0.000222190306679527,0.000165309594399533,-1.8921396663268e-06,1.17278163854039e-05,0.000240415351592502,-0.537897508365859,0.0383069595955021,2.23502638618811e-05,0.000453018742518907,0.615714996570205
247,0.0131389115667413,NA,0.458024654103801,-0.587271917114815,0.185621839355918,-0.264500630763601,-3.40219558652278,-0.000219736132484633,0.000162939064759932,-1.52271137037263e-06,1.17293020153322e-05,0.000237865966728955,-0.5293248017324,0.037600391920023,5.73407987758401e-05,0.000443289422946691,0.604148449383501
248,0.0129036295310838,NA,0.45780733828793,-0.587111287164252,0.185620721482695,-0.264488916660089,-3.40196030448712,-0.000217315815870259,0.00016062995056312,-1.1178732232771e-06,1.17141035120311e-05,0.000235282035657545,-0.520835761221861,0.0369375749187384,7.82392817200162e-05,0.000434353637501772,0.592684644402652
249,0.0126709624408989,NA,0.457592412382073,-0.586952898567307,0.185619982296334,-0.264477229123861,-3.40172763739694,-0.000214925905857248,0.00015838859694511,-7.39186360798873e-07,1.16875362283876e-05,0.000232667090184667,-0.512418765197253,0.0363149365512072,8.14992517916835e-05,0.000426969108957564,0.581337221206013
250,0.0124409376743979,-417.642334485387,0.457379849425591,-0.586796678876265,0.185619540130796,-0.264465575000641,-3.40149761263044,-0.000212562956481735,0.000156219691042191,-4.4216553787064e-07,1.16541232199499e-05,0.000230024766501051,-0.504064210531396,0.0357289428620788,6.74657485433272e-05,0.000420998844674614,0.570117935012604
251,0.0122135789343236,NA,0.457169625837223,-0.586642552447789,0.185619275150746,-0.26445395942937,-3.40127025389036,-0.000210223588368669,0.000154126428475768,-2.64980050245871e-07,1.16155712702581e-05,0.000227358740074214,-0.495764416541533,0.0351761559613806,3.99921873395215e-05,0.000415492991123756,0.559036668619228
252,0.0119889062630056,NA,0.456961721296543,-0.586490441797807,0.185619053580575,-0.264442389582392,-3.40104558121905,-0.000207904540679765,0.000152110649982543,-2.2157017035995e-07,1.15698469780697e-05,0.000224672671318187,-0.487513470943668,0.0346531936656902,5.36147126695141e-06,0.000409061726713844,0.548101613162544
253,0.0117669360997339,NA,0.45675611858436,-0.586340268884774,0.185618753141779,-0.264430878103463,-3.40082361105577,-0.000205602712182407,0.000150172913032138,-3.00438796617509e-07,1.15114789293229e-05,0.000221970163271907,-0.479307020668784,0.0341565868211546,-2.92504864773946e-05,0.000400324893234938,0.537319508566725
254,0.0115476813679658,NA,0.456552803393156,-0.586191956379572,0.185618284128313,-0.26441944503218,-3.40060435632401,-0.00020331519120488,0.000148312505202486,-4.69013465649582e-07,1.14330712832684e-05,0.000219254731767977,-0.471142034257355,0.0336826428792847,-5.73885472476832e-05,0.000388386069971602,0.526695923213083
255,0.011331151581218,NA,0.456351764115604,-0.586045428975755,0.185617601847057,-0.264408117662609,-3.40038782653726,-0.000201039277551788,0.000146527403816464,-6.82281255717547e-07,1.13273695710208e-05,0.00021652978674794,-0.463016626213175,0.0332273111780523,-7.46575778975966e-05,0.000373084390048462,0.516235520535702
256,0.0111173529608131,NA,0.456152991619749,-0.585900614755943,0.185616708499048,-0.264396928011242,-3.40017402791685,-0.000198772495854798,0.000144814219812238,-8.93348009013878e-07,1.11896513666415e-05,0.000213798620405158,-0.454929851798624,0.0327861408777608,-7.94585730545805e-05,0.000355171891897044,0.505942225004219
257,0.010906288561507,NA,0.455956479015359,-0.585757446585282,0.185615644774065,-0.264385908659053,-3.39996296351755,-0.000196512604390281,0.000143168170661544,-1.06372498344596e-06,1.10193521887471e-05,0.000211064399306146,-0.446881594484694,0.0323543559943573,-7.31233740225434e-05,0.000336086714014527,0.495819321031377
258,0.0106979584059141,NA,0.455762221415156,-0.585615863473365,0.185614474066607,-0.26437508786854,-3.39975463336195,-0.000194257600202867,0.000141583111916914,-1.17070745811705e-06,1.08207905136161e-05,0.000208330155592985,-0.438872467611873,0.031927013992572,-5.92859805692569e-05,0.00031765523544891,0.485869422277574
259,0.0104923596300313,NA,0.455570215692238,-0.58547581182058,0.185613263333522,-0.264364485207524,-3.39954903458607,-0.000192005722917483,0.000140051652784607,-1.21073308525926e-06,1.06026610156407e-05,0.000205598775882775,-0.430903772894453,0.0314992411176718,-4.28798330176505e-05,0.000301648697131895,0.476094401165028
260,0.0102894866437615,-417.640279821494,0.45538046023584,-0.585337246444203,0.185612065283922,-0.264354108875876,-3.3993461615998,-0.000189755456398862,0.000138565376376776,-1.19804959984719e-06,1.03763316483311e-05,0.000202872986269608,-0.422977434482164,0.0310665353708828,-2.88702040052158e-05,0.000289323907054495,0.466495270643463
261,0.010089331309822,NA,0.455192954706928,-0.585200131302514,0.185610905850767,-0.264343955399251,-3.39914600626586,-0.000187505528911024,0.000137115141689104,-1.15943315432262e-06,1.01534766243173e-05,0.000200155333939665,-0.415095946664223,0.0306250257153806,-2.11099404623383e-05,0.000281132770396653,0.457072073913878
262,0.00989188314289491,NA,0.455007699795521,-0.585064439867503,0.185609779412859,-0.264334011855688,-3.39894855809894,-0.000185254911407019,0.000135691435010906,-1.12643790876521e-06,9.94354356319783e-06,0.000197448166927287,-0.40726230963628,0.0301716590911383,-2.15402451431146e-05,0.00027660064461088,0.447823811100534
263,0.00969712952663793,NA,0.454824696984353,-0.584930155105175,0.185608652217624,-0.264324260042429,-3.39875380448268,-0.000183002811168718,0.000134284762327901,-1.12719523422793e-06,9.75181325894429e-06,0.000194753616256978,-0.399479890234034,0.0297043715136169,-2.99121438729344e-05,0.000274479248218995,0.438748479609785
264,0.00950505594441076,NA,0.454643948322709,-0.584797269098437,0.185607472585709,-0.264314681603758,-3.39856173090045,-0.000180748661644148,0.000132886006738089,-1.17963191519569e-06,9.57843867153061e-06,0.000192073582227182,-0.391752297446146,0.0292220681785693,-4.40212488683756e-05,0.000273055320576532,0.429843167353283
265,0.00931564621730097,NA,0.454465456214988,-0.584665782359252,0.185606184892931,-0.264305262821634,-3.39837232117334,-0.000178492107720844,0.000131486739185306,-1.28769277805296e-06,9.41878212411062e-06,0.000189409727110005,-0.384083232916055,0.0287245654817525,-6.04075012233807e-05,0.000270597979579179,0.421104215320156
266,0.0091288827415128,NA,0.454289223228503,-0.584535702915624,0.185604743699132,-0.264295997930724,-3.39818555769755,-0.000176232986484799,0.000130079443627892,-1.44119379878647e-06,9.26489090997955e-06,0.000186763475788225,-0.376476336327869,0.0282124244677107,-7.52817186366883e-05,0.00026577879452816,0.412527432445131
267,0.00894474671692258,NA,0.454115251922903,-0.58440704525509,0.185603124705654,-0.264286890071593,-3.39800142167296,-0.000173971305599882,0.00012865766053377,-1.61899347874048e-06,9.10785913009486e-06,0.000184136024590306,-0.368935079109178,0.0276867785942159,-8.54316795084742e-05,0.000258027057498111,0.404108330940289
268,0.00876321836158489,NA,0.453943544702359,-0.584279829221748,0.185601329963972,-0.26427794979665,-3.39781989331763,-0.000171707220544432,0.000127216033342208,-1.79474168152292e-06,8.94027494321871e-06,0.000181528355337798,-0.361462687124003,0.0271491086323294,-8.89843931872747e-05,0.000247619595938886,0.395842295688453
269,0.00858427710770426,NA,0.453774103689974,-0.584154078917209,0.185599386772683,-0.264269191366806,-3.39764095206374,-0.000169441012384715,0.000125750304539103,-1.94319128874584e-06,8.7584298440959e-06,0.000178941253880557,-0.354062105429875,0.0266011181793147,-8.56687165651238e-05,0.00023565633000544,0.387724742267892
270,0.00840790177795858,-417.638791725305,0.45360693062149,-0.584029821655828,0.18559734078058,-0.264260627919977,-3.397464576734,-0.00016717306848425,0.000124257261381059,-2.04599210341662e-06,8.56344682951941e-06,0.000176375329745772,-0.346736025562677,0.0260446012134707,-7.6794890446763e-05,0.000223732854465197,0.379751192554068
271,0.00823407074383464,NA,0.453442026754789,-0.583907086992046,0.185595245535199,-0.264252266726126,-3.39729074569988,-0.000164903866700774,0.000122734663781743,-2.09524538138841e-06,8.36119385031706e-06,0.000173831034124009,-0.339486932716682,0.0254813824085431,-6.4763980844873e-05,0.000213540829463454,0.37191727813024
272,0.00806276206855117,NA,0.453279392791188,-0.583785905807645,0.185593151215107,-0.264244105713728,-3.39711943702459,-0.000162633963600736,0.000121181184401578,-2.0943200918448e-06,8.1610123984003e-06,0.000171308675283344,-0.332317172819785,0.0249133290708414,-5.24045162819675e-05,0.000206451318263134,0.3642187158448
273,0.00789395363853007,NA,0.453119028804286,-0.583666309450719,0.18559109531108,-0.264236132210366,-3.39695062859457,-0.000160363986901897,0.00011959635692595,-2.05590402631413e-06,7.97350336143687e-06,0.000168808430020984,-0.325229032114294,0.0243423556867128,-4.22545554101816e-05,0.000203156105271773,0.356651241872896
274,0.00772762328551257,NA,0.452960934175249,-0.58354832890185,0.185589097391143,-0.264228324176304,-3.39678429824155,-0.000158094629036872,0.000117980548868633,-1.9979199371858e-06,7.80803406214711e-06,0.000166330353017473,-0.318224747957174,0.0237704699657115,-3.59625573764788e-05,0.000203517629415728,0.349210586136905
275,0.00756374890176348,NA,0.452805107532152,-0.58343199396133,0.18558715879852,-0.264220653709994,-3.3966204238578,-0.000155826643097792,0.000116334940520413,-1.93859262322911e-06,7.67046631026001e-06,0.000163874383749172,-0.311306552589485,0.0231997785249405,-3.39889538736315e-05,0.000206585468731646,0.341892433652902
276,0.00740230854764867,NA,0.452651546694724,-0.583317332458623,0.185585266859667,-0.26421309188793,-3.39645898350369,-0.000153560837428118,0.00011466150270697,-1.89193885247832e-06,7.56182206386038e-06,0.000161440354114598,-0.304476630503814,0.0226324760888019,-3.56254759026342e-05,0.000210862936000922,0.33469246147888
277,0.00724328055098633,NA,0.452500248625837,-0.58320436949833,0.185583402124574,-0.264205613826893,-3.39629995550703,-0.000151298068886801,0.000112962960292691,-1.86473509301166e-06,7.47806103718169e-06,0.000159027996662344,-0.297737074674842,0.0220708034248673,-3.92958554584766e-05,0.000214654392038938,0.327606373389244
278,0.00708664359482336,NA,0.452351209391032,-0.58309312677947,0.185581546399213,-0.264198202765704,-3.39614331855086,-0.000149039234804902,0.000111242718859543,-1.85572536107373e-06,7.41106118939405e-06,0.000156636956162982,-0.291089841653047,0.0215169495731971,-4.30782165494747e-05,0.000216467697100597,0.320630003898259
279,0.00693237679114267,NA,0.452204424127763,-0.58298362201528,0.185579689509981,-0.264190852155473,-3.39598905174718,-0.0001467852632688,0.00010950476419077,-1.85688923218415e-06,7.35061023020953e-06,0.000154266803680851,-0.284536696426585,0.0209729716971196,-4.52195081379614e-05,0.000215378008761036,0.313759405798919
280,0.00678045973834962,-417.637743803474,0.452059887025303,-0.582875868493932,0.185577833001806,-0.264183565414043,-3.39583713469439,-0.000144537102460132,0.000107753521347193,-1.85650817480715e-06,7.28674143002988e-06,0.000151917052793266,-0.278079172630896,0.0204406802595258,-4.46169678980368e-05,0.00021119035409356,0.30699093201747
281,0.00663087256103978,NA,0.451917591314459,-0.582769874795303,0.185575990176875,-0.264176353414133,-3.39568754751708,-0.000142295710844276,0.000105993698629438,-1.84282493173981e-06,7.21199991071171e-06,0.000149587177310059,-0.27171857425401,0.0199215782004103,-4.10238953918451e-05,0.000204470893550024,0.300321303825513
282,0.00648359593283576,NA,0.451777529265074,-0.582665644683912,0.185574182689108,-0.264169230488925,-3.39554027088888,-0.000140062049385049,0.000104230111391382,-1.80748776667197e-06,7.12292520718732e-06,0.00014727662820422,-0.265456006900422,0.0194167870404272,-3.50604523191578e-05,0.000196340010916174,0.293747623913987
283,0.00633861108361167,NA,0.45163969218966,-0.582563177166968,0.185572434895549,-0.264162209958328,-3.39539528603965,-0.000137837075413102,0.00010246751694329,-1.74779355946967e-06,7.02053059695045e-06,0.000144984849224185,-0.259292403939071,0.0189270434702848,-2.79732148555922e-05,0.000188175590665196,0.287267374119438
284,0.00619589979367241,NA,0.451504070450144,-0.582462466703396,0.185570767811083,-0.264155300313165,-3.39525257474971,-0.000135621739516848,0.000100710463572552,-1.66708446503129e-06,6.90964516329974e-06,0.000142711289939155,-0.253228587325793,0.0184527056035222,-2.12139639188536e-05,0.000181250925379572,0.280878379612659
285,0.00605544437819061,NA,0.451370653465608,-0.582363503529484,0.185569194143904,-0.264148502988164,-3.39511211933423,-0.00013341698453599,9.89631739117736e-05,-1.57366717911228e-06,6.79732500094101e-06,0.000140455415481853,-0.247265311941192,0.0179938086830589,-1.60792978931568e-05,0.000176415824171272,0.274578750349974
286,0.00591722766399316,NA,0.451239429720649,-0.582266274075107,0.185567715873893,-0.264141812178963,-3.39497390262003,-0.000131223744958718,9.72294543773906e-05,-1.47827001117276e-06,6.69080920156977e-06,0.000138216714197248,-0.241403274117147,0.0175501077137596,-1.33309185912367e-05,0.000173912440004642,0.268366845830315
287,0.00578123296101873,NA,0.451110386773829,-0.582170761436601,0.185566324722938,-0.264135216675544,-3.39483790791706,-0.000129042946819411,9.55126385057649e-05,-1.39115095494844e-06,6.59550341878332e-06,0.000135994702974601,-0.235643123005502,0.0171211422639317,-1.30654598251567e-05,0.000173337753039959,0.262241230757354
288,0.0056474440289942,NA,0.450983511268016,-0.582076945878296,0.185565005210735,-0.264128703098743,-3.39470411898503,-0.000126875505813786,9.38155583052015e-05,-1.3195122028803e-06,6.51357680109368e-06,0.000133788932024437,-0.229985420787671,0.0167062933087436,-1.47394985106075e-05,0.0001737947741276,0.256200668786732
289,0.005515845039894,NA,0.450858788944372,-0.581984805345929,0.185563739200911,-0.264122259634676,-3.39457251999593,-0.000124722323643938,9.21405323661288e-05,-1.26600982446606e-06,6.44346406659011e-06,0.00013159898910002,-0.224430600610503,0.0163048190415793,-1.73912440004642e-05,0.00017415004549548,0.250244115136411
290,0.00538642053502292,-417.637027904006,0.450736204663162,-0.581894315979873,0.185562510650355,-0.26411587926027,-3.39444309549106,-0.000122584281209903,9.04893660561258e-05,-1.22855055612522e-06,6.38037440586708e-06,0.000129424504871098,-0.218978890984545,0.0159158827273131,-1.99264604816562e-05,0.000173342300513468,0.244370748418987
291,0.00525915537682309,NA,0.450615742432037,-0.581805452614546,0.18556130916916,-0.264109561663032,-3.39431583033286,-0.000120462231125235,8.886336532708e-05,-1.20148119485351e-06,6.31759723861528e-06,0.000127265158199758,-0.21363029134136,0.0155385856714929,-2.14498641071259e-05,0.000170645648722711,0.238579974620734
292,0.00513403469519425,NA,0.450497385444191,-0.581718189258963,0.185560131475006,-0.264103313399023,-3.39419070965123,-0.000118356987845887,8.72633555836444e-05,-1.17769415437503e-06,6.24826400850481e-06,0.000125120681628673,-0.208384508937343,0.0151719831364971,-2.15044337892323e-05,0.000165841811394785,0.232871437901849
293,0.00501104382840811,NA,0.450381116125461,-0.581632499556973,0.18555898067514,-0.264097146302173,-3.39406771878445,-0.000116269318729591,8.56897019894999e-05,-1.15079986533146e-06,6.1670968501887e-06,0.000122990866786161,-0.203240966243357,0.0148150928680479,-2.01231387109146e-05,0.000159254796017194,0.227245024575495
294,0.00489016826028221,NA,0.450266916189131,-0.581548357209158,0.185557863607988,-0.26409107462826,-3.39394684321632,-0.000114199936330218,8.41423478146985e-05,-1.1170671524976e-06,6.0716739134156e-06,0.000120875568126099,-0.198198816860895,0.0144669400015118,-1.78101799974684e-05,0.000151638914758223,0.221700830138616
295,0.00477139355518741,NA,0.450154766697303,-0.581465736358993,0.185556787349166,-0.264085111806236,-3.39382806851123,-0.000112149491827813,8.26208501653081e-05,-1.07625882208844e-06,5.96282202358157e-06,0.000118774705094893,-0.193256961438237,0.0141265593356366,-1.53136170411017e-05,0.000143936631502584,0.216239125734319
296,0.00465470529320067,NA,0.450044648125398,-0.581384611925662,0.185555755948488,-0.264079267536582,-3.39371138024924,-0.000110118571905054,8.11244333309333e-05,-1.03140067722388e-06,5.84426965378634e-06,0.000116688261986836,-0.188414115882551,0.0137930408072862,-1.33894673126633e-05,0.000137059146254614,0.210860305287497
297,0.00454008900686365,NA,0.449936540428266,-0.581304959876159,0.185554768355559,-0.264073546037242,-3.3935967639629,-0.000108107697132424,7.96520495032187e-05,-9.87592929068039e-07,5.72149933967443e-06,0.000114616286337144,-0.183668842623774,0.0134655550709795,-1.25749011203879e-05,0.000131634010358539,0.205564848556605
298,0.00442753012139896,NA,0.449830423106425,-0.581226757435182,0.185553818149727,-0.264067945753009,-3.39348420507744,-0.000106117321840148,7.82024409768213e-05,-9.50205832542355e-07,5.60028423371856e-06,0.000112558885464905,-0.179019583583795,0.0131433671413106,-1.30262378661428e-05,0.000127884050016291,0.20035327338519
299,0.00431701389916261,NA,0.449726275271071,-0.581149983229408,0.185552894940959,-0.264062460550852,-3.3933736888552,-0.000104147835354658,7.67742057735965e-05,-9.23208767603133e-07,5.48520215645556e-06,0.000110516222236466,-0.174464692577203,0.0128258540144088,-1.45200829138048e-05,0.000125589281196881,0.195226109553914
300,0.00420852538793248,-417.636554598147,0.449624075708607,-0.581074617364376,0.185551987068975,-0.264057081885639,-3.39326520034397,-0.000102199562463448,7.53658650326369e-05,-9.07871984515316e-07,5.3786652132851e-06,0.000108488511230165,-0.170002423942606,0.0125125188787933,-1.65118763106875e-05,0.000124210259855317,0.190183898212126
301,0.00410204937427716,NA,0.449523802944212,-0.581000641451287,0.185551084494776,-0.264051801403608,-3.39315872433032,-0.000100272764395441,7.39759130885876e-05,-9.02574198682666e-07,5.28048203120567e-06,0.000106476013655357,-0.165630947321915,0.0122029649674005,-1.83666770681157e-05,0.000123027348308824,0.185227155498069
302,0.00399757033933446,NA,0.44942543530624,-0.580928038568878,0.185550181225909,-0.264046613098744,-3.39305424529537,-9.83676379718164e-05,7.26028824091017e-05,-9.03268867383272e-07,5.18830486400626e-06,0.00010447903494264,-0.161348313554299,0.0118969342111086,-1.95058191820863e-05,0.000121394805319142,0.180356421424221
303,0.00389507241957077,NA,0.449328950989645,-0.580856793194251,0.1855492763518,-0.264041514650655,-3.39295174737561,-9.64843165951607e-05,7.12453746276478e-05,-9.04874108507919e-07,5.09844808855244e-06,0.000102497919763692,-0.157152495035007,0.0115942458478457,-1.96223481907509e-05,0.000118860725706327,0.175572197349538
304,0.00379453937101815,NA,0.449234328120059,-0.580786891081947,0.18554837358083,-0.264036507519109,-3.39285121432706,-9.46228695856124e-05,6.99021123030112e-05,-9.02770969587032e-07,5.00713154586182e-06,0.000100533048552595,-0.153041355588357,0.0112948436026272,-1.87276327778818e-05,0.000115309148895903,0.170874969285251
305,0.00369595453794602,NA,0.449141544815571,-0.580718319118313,0.185547479448536,-0.264031595969631,-3.39275262949399,-9.27833044885474e-05,6.85719636343156e-05,-8.94132294101307e-07,4.91154947837574e-06,9.85848330721758e-05,-0.149012714132368,0.0109987468022155,-1.71371539181564e-05,0.000110935047814564,0.166265180041592
306,0.00359930082763071,NA,0.449050579245385,-0.580651065135647,0.185546600841744,-0.264026785343472,-3.39265597578367,-9.09655701853273e-05,6.72539826665973e-05,-8.78606791965098e-07,4.81062615866454e-06,9.66537103155265e-05,-0.145064367416126,0.0107060850496055,-1.53482915266068e-05,0.00010617497991916,0.161743184889929
307,0.00350456069113481,NA,0.448961409683653,-0.580585117706924,0.185545742729456,-0.264022080111415,-3.39256123564718,-8.91695617321353e-05,6.59474287222299e-05,-8.58112287940712e-07,4.70523205704725e-06,9.47401364960258e-05,-0.141194132652345,0.0104170607073684,-1.38544464789447e-05,0.000101566115517926,0.157309243036252
308,0.00341171611196511,NA,0.448874014555353,-0.580520465925344,0.185544906601998,-0.264017482347676,-3.39246839106801,-8.73951283004818e-05,6.46517815800978e-05,-8.36127458811474e-07,4.59776373946345e-06,9.28445791697847e-05,-0.137399920276948,0.0101319420764412,-1.30313537738402e-05,9.75671810010681e-05,0.152963467598966
309,0.00332074860192222,NA,0.448788372473971,-0.580457099175723,0.185544090245871,-0.264012990933887,-3.39237742355796,-8.56420813819958e-05,6.33667496216769e-05,-8.16356126921252e-07,4.49141378919347e-06,9.09675100430319e-05,-0.133679752707394,0.00985105032214051,-1.29892896438832e-05,9.44606881603249e-05,0.148705827882623
310,0.00323163920456615,-417.636252686176,0.448704462269416,-0.580395006919565,0.185543288661473,-0.264008601760489,-3.39228831416061,-8.39102045550284e-05,6.20922561571888e-05,-8.01584397452707e-07,4.38917339803978e-06,8.91093973561168e-05,-0.130031809248976,0.0095747157047299,-1.35941036205622e-05,9.22619847187889e-05,0.144536129482731
311,0.00314436850466837,NA,0.448622263007249,-0.580334178488658,0.185542495954507,-0.264004308675653,-3.39220104346071,-8.21992621664813e-05,6.08284309073385e-05,-7.92706966765756e-07,4.29308483592555e-06,8.72706998976794e-05,-0.126454419273614,0.00930328496906441,-1.44865452966769e-05,9.07698449736927e-05,0.140454037591553
312,0.00305891664319757,NA,0.448541753999005,-0.580274602916955,0.185541707369511,-0.264000104921946,-3.39211559159924,-8.05090082447229e-05,5.95755717032416e-05,-7.88584995155031e-07,4.20375370720819e-06,8.54518614707063e-05,-0.122946079841313,0.00903705995369819,-1.52459733726573e-05,8.9625018517836e-05,0.136459078134976
313,0.00297526333601672,NA,0.448462914805493,-0.5802162688137,0.185540920932841,-0.263995984591148,-3.39203193829206,-7.88391935116082e-05,5.83341032542791e-05,-7.86436670614822e-07,4.12033079797137e-06,8.36533071808688e-05,-0.11950543068906,0.00877628565376654,-1.55023371917196e-05,8.84324435901362e-05,0.132550668467957
314,0.00289338789637617,NA,0.448385725233249,-0.580159164273707,0.185540138029059,-0.263991943750925,-3.39195006285242,-7.71895722443878e-05,5.71045399935608e-05,-7.82903781417345e-07,4.0408402222461e-06,8.18754396404473e-05,-0.116131261052033,0.00852115192628844,-1.50856749314698e-05,8.68578808876919e-05,0.128728111121745
315,0.00281326925964276,NA,0.448310165326425,-0.580103276828332,0.185539362912183,-0.263987980814081,-3.39186994421568,-7.55599068234356e-05,5.58874453749825e-05,-7.75116876129495e-07,3.96293684428827e-06,8.01186367333907e-05,-0.112822473283813,0.00827178098461445,-1.40420297611854e-05,8.47535375214648e-05,0.124990621657162
316,0.00273488601074368,NA,0.448236215353917,-0.580048593435332,0.185538601318835,-0.263984096312718,-3.39179156096678,-7.39499725078105e-05,5.46833929997626e-05,-7.61593347891983e-07,3.88450136296366e-06,7.83832488992786e-05,-0.109578093088203,0.00802822512468992,-1.26141230794019e-05,8.21285084384726e-05,0.121337316727477
317,0.00265821641453146,NA,0.448163855791365,-0.579995100483695,0.185537858602066,-0.263980292089997,-3.39171489137057,-7.23595625519719e-05,5.34929516367949e-05,-7.42716769358809e-07,3.80422272118972e-06,7.66695962120413e-05,-0.106397282024773,0.00779050765231659,-1.11668896352057e-05,7.91567345004296e-05,0.117767207257202
318,0.00258323844837749,NA,0.44809306730026,-0.579942783813882,0.185537138118986,-0.263976570231527,-3.39163991340442,-7.07884911048788e-05,5.2316669813508e-05,-7.20483080011595e-07,3.72185847007159e-06,7.4977966154e-05,-0.103279300560644,0.00755862004098162,-1.00419583759503e-05,7.61002638682839e-05,0.114279209810775
319,0.00250992983875653,NA,0.448023830701857,-0.57989162875273,0.185536440292368,-0.26397293211845,-3.3915666047948,-6.92365984037142e-05,5.11550611516918e-05,-6.97826617646192e-07,3.6381130768331e-06,7.3308609620976e-05,-0.100223555250523,0.00733252136342344,-9.46670297707897e-06,7.32103444534005e-05,0.110872109075899
320,0.00243826809900405,-417.636067540161,0.447956126948086,-0.579841620151942,0.185535762659798,-0.263969377819753,-3.39149494305504,-6.77037537706729e-05,5.00086007886159e-05,-6.7763257030122e-07,3.55429869708228e-06,7.166173975257e-05,-0.0972295623569153,0.00711215761839412,-9.47977696341695e-06,7.06660330251907e-05,0.107544610727928
321,0.00236823056980295,NA,0.447889937089408,-0.579792742440165,0.185535100806703,-0.263965906017189,-3.39142490552584,-6.61898586781238e-05,4.88777117761084e-05,-6.61853095274324e-07,3.47180256343947e-06,7.00375292011761e-05,-0.0942969518291648,0.006897442403897,-9.93793491943507e-06,6.85156464896863e-05,0.10429531016598
322,0.00229979445870487,NA,0.447825242241349,-0.579744979674595,0.185534449962533,-0.263962514294413,-3.39135646941475,-6.46948480594522e-05,4.77627655704674e-05,-6.50844169880171e-07,3.39172277609848e-06,6.84361110979239e-05,-0.0914254366080058,0.00668828192829096,-1.05484332380001e-05,6.67114363750443e-05,0.101122764135653
323,0.00223293688027448,NA,0.447762023550132,-0.579698315627635,0.18553380644382,-0.263959199844491,-3.39128961183631,-6.32186912170659e-05,4.66640469595118e-05,-6.43518713004354e-07,3.31444992194743e-06,6.68575784301966e-05,-0.0886148052359204,0.00648450850349036,-1.10247810880537e-05,6.50885567665682e-05,0.0980254623073051
324,0.00216763489237515,NA,0.447700262159771,-0.579652733874098,0.185533168853363,-0.263955960092652,-3.39122430984842,-6.17613903601264e-05,4.55817535376711e-05,-6.37590456963177e-07,3.23975183952019e-06,6.53019878995142e-05,-0.0858648769508363,0.00628594079898903,-1.11077724795905e-05,6.34901198282023e-05,0.095001916520232
325,0.00210386553051212,NA,0.447639939181966,-0.579608217895589,0.18553253828625,-0.263952793224342,-3.39116054048655,-6.0322977805549e-05,4.45159785085802e-05,-6.30567112465973e-07,3.16686830978255e-06,6.3769361863103e-05,-0.0831754732644185,0.0060923531464141,-1.07189634945826e-05,6.17717432760401e-05,0.0920506300872148
326,0.00204160583806035,NA,0.447581035669005,-0.579564751198034,0.185531917802982,-0.263949698384379,-3.3910982807941,-5.89035129611547e-05,4.34666975554874e-05,-6.20483268054443e-07,3.09483996306328e-06,6.22596924519613e-05,-0.0805464088671215,0.00590348122386786,-9.92315563053126e-06,5.986464657326e-05,0.0891701444061255
327,0.0019808328941906,NA,0.447523532590737,-0.579522317417851,0.185531311203462,-0.263946675538183,-3.39103750785023,-5.75030782673756e-05,4.24337801828258e-05,-6.06599519906591e-07,3.02284619617334e-06,6.07729438698199e-05,-0.0779774671855193,0.0057190658253603,-8.93180640559876e-06,5.77841774429544e-05,0.0863590105382173
328,0.00192152383839517,NA,0.447467410816273,-0.579480900418454,0.185530721684413,-0.26394372510263,-3.39097819879444,-5.61217744638842e-05,4.14169993966232e-05,-5.89519048968828e-07,2.95043555245371e-06,5.93090557955252e-05,-0.0754683816239776,0.00553885172394075,-7.99786903371569e-06,5.56082113689627e-05,0.0836158147876631
329,0.0018636558932017,NA,0.447412651099788,-0.579440484355485,0.185530150781223,-0.263940847446328,-3.39092033084924,-5.4759716485117e-05,4.04160629695964e-05,-5.70903190552118e-07,2.87765630218465e-06,5.78679451934308e-05,-0.0730188401121268,0.00536262859895942,-7.33848537493031e-06,5.34555510967039e-05,0.0809391536904513
330,0.00180720638397247,-417.635958813659,0.447359234070262,-0.579401053716283,0.185529597948872,-0.263938042501381,-3.39086388134001,-5.34170295260844e-05,3.94306392013274e-05,-5.52832350772247e-07,2.80494494679708e-06,5.64495092292788e-05,-0.0706284822626913,0.00519022535172553,-7.06165792507818e-06,5.1426241043373e-05,0.0783276584570558
331,0.00175215275842167,NA,0.447307140225413,-0.579362593325423,0.185529060844227,-0.263935309565164,-3.39080882771446,-5.20938448488344e-05,3.84603908603311e-05,-5.37104645002736e-07,2.73293621723855e-06,5.50536255509848e-05,-0.068296889139674,0.00502152829540137,-7.14521775080357e-06,4.95793983645854e-05,0.0757799494977007
332,0.00169847260239342,NA,0.447256349929384,-0.579325088328235,0.185528536224838,-0.263932647329867,-3.39075514755843,-5.0790296029017e-05,3.75049971878218e-05,-5.24619388685649e-07,2.66223529665782e-06,5.36801560282667e-05,-0.0660235855320934,0.0048564641019766,-7.44364569982281e-06,4.79201389680384e-05,0.0732947029291608
333,0.00164614365415749,NA,0.447206843414415,-0.579288524160233,0.185528021086577,-0.263930054101018,-3.3907028186102,-4.95065149696938e-05,3.65641680025084e-05,-5.15138261402909e-07,2.59322884901438e-06,5.2328948235969e-05,-0.0638080308590361,0.00469498843358451,-7.752305464237e-06,4.64052618553978e-05,0.0708706136265391
334,0.00159514381425341,NA,0.447158600786377,-0.579252886507842,0.18552751369412,-0.263927528053243,-3.39065181877029,-4.82426280378489e-05,3.56376523905858e-05,-5.07392457402096e-07,2.52604777511928e-06,5.09998399042347e-05,-0.061649616327486,0.00453707798442338,-7.87053977546748e-06,4.49779236078029e-05,0.068506453203554
335,0.00154545115264959,NA,0.447111602034744,-0.579218161260003,0.185527014111966,-0.263925067466322,-3.39060212610869,-4.69987516332255e-05,3.47252478392373e-05,-4.99582153840859e-07,2.46058692112648e-06,4.96926616039589e-05,-0.0595476501530356,0.004382732186059,-7.67784058552934e-06,4.35812808063929e-05,0.0662010432961324
336,0.00149704391203587,NA,0.447065827045886,-0.579184334478695,0.185526524064599,-0.263922670869929,-3.39055371886808,-4.57749888573366e-05,3.38267813074878e-05,-4.90047366530521e-07,2.39659639313524e-06,4.84072406137279e-05,-0.0575013717707407,0.00423192489051871,-7.17307102604536e-06,4.21766799263423e-05,0.0639532811419485
337,0.00144990050736915,NA,0.447021255619591,-0.579151392359302,0.185526046300759,-0.263920337013805,-3.39050657546341,-4.45714262953875e-05,3.29421193934618e-05,-4.77763839983368e-07,2.333856124373e-06,4.71434046665154e-05,-0.0555099501298173,0.00408465268719738,-6.45059117232449e-06,4.07658262702171e-05,0.0617621424225945
338,0.00140399952437864,NA,0.44697786748824,-0.579119321203683,0.185525583556786,-0.263918064808124,-3.39046067448042,-4.33881313510434e-05,3.20711556185254e-05,-4.62743973364641e-07,2.27220568087558e-06,4.59009829906542e-05,-0.0535724899464185,0.00394089624933258,-5.68888935958967e-06,3.93583832192235e-05,0.0596266363572795
339,0.0013593197153452,NA,0.446935642337561,-0.579088107379011,0.185525137687863,-0.263915853135677,-3.39041599467139,-4.2225150679332e-05,3.12138246722686e-05,-4.45868922413758e-07,2.211672446841e-06,4.46798090332759e-05,-0.0516880481882254,0.00380066524030553,-5.04996933159418e-06,3.79964149033185e-05,0.0575458375351445
340,0.00131583999462359,-417.635897945609,0.446894559828806,-0.579057737278816,0.185524709085721,-0.263913700753438,-3.39037251495066,-4.10825087540096e-05,3.03701001954554e-05,-4.2860214277164e-07,2.15238223919166e-06,4.3479720721513e-05,-0.0498556352113155,0.00366397159723419,-4.65490757051157e-06,3.67037955584237e-05,0.0555188444195664
341,0.00127353943361674,NA,0.44685459962106,-0.579028197269385,0.185524296726485,-0.263911606279268,-3.39033021438966,-3.99602077465361e-05,2.95400094309127e-05,-4.12359235259911e-07,2.09447417004653e-06,4.23005610070198e-05,-0.0480742363606623,0.00353085795268271,-4.5167780626798e-06,3.54856410922366e-05,0.0535447844640657
342,0.00123239725636459,NA,0.446815741393459,-0.578999473639809,0.18552389861389,-0.263909568255275,-3.39028907221241,-3.88582276004855e-05,2.87236295756073e-05,-3.98112595406137e-07,2.03802399311982e-06,4.11421772522252e-05,-0.0463428159491741,0.0034013680760836,-4.57532678410644e-06,3.43288775184192e-05,0.0516227936486757
343,0.00119239283508144,NA,0.446777964866803,-0.578971552553288,0.185523512509213,-0.263907585280104,-3.39024906779112,-3.77765266564533e-05,2.79210865212167e-05,-3.86104676641185e-07,1.98297517091977e-06,4.00044212829371e-05,-0.0446603274895097,0.0032755502843429,-4.71175098937238e-06,3.32028093907866e-05,0.0497520272801921
344,0.00115350568511463,NA,0.446741249824547,-0.578944420002195,0.185523136743505,-0.263905656150427,-3.39021018064116,-3.67150422563783e-05,2.71325510925428e-05,-3.7576570848582e-07,1.92912967702597e-06,3.88871499668244e-05,-0.0430257148309465,0.00315345289436664,-4.78223682875978e-06,3.20721937896451e-05,0.0479316690871201
345,0.00111571545969857,NA,0.446705576132811,-0.578918061785884,0.18552277068431,-0.263903779859572,-3.39017239041574,-3.56736917356164e-05,2.63582163110992e-05,-3.66059195203788e-07,1.8762908551491e-06,3.77902254162262e-05,-0.0414379201174597,0.0030350918223121,-4.69412952952553e-06,3.09330516756745e-05,0.0461609249668982
346,0.00107900194443822,NA,0.446670923759641,-0.578892463508187,0.18552241477774,-0.263901955637788,-3.39013567690048,-3.46523731700145e-05,2.55982776970691e-05,-3.5590657019549e-07,1.8242217835809e-06,3.67135152605294e-05,-0.0398958815139849,0.00292045285732456,-4.4246917241253e-06,2.97717406283482e-05,0.0444390241227666
347,0.0010433450515519,NA,0.446637272792483,-0.578867610589774,0.18552207019314,-0.263900182773335,-3.39010002000759,-3.36509671576451e-05,2.48529184128276e-05,-3.44584599036425e-07,1.77286445324112e-06,3.56568928864622e-05,-0.0383985519647467,0.00280949734587921,-4.02167188440217e-06,2.86252088699257e-05,0.0427652184953331
348,0.00100872481426206,NA,0.446604603454351,-0.578843488299849,0.185521738223227,-0.263898460488929,-3.3900653997703,-3.26693381328599e-05,2.41222899254335e-05,-3.3196991308993e-07,1.7222844059376e-06,3.46202372897132e-05,-0.0369448940773509,0.00270215309683408,-3.5811353882309e-06,2.75207412414602e-05,0.0411387759413628
349,0.000975121382059907,NA,0.446572896117726,-0.578820081793395,0.185521419688267,-0.263896787864403,-3.3900317963381,-3.17073366249556e-05,2.34065064536534e-05,-3.18534960019563e-07,1.67262452571821e-06,3.36034322022071e-05,-0.0355338977442443,0.00259833484506089,-3.20653725793818e-06,2.64770960711758e-05,0.0395589671597918
350,0.000942515017222423,-417.635865646911,0.446542131316913,-0.578797376162024,0.185521114508196,-0.26389516384658,-3.38999918997326,-3.07648008127868e-05,2.27056313711229e-05,-3.05180071391096e-07,1.62401782289289e-06,3.26063648376634e-05,-0.034164571616202,0.00249793060902448,-2.97973201668356e-06,2.54942733590724e-05,0.0380250577336483
351,0.000910886092547081,NA,0.446512289758025,-0.5787753564783,0.185520821635204,-0.263893587238295,-3.38996756104859,-2.9841558887792e-05,2.20196837240894e-05,-2.92872991528148e-07,1.57660828528478e-06,3.16289246752514e-05,-0.0328359584500504,0.0024008329546632,-2.92516233457718e-06,2.4576820578659e-05,0.0365363069931846
352,0.000880215091004555,NA,0.446483352327351,-0.57875400783517,0.18552053938972,-0.263892056917741,-3.38993689004705,-2.89374306742919e-05,2.13486431304367e-05,-2.82245484555909e-07,1.53032055452246e-06,3.06710015423318e-05,-0.0315471260137201,0.00230693729008635,-2.99792191071901e-06,2.36769892580924e-05,0.0350919543734562
353,0.000850482606961744,NA,0.446455300097489,-0.578733315391184,0.185520265940964,-0.263890571973447,-3.389907157563,-2.80522298615943e-05,2.06924439859074e-05,-2.73448755926337e-07,1.48494429372196e-06,2.97324840428968e-05,-0.0302971790233642,0.0022161253809827,-3.1235458664014e-06,2.2762378648622e-05,0.0336912228249275
354,0.00082166934872463,NA,0.446428114332443,-0.578713264405196,0.185519999786989,-0.263889131763751,-3.38987834430477,-2.71857650464283e-05,2.00509859881848e-05,-2.66153975159361e-07,1.4402096954725e-06,2.88132582371486e-05,-0.0290852426587662,0.00212829093015898,-3.22131654684199e-06,2.18153672904009e-05,0.0323333210872079
355,0.000793756140784918,NA,0.4464017764921,-0.578693840268151,0.18551974017535,-0.263887735863181,-3.38985043109683,-2.63378403427401e-05,1.94241370449897e-05,-2.59611638379133e-07,1.3959005703569e-06,2.79132079396683e-05,-0.027910456878999,0.0020433287772903,-3.21449533657869e-06,2.08427763936925e-05,0.0310174692685905
356,0.000766723928270707,NA,0.446376268234976,-0.578675028545533,0.185519487061228,-0.263886383998042,-3.38982339888431,-2.55082571244432e-05,1.88117226173621e-05,-2.53114122743139e-07,1.35186513937909e-06,2.70322125143979e-05,-0.0267719951807521,0.00196111386685516,-3.09967163047986e-06,1.98548377738916e-05,0.0297428573503566
357,0.000740553780744779,NA,0.446351571421124,-0.578656815016795,0.18551924090181,-0.263885075861655,-3.38979722873679,-2.46968138516255e-05,1.821352873837e-05,-2.46159417669579e-07,1.30813638613801e-06,2.61701475259456e-05,-0.0256690361766232,0.00188152171176625,-2.90185653284425e-06,1.88896365216351e-05,0.0285086900930764
358,0.000715226896570886,NA,0.446327668114058,-0.578639185703711,0.185519002304976,-0.263883810923062,-3.38977190185261,-2.39033070655266e-05,1.76293130840821e-05,-2.38596833794091e-07,1.26493859379894e-06,2.53268841738369e-05,-0.0246007817850113,0.00180444146735681,-2.6733459890238e-06,1.79898052010685e-05,0.0273141677098465
359,0.000690724607944837,NA,0.446304540581742,-0.578622126908216,0.185518771630305,-0.263882588319844,-3.38974739956399,-2.31275323165336e-05,1.70587954950244e-05,-2.30674671658654e-07,1.2226032174555e-06,2.45022886262173e-05,-0.0235664572301175,0.00172974523593439,-2.47894149651984e-06,1.7182628653245e-05,0.0261584835925532
360,0.000667028387138391,-417.635849520942,0.446282171297184,-0.578605625232342,0.185518548736306,-0.263881406906903,-3.38972370334318,-2.23692845582451e-05,1.65016758740964e-05,-2.22893998502677e-07,1.18141294127665e-06,2.36962208065923e-05,-0.0225653036522999,0.00165732956247666,-2.36411779042101e-06,1.64629909704672e-05,0.0250408146484915
361,0.000644119853354219,NA,0.446260542938077,-0.578589667593371,0.18551833298994,-0.263880265384709,-3.38970079480939,-2.16283591065902e-05,1.59576389711539e-05,-2.1574636630973e-07,1.14152219384032e-06,2.29085337843015e-05,-0.021596587203021,0.00158709724473738,-2.33399077842478e-06,1.58075863510021e-05,0.0239603298268776
362,0.000621980779978326,NA,0.44623963838679,-0.578574241224194,0.185518123495477,-0.263879162475344,-3.38967865573602,-2.09045512874902e-05,1.54263691765904e-05,-2.09494462538804e-07,1.10290936549246e-06,2.21390733760301e-05,-0.0206595797180853,0.00151897324940364,-2.35729658015771e-06,1.51806034409674e-05,0.02291619296102
363,0.000600593102634495,NA,0.446219440730042,-0.578559333659185,0.185517919406044,-0.263878097021703,-3.38965726805867,-2.01976567473891e-05,1.49075650090134e-05,-2.04089433122425e-07,1.06545364095041e-06,2.1387677343748e-05,-0.0197535683810202,0.00145290584896429,-2.38628672377672e-06,1.45598733070074e-05,0.0219075559471094
364,0.000579938927534052,NA,0.446199933258403,-0.578544932723801,0.185517720166091,-0.263877068169688,-3.38963661388357,-1.95074716389328e-05,1.44009353838924e-05,-1.99239952636327e-07,1.02885201466514e-06,2.06541751005761e-05,-0.0188778540177736,0.00138884047373722,-2.38060238189064e-06,1.39039002533536e-05,0.0209335661338628
365,0.000560000539572503,NA,0.446181099466199,-0.578531026510308,0.185517525718333,-0.263876075280667,-3.38961667549561,-1.88337922043567e-05,1.39062134934082e-05,-1.9444775823845e-07,9.92889021225976e-07,1.99383879613355e-05,-0.0180317420017673,0.00132674585984205,-2.30272689805133e-06,1.32257582663442e-05,0.0199933748490366
366,0.000540760409992735,NA,0.446162923052065,-0.578517603348876,0.185517336420852,-0.263875117794663,-3.38959743536603,-1.81764141339953e-05,1.34231614321538e-05,-1.89297480947637e-07,9.57486003885822e-07,1.92401295797954e-05,-0.0172145382748567,0.00126660154364799,-2.1594814825221e-06,1.25504584502778e-05,0.0190861408100318
367,0.000522201203899453,NA,0.446145387918803,-0.578504651788,0.185517152840218,-0.263874195125753,-3.38957887615994,-1.75351332623629e-05,1.29515608755561e-05,-1.83580633850165e-07,9.22668909984704e-07,1.85592060933495e-05,-0.0164255686740944,0.00120837739814306,-1.97871941054473e-06,1.18984644359443e-05,0.0182110261448543
368,0.000504305787723425,NA,0.446128478174289,-0.578492160571292,0.185516975475339,-0.263873306519322,-3.38956098074376,-1.69097445136398e-05,1.24912167080725e-05,-1.77364879800785e-07,8.88606431076045e-07,1.78954161762287e-05,-0.0156641533521906,0.00115205182282807,-1.80193637788761e-06,1.129990323534e-05,0.0173671952552468
369,0.000487057235587951,NA,0.44611217813149,-0.578480118607769,0.185516804598948,-0.26387245095811,-3.38954373219163,-1.63000427994157e-05,1.20419635230999e-05,-1.70876390265235e-07,8.55561211552348e-07,1.72485521355018e-05,-0.0149296346307892,0.00109761629119021,-1.65528035722673e-06,1.07769437818206e-05,0.0165538313012803
370,0.000470438835981746,-417.635842012965,0.44609647230855,-0.578468514956506,0.185516640121607,-0.263871627203777,-3.38952711379202,-1.57058229390537e-05,1.16036512631467e-05,-1.64477341297289e-07,8.23754333566722e-07,1.66183996060722e-05,-0.0142213633580468,0.00104504522369098,-1.56319401867222e-06,1.03250386018772e-05,0.0157701157377232
371,0.000454434098426493,NA,0.44608134542888,-0.578457338803228,0.185516481696899,-0.263870833912018,-3.38951110905447,-1.5126879670644e-05,1.11761532778344e-05,-1.58424708440461e-07,7.93291758472694e-07,1.60047375551509e-05,-0.0135387000455012,0.00099432725164661,-1.51374024426332e-06,9.92372406471986e-06,0.015015232861515
372,0.000439026759296635,NA,0.446066782420901,-0.578446579439511,0.185516328894458,-0.26387006983838,-3.38949570171534,-1.45630079790388e-05,1.07593637172336e-05,-1.52802441060923e-07,7.6407363881748e-07,1.54073391298565e-05,-0.0128810194155449,0.000945450437939144,-1.48304479807848e-06,9.5320729087689e-06,0.0142883828857521
373,0.000424200787191076,NA,0.446052768417843,-0.578436226248661,0.185516181425379,-0.263869333914418,-3.38948087574323,-1.40140030579978e-05,1.0353190849372e-05,-1.47469078336412e-07,7.35923961320019e-07,1.48259721053839e-05,-0.0122477052855174,0.000898396024240355,-1.43700162880123e-06,9.13246367417742e-06,0.0135887768237808
374,0.000409940388005126,NA,0.446039288757951,-0.578426268689096,0.185516039214748,-0.263868625357543,-3.38946661534405,-1.34796598915767e-05,9.95755956486427e-06,-1.42210631571687e-07,7.08556875522981e-07,1.42603991857283e-05,-0.0116381448833636,0.000853150936563907,-1.36253675009357e-06,8.69931682245806e-06,0.0129156347838943
375,0.000396230009312326,NA,0.446026328984173,-0.578416696292787,0.185515902395169,-0.263867943609904,-3.38945290496535,-1.29597737783982e-05,9.57239630912421e-06,-1.36819578332038e-07,6.81747639121988e-07,1.37103786930185e-05,-0.0110517419216194,0.000809682774161047,-1.25794485938968e-06,8.24002199806273e-06,0.0122681922221091
376,0.00038305434361563,NA,0.446013874845167,-0.578407498655382,0.18551577121212,-0.263867288206078,-3.38943972929966,-1.24541390061597e-05,9.1976374055935e-06,-1.31183049452802e-07,6.55403825280096e-07,1.31756656967101e-05,-0.0104878904494399,0.000767971641835175,-1.13516307465034e-06,7.77731656853575e-06,0.0116457073318088
377,0.000370398331234867,NA,0.446001912295392,-0.578398665440592,0.18551564588452,-0.263866658636858,-3.38942707328728,-1.19625497748057e-05,8.83321478985874e-06,-1.25327599737799e-07,6.29569219873525e-07,1.26560123809044e-05,-0.00994600554804492,0.000727978886061464,-1.01408659247681e-06,7.33678007236449e-06,0.0110474508119296
378,0.000358247162504099,NA,0.445990427495731,-0.578390186388978,0.1855155264047,-0.263866054263369,-3.38941492211854,-1.14847996613439e-05,8.47905161386158e-06,-1.19479819725148e-07,6.04373489491085e-07,1.21511687306472e-05,-0.00942550343552284,0.000689659600539017,-9.25410859053954e-07,6.93603396939579e-06,0.0104727109828673
379,0.000346586279982297,NA,0.445979406813516,-0.578382051327592,0.185515412526616,-0.263865474317899,-3.38940326123602,-1.102068221442e-05,8.13506138544779e-06,-1.13878084090876e-07,5.79945470247141e-07,1.16608825217425e-05,-0.0089258168145534,0.000652967173664365,-8.73683347890619e-07,6.57678356219549e-06,0.00992078412309638
380,0.000335401379088829,-417.635838788893,0.445968836823699,-0.578374250175968,0.185515303887112,-0.263864917892906,-3.38939207633513,-1.05699898169198e-05,7.8011516239988e-06,-1.08639504194861e-07,5.56424992542857e-07,1.11849008936653e-05,-0.00844637099817191,0.000617859541307553,-8.43556335894391e-07,6.26300789008383e-06,0.00939099777497177
381,0.00032467840955519,NA,0.445958704308425,-0.578366772967521,0.18551520004535,-0.263864384081411,-3.3893813533656,-1.01325152745557e-05,7.47720844758388e-06,-1.03841761782221e-07,5.33811494934098e-07,1.07229695337186e-05,-0.00798662085799151,0.000584273038839456,-8.30482349556405e-07,5.96912741457345e-06,0.00888267720711156
382,0.000314403575023992,NA,0.445948996258432,-0.578359609860242,0.185515100653032,-0.263863872054189,-3.38937107853106,-9.708049992687e-06,7.16310727838106e-06,-9.93923179628232e-08,5.12027221908045e-07,1.02748345313889e-05,-0.00754600478103384,0.000552157075617288,-8.10018718766514e-07,5.67979441257194e-06,0.00839518349948776
383,0.000304563333299868,NA,0.445939699873149,-0.578352751158537,0.185515005523283,-0.263863381151717,-3.38936123828934,-9.29638528325439e-06,6.85870170524164e-06,-9.51297489724803e-08,4.90902472335789e-07,9.84024172416496e-06,-0.00712398616542487,0.000521445144840982,-7.70796759752557e-07,5.37568212166661e-06,0.00792787886894075
384,0.00029514439527567,NA,0.445930802562739,-0.578346187318046,0.185514914601763,-0.26386291083394,-3.38935181935132,-8.8973104097749e-06,6.56384049086563e-06,-9.09215205171014e-08,4.70317777164535e-07,9.41893802403368e-06,-0.00672000965096231,0.000492092340209638,-7.15090209268965e-07,5.06361175212078e-06,0.00748015452245454
385,0.000286133723840454,NA,0.445922291948938,-0.578339908969314,0.185514827924685,-0.263862460705152,-3.38934280867988,-8.51061380136674e-06,6.27834873236495e-06,-8.66770778726832e-08,4.50128787891763e-07,9.01067143510195e-06,-0.00633354261481145,0.000464028175883868,-6.47446540824603e-07,4.73676209367113e-06,0.0070514130356969
386,0.00027751853248148,NA,0.445914155867086,-0.578333906928799,0.185514745474747,-0.26386203038551,-3.38933419348852,-8.13608185196812e-06,6.00204051454735e-06,-8.24499382454585e-08,4.30319641495638e-07,8.61519135876905e-06,-0.00596404333919054,0.000437197513747378,-5.87760951020755e-07,4.41730207967339e-06,0.00664107233205868
387,0.000269286283074432,NA,0.445906382368439,-0.578328172205328,0.185514667102966,-0.263861619419342,-3.38932596123911,-7.77349864618692e-06,5.73472347188511e-06,-7.83717805496335e-08,4.10966168541878e-07,8.23224940725657e-06,-0.00561097238005459,0.000411550900025759,-5.47970557818189e-07,4.1222847357858e-06,0.00624857307229831
388,0.00026142468394541,NA,0.445898959722269,-0.578322696005278,0.185514592606245,-0.263861227226412,-3.38931809963999,-7.42264617008826e-06,5.47620004962688e-06,-7.44967210670845e-08,3.92192929508706e-07,7.8615991289139e-06,-0.00527379881987144,0.000387040586247167,-5.18411980010569e-07,3.8619418774033e-06,0.00587336387525283
389,0.000253921688179837,NA,0.445891876417379,-0.578317469740015,0.185514521624347,-0.263860853141308,-3.38931059664422,-7.08330489031153e-06,5.22626526312118e-06,-7.09818981064238e-08,3.74085104078164e-07,7.50299576572884e-06,-0.00495200538352947,0.000363615981768817,-5.14432940690313e-07,3.63058916263981e-06,0.00551490131783794
390,0.000246765492261325,-417.63583752894,0.445885121164062,-0.578312485032411,0.185514453779743,-0.263860496461803,-3.3893034404483,-6.75525331745626e-06,4.98470760374975e-06,-6.78446044865053e-08,3.56679505415034e-07,7.15619591851711e-06,-0.00464507536435121,0.000341227632816299,-5.17843545821961e-07,3.42026851285482e-06,0.00517264822974539
391,0.000239944532447911,NA,0.445878682896629,-0.578307733704043,0.185514388826753,-0.263860156484304,-3.38929661948849,-6.43826743288313e-06,4.75132836784279e-06,-6.49529892350525e-08,3.39977498641005e-07,6.82095981349051e-06,-0.00435249035035667,0.000319851665153692,-5.07611730427016e-07,3.22472715197364e-06,0.00484610950479691
392,0.000233447483284355,NA,0.445872550774838,-0.578303207781162,0.185514326664629,-0.263859832579549,-3.38929012243932,-6.13212179110023e-06,4.52592288131962e-06,-6.21621242728236e-08,3.23904755229048e-07,6.49704916358342e-06,-0.00407375182476244,0.00029944146717753,-4.80326889373828e-07,3.02975422528107e-06,0.00453477298378857
393,0.000227263255208943,NA,0.4458667141855,-0.578298899491151,0.185514267305347,-0.263859524231803,-3.38928393821125,-5.83658933792599e-06,4.30829001043955e-06,-5.93592815304234e-08,3.08347745861335e-07,6.18422807541053e-06,-0.00380836524982442,0.000279962932836497,-4.38831193605438e-07,2.82682321994798e-06,0.00423814924488397
394,0.000221380992173614,NA,0.445861162744211,-0.578294801249275,0.185514210831878,-0.263859230951288,-3.38927805594821,-5.55144128891217e-06,4.09824187653642e-06,-5.64734697426815e-08,2.93280515320666e-07,5.88226303529895e-06,-0.00355584063527203,0.000261395598499803,-3.87672116630711e-07,2.63014499068959e-06,0.00395575966649631
395,0.0002157900696802,NA,0.445855886296711,-0.578290905665344,0.185514157277953,-0.263858952302418,-3.38927246502572,-5.27644749993857e-06,3.89558393061994e-06,-5.35539244968649e-08,2.78648869963433e-07,5.59092249336506e-06,-0.00331569879108429,0.000243695126300736,-3.42765815730672e-07,2.4340351956198e-06,0.00368713074294647
396,0.000210480092563969,NA,0.445850874919632,-0.578287205527851,0.185514106566312,-0.263858687810982,-3.3892671550486,-5.01137707859982e-06,3.7001374927068e-06,-5.07116408867916e-08,2.64491435596517e-07,5.30997711618518e-06,-0.0030874747380949,0.000226846168516204,-3.13207237923052e-07,2.25440999201965e-06,0.00343180261097586
397,0.000205440893790598,NA,0.445846118921204,-0.578283693797303,0.185514058496935,-0.263858436947626,-3.38926211584983,-4.7559984283337e-06,3.51173054879524e-06,-4.80693776778531e-08,2.50863356825211e-07,5.03919877336456e-06,-0.00287071088678204,0.000210823714041908,-3.01838554150891e-07,2.09467998502078e-06,0.00318931199672079
398,0.000200662531861351,NA,0.4458416088412,-0.578280363598264,0.18551401285643,-0.263858199156796,-3.3892573374879,-4.51008000396894e-06,3.33019903834271e-06,-4.56405046768438e-08,2.37790829163658e-07,4.77836192914844e-06,-0.00266496613221534,0.000195605593944492,-2.95017343887594e-07,1.95029770111432e-06,0.00295922347959277
399,0.000196135290139843,NA,0.445837335450135,-0.578277208214225,0.185513969435511,-0.263857973873899,-3.38925281024618,-4.27339106481374e-06,3.15538403878643e-06,-4.34209194883699e-08,2.25282896930402e-07,4.52724172151431e-06,-0.00246981642249011,0.000181167365553847,-2.90469870378729e-07,1.81842096935725e-06,0.00274108629128023
400,0.000191849675861722,-417.635837088311,0.445833289748111,-0.57827422107875,0.185513928087103,-0.263857760569891,-3.3892485246319,-4.04570202444681e-06,2.98713547495853e-06,-4.13484070792365e-08,2.13304008191752e-07,4.28561427819328e-06,-0.0022848502112538,0.000167490270541748,-2.80238054983784e-07,1.69109171110904e-06,0.00253446216902375
