"iter","err","ll","dens_0","conn_0","conn_X1","conn_X2","g0_1","step_dens_0","step_conn_0","step_conn_X1","step_conn_X2","step_g0_1","grad_dens_0","grad_conn_0","grad_conn_X1","grad_conn_X2","grad_g0_1"
1,1.56094332504602,-955.857333897184,-0.950000000002083,-1.92500000001353,0.05,-0.05,-4.95000000000206,0.0499999999979175,0.0749999999864699,0.05,-0.05,0.0499999999979406,240.098141321141,55.431818782381,11.93654927647,-15.6810348346426,242.791845910233
2,1.51094781104332,NA,-0.900007606289826,-1.85003939591448,0.1,-0.1,-4.90000448599936,0.0499923937122569,0.07496060409905,0.05,-0.05,0.0499955140026949,238.616588646892,54.3356424361718,9.3480866507889,-13.1825524169926,241.895800356815
3,1.46095995444454,NA,-0.850029127963483,-1.77517190404108,0.15,-0.15,-4.85001662940059,0.0499784783263431,0.0748674918733994,0.05,-0.05,0.0499878565987794,236.970572339033,52.7694645802512,6.57779259427116,-10.474766123707,240.975313037097
4,1.41098354124832,NA,-0.800071971328735,-1.70047518106812,0.2,-0.2,-4.80004021620436,0.0499571566347476,0.0746967229729651,0.05,-0.05,0.0499764131962244,235.143624532839,50.7518613881075,3.64258659487859,-7.57805846433257,239.969832474571
5,1.36102340736266,NA,-0.750144792029944,-1.62605295649643,0.25,-0.25,-4.7500800823187,0.0499271792987907,0.0744222245716832,0.05,-0.05,0.0499601338856599,233.118415803801,48.3189370686432,0.568226088262236,-4.51998224548333,238.815250960442
6,1.31108591165683,NA,-0.700257662640933,-1.55203639235035,0.293446743051368,-0.3,-4.70014258661287,0.0498871293890114,0.0740165641460786,0.0434467430513683,-0.05,0.0499374957058343,230.876839681287,45.5228294845256,-2.61105537219919,-1.33393191276809,237.445051056966
7,1.2611798528633,NA,-0.650422259611745,-1.47857329617398,0.317823825824162,-0.348701588870202,-4.65023652781934,0.0498354030291875,0.0734630961763703,0.0243770827727936,-0.0487015888702024,0.0499060587935232,228.399831538582,42.5356889911654,-5.50738429865305,1.97768693396938,235.749746258307
8,1.21131744081776,NA,-0.600652086524889,-1.4058014158097,0.323362819633243,-0.38267064765001,-4.6003741157738,0.0497701730868563,0.0727718803642877,0.00553899380908067,-0.0339690587798071,0.0498624120455416,225.666013994896,39.6539892517467,-7.41846901632925,5.39628692536098,233.61252117752
9,1.16151313568191,NA,-0.550962767954261,-1.33384119060495,0.313229517035127,-0.400149352611899,-4.55056981063795,0.0496893185706278,0.0719602252047432,-0.0101333025981159,-0.0174787049618898,0.0498043051358481,222.64886860853,36.9781328140562,-8.41145284425693,8.05170945113787,231.117595196793
10,1.11178313045362,-716.794532482663,-0.501372406153187,-1.26280263363229,0.291100168758506,-0.402132198347006,-4.50083980540966,0.0495903618010738,0.0710385569726671,-0.0221293482766204,-0.0019828457351065,0.0497300052282965,219.317624111,34.4723313662598,-8.63375503058705,9.74307258957197,228.316417254746
11,1.06214532483556,NA,-0.451902003585839,-1.19280034139848,0.260201865140299,-0.391218256342452,-4.4512019997916,0.0494704025673485,0.0700022922338098,-0.0308983036182078,0.0109139420045533,0.0496378056180566,215.637657859133,32.0291696561981,-8.2050091725705,10.3985486782676,225.224035334577
12,1.01261980258678,NA,-0.402575939394015,-1.12397053544032,0.223284260186422,-0.370423946558041,-4.40167647754282,0.0493260641918241,0.0688298059581546,-0.0369176049538767,0.0207943097844112,0.0495255222487794,211.572215520164,29.527307005992,-7.1914781938176,10.0413562961421,221.812901056637
13,0.963229611773116,NA,-0.353422486279926,-1.05648607025529,0.182882765744092,-0.34268765433186,-4.35228628672916,0.0491534531140891,0.0674844651850268,-0.0404014944423296,0.027736292226181,0.0493901908136661,207.084352794027,26.8682906892082,-5.64082130608767,8.74877831279264,218.028081171724
14,0.914001660330806,NA,-0.304474353542506,-0.990567135106503,0.141624507212279,-0.31087268083091,-4.30305833528685,0.0489481327374201,0.0659189351487912,-0.0412582585318137,0.0318149735009501,0.0492279514423099,202.138912627561,23.9949683225404,-3.62617393079745,6.64717420477245,213.80383872156
15,0.864967610823145,NA,-0.255769241745566,-0.926485961254885,0.102446177219586,-0.277945699825235,-4.25402428577919,0.0487051117969398,0.0640811738516185,-0.0391783299926921,0.0329269810056754,0.049034049507661,196.704412683175,20.8993184560313,-1.28524219462633,3.93148181387915,209.075313471203
16,0.816164706225765,NA,-0.207350401530188,-0.864564110295748,0.0685305170104781,-0.247075898156492,-4.20522138118181,0.0484188402153781,0.0619218509591363,-0.0339156602091083,0.0308698016687429,0.0488029045973806,190.754283257775,17.6221112462827,1.15616278094421,0.884194914760883,203.786199097067
17,0.767636501276095,NA,-0.159267207686478,-0.805162173069792,0.0427810764022573,-0.221428738096913,-4.15669317623214,0.0480831938437095,0.0594019372259561,-0.0257494406082208,0.0256471600595783,0.0485282049496701,184.26670583267,14.2415533809981,3.39913238804002,-2.13478255204791,197.892576301228
18,0.719433539756182,NA,-0.11157578018929,-0.748663988891389,0.0270332545328703,-0.203597212281745,-4.10849021471222,0.047691427497188,0.0564981841784036,-0.015747821869387,0.0178315258151686,0.0482029615199124,177.223055708282,10.8511688745239,5.14266353320636,-4.74863805948189,191.361488207349
19,0.671614069556512,NA,-0.0643396816097827,-0.695458869678405,0.021619576258664,-0.195003541726994,-4.06067074451255,0.0472360985795076,0.0532051192129835,-0.00541367827420628,0.00859367055475063,0.0478194701996696,169.606518321643,7.53704212343109,6.18085235259969,-6.6588337824669,184.165718791292
20,0.624244860996492,-514.921279611732,-0.0176306842778971,-0.645924161561058,0.0255852008107434,-0.195733988329582,-4.01330153595253,0.0467089973318856,0.0495347081173469,0.00396562455207943,-0.000730446602587947,0.0473692085600202,161.402862196383,4.36736141750771,6.45522198283288,-7.71559578311098,176.280247516161
21,0.577402105576634,NA,0.0284704405566566,-0.600408277867501,0.0372023558228027,-0.204838876888588,-3.96645878053267,0.0461011248345537,0.0455158836935572,0.0116171550120593,-0.00910488855900541,0.0468427554198582,152.603361791535,1.39556903604898,6.03343640023013,-7.9191824818281,167.684154624794
22,0.531172293032102,NA,0.0738731724704415,-0.559213821260324,0.0543802523646034,-0.22076125372786,-3.92022896798814,0.0454027319137849,0.0411944566071768,0.0171778965418007,-0.0159223768392728,0.046229812544532,143.207947702422,-1.33323591285262,5.05577412070579,-7.37196776185556,158.3668030338
23,0.485652926229894,NA,0.118476578373414,-0.522581793897978,0.0748800546844712,-0.241645762101535,-3.87470960118593,0.0446034059029725,0.0366320273623467,0.0204998023198677,-0.020884508373675,0.0455193668022083,133.226987039166,-3.78107486881163,3.69331883405266,-6.22826531696319,148.33514347913
24,0.440952931940554,NA,0.162168764586887,-0.490679313086114,0.096428022227264,-0.265500326639044,-3.83000960689659,0.0436921862134733,0.0319024808118633,0.0215479675427929,-0.0238545645375083,0.0446999942893393,122.681401758769,-5.92110641889576,2.12671041310841,-4.66416289611971,137.619534989994
25,0.397192652993491,NA,0.204826463337445,-0.463593351548106,0.116836238281013,-0.29028546249382,-3.78624932794953,0.0426576987505581,0.0270859615380078,0.0204082160537488,-0.0247851358547762,0.0437602789470629,111.60168929564,-7.7426914691614,0.535273239279377,-2.86357433139983,126.276393610851
26,0.354503355232016,NA,0.246314782759362,-0.441331767870233,0.134185250106609,-0.314009036721605,-3.74356003018806,0.0414883194219164,0.0222615836778732,0.0173490118255966,-0.0237235742277855,0.0426892977614759,100.026878755557,-9.25381662057134,-0.913828587272292,-1.00956649077943,114.386967534301
27,0.313026233569651,NA,0.28648719081317,-0.423831034533252,0.147042852862527,-0.33486707342874,-3.70208290852569,0.0401724080538081,0.0175007333369809,0.0128576027559179,-0.0208580367071349,0.0414771216623648,88.0047400016792,-10.4793242115875,-2.08014056795491,0.726371491737154,102.052817895242
28,0.272910929766071,NA,0.325185876975106,-0.410968490732681,0.154633784256361,-0.351418131218429,-3.66196760472211,0.0386986861619358,0.0128625438005716,0.00759093139383358,-0.0165510577896885,0.0401153038035803,75.5943194150177,-11.4554009121548,-2.86497799095287,2.19846625668652,89.389891410292
29,0.234313563164172,NA,0.362242719750819,-0.402576219643927,0.156887796752548,-0.362734246271892,-3.62337023812021,0.0370568427757135,0.00839227108875411,0.00225401249618721,-0.0113161150534638,0.0385973666018983,62.8708097082153,-12.2220915227444,-3.22070684546816,3.30087886140973,76.5235708223599
30,0.197394233431433,-424.831061051857,0.397481143359509,-0.398453900946832,0.154365638649269,-0.368468235804735,-3.58645090838747,0.0352384236086895,0.00412231869709466,-0.00252215810327885,-0.00573398953284284,0.0369193297327391,49.9313635202725,-12.8161463914012,-3.15068161455656,3.97705198793119,63.586268025233
31,0.179737294843955,NA,0.430719137887019,-0.398378952870502,0.14811860435904,-0.368819116543554,-3.55137058998181,0.03323799452751,7.49480763297802e-05,-0.0062470342902291,-0.000350880738818901,0.0350803184056613,36.8997267861459,-13.2661958821245,-2.70159036972473,4.22102273716973,50.7174740414484
32,0.176002798583601,NA,0.461773630439333,-0.402113449130856,0.139535335527314,-0.364425073996897,-3.51828734074551,0.0310544925523147,-0.00373449626035336,-0.0085832688317261,0.00439404254665712,0.0330832492363027,23.9279182352448,-13.591101155157,-1.9525622093397,4.07111483866629,38.0647429261671
33,0.16870805484654,NA,0.490466237720123,-0.409408192867916,0.130194585505088,-0.356229256580145,-3.48735181414789,0.0286926072807896,-0.00729474373706089,-0.00934075002222571,0.00819581741675173,0.030935526597617,11.1941235491031,-13.8009495742608,-1.00411492610419,3.59903374601345,25.7836034342063
34,0.158111528216345,NA,0.516630222492892,-0.420004719498112,0.121715440402187,-0.345349084900579,-3.45870219024497,0.0261639847727694,-0.0105965266301957,-0.00847914510290133,0.0108801716795665,0.0286496239029271,-1.10316336360938,-13.8993264050669,0.0324296036069427,2.89760373448189,14.0349204394852
35,0.144480323233037,NA,0.540118248012483,-0.43363592448142,0.115595409253081,-0.332958590998176,-3.43245879236901,0.0234880255195911,-0.0136312049833075,-0.00612003114910584,0.0123904939024025,0.0262433978759512,-12.75415070495,-13.8854511629916,1.04567055814186,2.06906956691455,2.97931556076492
36,0.12809057136861,NA,0.560810319645045,-0.450025676345847,0.113047281500104,-0.320182130268164,-3.40871878876331,0.0206920716325611,-0.0163897518644272,-0.00254812775297709,0.0127764607300126,0.0237400036057052,-23.5489357049801,-13.7553026615933,1.93514332977429,1.21461235266906,-7.23064001590501
37,0.132884695108321,NA,0.578621172302949,-0.46888743988333,0.114867603849156,-0.307998501203677,-3.38755144710473,0.0178108526579047,-0.0188617635374827,0.0018203223490519,0.0121836290644866,0.0211673416585834,-33.2896786562742,-13.5016736896887,2.62137113850258,0.425252393938536,-16.4590215854332
38,0.147769868789075,NA,0.593506345983703,-0.489921812371875,0.121370335833986,-0.297160773902643,-3.36899439140694,0.0148851736807534,-0.0210343724885451,0.00650273198483031,0.0108377273010337,0.0185570556977843,-41.8025915172393,-13.1138514620943,3.05270196065521,-0.225548408252507,-24.5943738923415
39,0.159729825622434,NA,0.605466302817062,-0.512813031716427,0.13239487984945,-0.288141509687364,-3.35305121171934,0.0119599568333597,-0.0228912193445521,0.0110245440154635,0.0090192642152791,0.0159431796876035,-48.9487648957265,-12.5779071635179,3.20725973665503,-0.687065031570455,-31.5556603715095
40,0.16881168264603,-423.697616698086,0.614548159840658,-0.537224838958617,0.147368978740512,-0.281111523066171,-3.33969062805095,0.00908185702359611,-0.0244118072421905,0.0149740988910626,0.0070299866211929,0.01336058366839,-54.6330274028151,-11.8782274154228,3.0902994274129,-0.933866892296464,-37.2959455916089
41,0.175108421822548,NA,0.620844899017176,-0.562796382263815,0.165396001936084,-0.275954145764445,-3.32884724776481,0.00629673917651755,-0.025571543305198,0.0180270231955715,0.00515737730172606,0.0108433802861369,-58.8100746489317,-11.0002319826208,2.72902615961357,-0.965779182138249,-41.8039243953672
42,0.178755734313536,NA,0.624492211508164,-0.589139009322198,0.185345177447035,-0.272310559912355,-3.32042380790942,0.00364731249098823,-0.0263426270583825,0.0199491755109508,0.00364358585209,0.00842343985539368,-61.4871533156247,-9.93368337901757,2.16724106735455,-0.805700889259242,-45.1035239581188
43,0.179926901809111,NA,0.625663379003739,-0.615834793041187,0.205939947018495,-0.269648532147623,-3.31429467533434,0.001171167495575,-0.0266957837189897,0.02059476957146,0.00266202776473256,0.00612913257507882,-62.7228168008287,-8.67583353738155,1.46114502058481,-0.495872511692141,-47.2516672624579
44,0.178826273257408,NA,0.624562750452036,-0.642437515494745,0.225851695951776,-0.267346611713848,-3.3103102936594,-0.00110062855170294,-0.0266027224535574,0.0199117489332817,0.00230192043377474,0.00398438167494292,-62.621720924767,-7.23377299152617,0.676187993917665,-0.0929771971414084,-48.3341620656574
45,0.175681947608749,NA,0.621418424803377,-0.668476639672894,0.243807656357789,-0.264786006361877,-3.30830221909639,-0.00314432564865953,-0.0260391241781486,0.0179559604060129,0.00256060535197047,0.0020080745630103,-61.3260038494445,-5.62557376838413,-0.116227388957668,0.337888680519427,-48.4597576212309
46,0.170738234784082,NA,0.61647471197871,-0.693464549525933,0.25871214716612,-0.26144099901375,-3.30808837796336,-0.00494371282466717,-0.0249879098530396,0.0149044908083308,0.00334500734812736,0.000213841133028786,-59.0043412142904,-3.88007700848902,-0.843627977928918,0.730444930923113,-47.7527242071574
47,0.164248365798933,NA,0.609984842993561,-0.716907056069274,0.269764624913114,-0.256956605140896,-3.30947820765066,-0.00648986898514888,-0.0234425065433414,0.0110524777469936,0.00448439387285443,-0.00138982968730196,-55.8401325559998,-2.03547138085014,-1.4395742709894,1.02531595643995,-46.3447243845394
48,0.160200632385633,NA,0.602204267727842,-0.73831688010009,0.276547269299612,-0.25120187017257,-3.31227740570944,-0.00778057526571919,-0.0214098240308155,0.00678264438649878,0.00575473496832547,-0.00279919805878546,-52.0203335611313,-0.137081466391464,-1.85207370975604,1.17787720796514,-44.3670248222361
49,0.179113302553393,NA,0.593384744127113,-0.75722955026785,0.279058887663767,-0.244290641268102,-3.31629209703637,-0.00881952360072821,-0.0189126701677599,0.00251161836415457,0.00691122890446844,-0.00401469132692512,-47.72613847706,1.76510247399619,-2.05107841168228,1.16425837575207,-41.9440382222547
50,0.195104643717609,-422.17145221911,0.583769308723595,-0.773220891432066,0.277689087668066,-0.236567721422901,-3.32133231869333,-0.0096154354035178,-0.0159913411642161,-0.00136979999570153,0.00772291984520069,-0.00504022165696403,-43.1261123276272,3.61875039288861,-2.03277119851464,0.984163502835145,-39.1887714005179
51,0.207808760261863,NA,0.573588139343985,-0.78592500797632,0.273144070584487,-0.228563981405649,-3.32721479793769,-0.0101811693796108,-0.0127041165442539,-0.00454501708357806,0.00800374001725244,-0.00588247924435974,-38.3717167630948,5.3712484401558,-1.81953152093683,0.660055292769357,-36.20021105462
52,0.216935166849532,NA,0.563055278443675,-0.795051414563988,0.266342303476633,-0.220927342514242,-3.33376505237799,-0.0105328609003094,-0.00912640658766865,-0.00680176710785405,0.00763663889140693,-0.0065502544402942,-33.5947534836123,6.97159605863362,-1.45593555828327,0.233147879953322,-33.0623029060462
53,0.222283566786338,NA,0.552366170074777,-0.800399814500795,0.258295543781339,-0.21433819621429,-3.3408188734471,-0.0106891083688984,-0.00534839993680633,-0.00804675969529484,0.00658914629995142,-0.00705382106911214,-28.906175949146,8.37233259403547,-1.001955549782,-0.24288033614539,-29.8440953770296
54,0.223754829655534,NA,0.541695960556555,-0.801871077369991,0.249986253013177,-0.209419469051449,-3.34822327290368,-0.0106702095182219,-0.00147126286919616,-0.00830929076816191,0.00491872716284139,-0.00740439945658259,-24.3958773717168,9.53160838946587,-0.524592753095021,-0.70945687468793,-26.6007176958283
55,0.221357036828084,NA,0.53119851052111,-0.799473284542541,0.242252105796059,-0.206653474156896,-3.35583698328682,-0.0104974500354448,0.00239779282744962,-0.00773414721711772,0.00276599489455338,-0.00761371038313364,-20.1332531077014,10.4153650249827,-0.08898463818241,-1.11099482182908,-23.3749742636746
56,0.2152060173061,NA,0.521006058370094,-0.793322265020557,0.23569118025663,-0.206318239155004,-3.36353061014516,-0.0101924521510166,0.0061510195219841,-0.00656092553942926,0.000335235001891924,-0.00769362685834052,-16.1684435659026,10.9994311168293,0.250037396085645,-1.40209994185625,-20.1993871428385
57,0.205520465745208,NA,0.511229462097945,-0.783636713459665,0.230602414572988,-0.208453287720554,-3.37118653688728,-0.00977659627214895,0.00968555156089199,-0.00508876568364113,-0.00213504856555082,-0.00765592674212758,-12.5341825099667,11.2712280900951,0.454888387935171,-1.55315836934733,-17.098523403547
58,0.192612348766029,NA,0.501958930904005,-0.770728596480486,0.226971383008431,-0.212859063402634,-3.37869868146301,-0.00927053119393992,0.0129081169791791,-0.00363103156455759,-0.0044057756820795,-0.00751214457573066,-9.24814580969269,11.230761191996,0.509645008719417,-1.55356516870597,-14.0914302215833
59,0.176873715635818,NA,0.49326514438309,-0.754989963350274,0.224502717292077,-0.219127775008716,-3.38597219591206,-0.00869378652091449,0.0157386331302117,-0.00246866571635392,-0.00626871160608209,-0.00727351444904984,-6.31564535865436,10.8906610910253,0.421235450858148,-1.41224068329393,-11.1939657301718
60,0.158761168826843,-418.42363380477,0.485200650066464,-0.7368774165413,0.222692027041382,-0.226698985525107,-3.3929231825717,-0.00806449431662585,0.0181125468089747,-0.00181069025069481,-0.00757121051639079,-0.00695098665963418,-3.73245252319521,10.2752073968304,0.21726303828018,-1.15551390194923,-8.42076401170289
61,0.138779151701064,NA,0.477801433642735,-0.716895399415521,0.220924851674657,-0.234931363102496,-3.39947847334215,-0.00739921642372907,0.0199820171257786,-0.00176717536672545,-0.00823237757738905,-0.00655529077045032,-1.48748276160404,9.41844663771008,-0.059108691630172,-0.822786386152075,-5.78655845856701
62,0.117462969802357,NA,0.471088571824313,-0.695579217516814,0.218587517617665,-0.243181415315466,-3.40557548389761,-0.00671286181842192,0.0213161818987074,-0.00233733405699169,-0.0082500522129701,-0.0060970105554611,0.434936022202237,8.36167000556998,-0.356361627495971,-0.460600057863303,-3.30667170260313
63,0.0953621799587719,NA,0.465069903035911,-0.673478427673229,0.215173326475475,-0.250879456472298,-3.41116212087772,-0.00601866878840261,0.0221007898435848,-0.00341419114219009,-0.00769804115683177,-0.00558663698010823,2.05341843354745,7.15061693995267,-0.622795442950519,-0.115891035648019,-0.996674954762966
64,0.0730247290377226,NA,0.459741679398296,-0.651140976752179,0.210367607940746,-0.257592633162969,-3.41619669636953,-0.0053282236376149,0.0223374509210493,-0.00480571853472896,-0.00671317669067154,-0.0050345754918131,3.38855546317518,5.83279399450021,-0.814375926552202,0.17063616382984,1.12855063548523
65,0.0509820427762084,NA,0.455090186580313,-0.629098290490665,0.204098502893986,-0.263065821514639,-3.42064779676653,-0.00465149281798301,0.0220426862615141,-0.00626910504675987,-0.00547318835166924,-0.00445110039699928,4.46249709398217,4.45521772235224,-0.900984349527789,0.37000152985911,3.0559661956886
66,0.0354373872517901,NA,0.451093329601507,-0.607851425768311,0.196547119462498,-0.267234521320331,-3.42449406220783,-0.00399685697880614,0.0212468647223541,-0.00755138343148849,-0.00416869980569268,-0.00384626544129997,5.29881292436585,3.06271828037552,-0.870100627139436,0.468418569425921,4.77535990626166
67,0.0386671771567286,NA,0.447722181103903,-0.587858413532324,0.188118511310047,-0.270208929918141,-3.42772385211277,-0.00337114849760379,0.0199930122359874,-0.00842860815245021,-0.00297440859780944,-0.00322978990493836,5.92232945450633,1.69675236577405,-0.727516153915531,0.468214919919774,6.27992469162564
68,0.0412781184176247,NA,0.444942477851629,-0.569523011935219,0.179380778953827,-0.272233494042595,-3.43033479337367,-0.00277970325227395,0.0183354015971048,-0.00873773235622068,-0.00202456412445422,-0.00261094126089606,6.35872993768771,0.394563618897337,-0.495269032967371,0.38618714313543,7.56638156417466
69,0.0432765487821354,NA,0.44271603827713,-0.553185204078783,0.170982619757484,-0.273629945585471,-3.43233322373818,-0.00222643957449861,0.0163378078564363,-0.00839815919634289,-0.00139645154287656,-0.00199843036451084,6.63385826840113,-0.811462707588362,-0.207397668532394,0.249840906008103,8.63475471248876
70,0.0446768757424576,-417.935717055963,0.441002065612011,-0.539113841335314,0.163561165382416,-0.274733687805971,-3.4337335506985,-0.00171397266511991,0.0140713627434689,-0.00742145437506824,-0.00110374222049917,-0.00140032696032225,6.77282001845469,-1.89431594492362,0.0957249113753278,0.0922742179909619,9.48797390321943
71,0.0506144468757156,NA,0.439758301457006,-0.527501800838741,0.157653205250782,-0.275833668482742,-3.43455754637933,-0.00124376415500473,0.0116120404965725,-0.00590796013163374,-0.0010999806767713,-0.000823995680831223,6.79906280140585,-2.83272557567216,0.373660777199802,-0.0534083136471963,10.1314678352082
72,0.0596523577928298,NA,0.438942003422659,-0.518463889921627,0.153623353741901,-0.277124809079677,-3.43483359454714,-0.000816298034346501,0.00903791091711426,-0.00402985150888128,-0.0012911405969348,-0.000276048167813086,6.73361967074015,-3.61132723867286,0.591911215792607,-0.159269098958248,10.5728456395582
73,0.0660787156649391,NA,0.438510734155525,-0.512037532049518,0.151620664723916,-0.278679728730939,-3.43459590076901,-0.00043126926713432,0.00642635787210926,-0.00200268901798409,-0.00155491965126257,0.000237693778132527,6.594627315053,-4.22061377037153,0.726759420217604,-0.206538217071284,10.821681068478
74,0.0699301797598703,NA,0.43842296299663,-0.508186067954587,0.151569946118908,-0.280443143551931,-3.43388367376727,-8.7771158894518e-05,0.00385146409493118,-5.07186050089159e-05,-0.00176341482099191,0.000712227001742254,6.39713430643951,-4.65670696598863,0.768186758932643,-0.187908228781453,10.8893525714393
75,0.0713118993074711,NA,0.43863849257666,-0.506804348406986,0.153197120002704,-0.282248549590093,-3.43274028597279,0.000215529580029803,0.00138171954760078,0.0016271738837969,-0.00180540603816155,0.00114338779447826,6.15314885919815,-4.92100796577688,0.7204475269873,-0.107896928511764,10.788874463401
76,0.0703900497711777,NA,0.439118730516673,-0.507726197943279,0.156081985762625,-0.283853356975982,-3.43121242300079,0.000480237940012731,-0.000921849536293427,0.00288486575992022,-0.00160480738588949,0.00152786297199958,5.87186694758657,-5.01976437760732,0.600356168547478,0.0186334244745012,10.5346794248362
77,0.0673829612273812,NA,0.439826832536834,-0.510733286487076,0.159728185931002,-0.284986033101478,-3.42934923312509,0.000708102020160741,-0.00300708854379653,0.0036462001683775,-0.00113267612549581,0.00186318987570297,5.56004951761224,-4.9635583690133,0.433749369790348,0.169453618923399,10.1423584601434
78,0.0625513010245714,NA,0.440727748695132,-0.515564946689885,0.163638838035721,-0.285397224136262,-3.42720148710346,0.000900916158297851,-0.00483166020280975,0.00391065210471833,-0.00041119103478403,0.00214774602162483,5.22253683982399,-4.76670595332962,0.250824789418402,0.318917678896469,9.62840175191104
79,0.0561877369905917,NA,0.441788208300433,-0.521928510723865,0.167386343430486,-0.284906371422728,-3.42482075578377,0.00106045960530116,-0.0063635640339797,0.00374750539476542,0.000490852713534536,0.00238073131969249,4.86286959130666,-4.44657464242937,0.0811394676247801,0.442255549160109,9.00998818508469
80,0.0486064442094829,-417.855183276724,0.442976678915589,-0.529509803504974,0.170666043795592,-0.283436186452931,-3.42225860944258,0.00118847061515654,-0.00758129278110875,0.00327970036510608,0.00147018496979622,0.0025621463411914,4.48393848898831,-4.02285549625958,-0.0509667808046288,0.51954194418613,8.30483856134379
81,0.0401327405547394,NA,0.444263328851359,-0.537983507159717,0.1733259808983,-0.281029525367932,-3.41956584124637,0.00128664993576968,-0.00847370365474352,0.00265993710270751,0.00240666108499949,0.00269276819620843,4.08854445140605,-3.51684024053611,-0.129847992980103,0.538727103958081,7.53109700553978
82,0.0310930632133974,NA,0.445620010920762,-0.547023184501059,0.175369091332517,-0.277846355455643,-3.41679171931439,0.00135668206940321,-0.00903967734134195,0.00204311043421697,0.0031831699122887,0.00277412193197856,3.67975432141066,-2.95074091525294,-0.150427953826693,0.497270985988507,6.70716876300048
83,0.0249266024364863,NA,0.447020270903979,-0.556310796624302,0.176929031731084,-0.274141934251693,-3.41398327739253,0.00140025998321681,-0.00928761212324282,0.00155994039856745,0.00370442120395025,0.00280844192186471,3.26099202652586,-2.34705635477894,-0.118234750630108,0.402163812509571,5.85144514786862
84,0.0221279860528303,NA,0.448439371492976,-0.565545558529924,0.178225346982498,-0.270230327631767,-3.41118466100887,0.00141910058899747,-0.00923476190562152,0.00129631525141397,0.00391160661992598,0.00279861638365614,2.83588764261822,-1.72795788785152,-0.0476619277378632,0.268391945041913,4.9818871525531
85,0.0193798762366781,NA,0.449854315177611,-0.57445194923129,0.179506970585539,-0.266439560328304,-3.40843655119272,0.00141494368463452,-0.00890639070136668,0.00128162360304106,0.00379076730346282,0.0027481098161522,2.40797924504932,-1.11465657482768,0.0411814272638367,0.116160970833334,4.11549780380938
86,0.016719013971938,NA,0.451243849210201,-0.582786648854293,0.180994667952666,-0.263065853655867,-3.40577568892798,0.00138953403258997,-0.00833469962300228,0.00148769736712665,0.00337370667243666,0.00266086226473997,1.98039556096319,-0.526735666426248,0.126440947951778,-0.0326207396028622,3.26776253245953
87,0.0141778445496019,NA,0.4525884415333,-0.590344145335718,0.182832849382843,-0.260334442793336,-3.40323451950564,0.00134459232309862,-0.00755749648142513,0.00183818143017703,0.00273141086253156,0.00254116942233608,1.55563361488475,0.018524717688706,0.188587351317437,-0.15798558933966,2.45215725385606
88,0.018844518746273,NA,0.453870225705187,-0.59696076646073,0.185059162433945,-0.258373261960603,-3.40084096758593,0.00128178417188735,-0.00661662112501202,0.00222631305110281,0.00196118083273331,0.00239355191971262,1.13549858383521,0.506759874383533,0.213858405686551,-0.245052828518055,1.67981111076188
89,0.0244007147917803,NA,0.455072922306929,-0.602516962506237,0.187596695306225,-0.257203408873191,-3.39861834304392,0.00120269660174222,-0.00555619604550723,0.00253753287227984,0.00116985308741191,0.0022226245420083,0.721217218142556,0.926979554947138,0.196470525111181,-0.286149081603071,0.959374530680179
90,0.028821534484158,-417.657990619531,0.456181751739995,-0.606937782198615,0.190269205188311,-0.256747177399723,-3.39658536681488,0.00110882943306583,-0.00442081969237779,0.00267250988208598,0.000456231473467265,0.00203297622903823,0.313693553835037,1.27179896026064,0.139245093464524,-0.281573434790516,0.297100842772124
91,0.0320753754396901,NA,0.457183357680559,-0.610191623154147,0.192835490399244,-0.256851274067918,-3.39475629674989,0.00100160594056444,-0.00325384095553205,0.0025662852109329,-0.000104096668194256,0.00182907006499,-0.0861445022337648,1.53741127007834,0.0526088473407071,-0.238937890912894,-0.302883993299474
92,0.0341712165719412,NA,0.458065761709386,-0.612287464286398,0.195035664085867,-0.257320280906354,-3.39314112703249,0.000882404028826771,-0.00209584113225114,0.00220017368662242,-0.000469006838436301,0.00161516971740672,-0.476961431559175,1.72332456088498,-0.0477648677588149,-0.17127824378349,-0.838170381598502
93,0.0351546275361231,NA,0.45881836801278,-0.61327087525058,0.19664015158759,-0.257953917543957,-3.39174583171945,0.000752606303394158,-0.000983410964181838,0.00160448750172313,-0.000633636637603136,0.00139529531303468,-0.856644408600005,1.83192802467147,-0.144168367910424,-0.0943424367960688,-1.30757447379892
94,0.0351028869680061,NA,0.459432032530675,-0.613219134682463,0.197491991341283,-0.25858135281544,-3.39057262408403,0.000613664517894479,5.17405681169359e-05,0.000851839753693171,-0.000627435271483126,0.00117320763542584,-1.22200053056076,1.86797155038221,-0.22028516411865,-0.0235891997135695,-1.71064286291767
95,0.0341195306982451,NA,0.459899203350724,-0.612235778412702,0.19753456425984,-0.259086706892791,-3.38962020901463,0.000467170820048826,0.000983356269760943,4.25729185565868e-05,-0.000505354077350713,0.000952415069391306,-1.56857793058407,1.83803701759189,-0.264173993400618,0.0285447339365419,-2.04723595857104
96,0.0323286079392545,NA,0.460214128744356,-0.610444855653711,0.196819975292898,-0.259421800438471,-3.38888401525303,0.00031492539363233,0.00179092275899061,-0.000714588966941412,-0.000335093545680284,0.000736193761604189,-1.89066495522638,1.75005660992156,-0.270265744575227,0.0546258735312222,-2.31726635206542
97,0.0298688660860779,NA,0.460373117199123,-0.607985113800535,0.195497290363283,-0.259604788623656,-3.3883564060516,0.000158988454766966,0.00245974185317669,-0.00132268492961552,-0.000182988185184578,0.000527609201428183,-2.18150222053737,1.61290439052664,-0.24004202487049,0.0531339958342869,-2.52063983850803
98,0.0268880289195512,NA,0.460374822228202,-0.605004276634008,0.193783762951942,-0.25970604519636,-3.38802687827901,1.70502907930045e-06,0.00298083716652664,-0.00171352741134102,-0.000101256572703836,0.000329527772589111,-2.43370681403121,1.436062654534,-0.181338340325965,0.0282004441487516,-2.65740098825518
99,0.0235372880974437,NA,0.46022051611537,-0.601653535811901,0.191925254570395,-0.259824983722631,-3.38788226838164,-0.000154306112831733,0.00335074082210751,-0.00185850838154689,-0.000118938526270912,0.00014460989737285,-2.63986521702009,1.22934970704591,-0.106484510524751,-0.0116963576601847,-2.72803634743468
100,0.0199660983124079,-417.665550819371,0.459914313094292,-0.598082346026865,0.190153779212637,-0.26006298970612,-3.38790698701419,-0.000306203021078252,0.00357118978503574,-0.00177147535775787,-0.000238005983489805,-2.47186325470543e-05,-2.7932158582189,1.00268826884076,-0.0297050667086296,-0.0557589112304413,-2.73385294860873
101,0.0163173535896182,NA,0.45946330467617,-0.594433601304075,0.188650291641286,-0.260498055887839,-3.38808330202691,-0.000451008418122017,0.00364874472278971,-0.00150348757135082,-0.000435066181718939,-0.000176315012718103,-2.88832423507301,0.765890713410045,0.0356812057589195,-0.0931860347463953,-2.67733714906626
102,0.0131411003457467,NA,0.458877577540375,-0.590839272664526,0.187519499292479,-0.261166040722288,-3.38839168266494,-0.000585727135795347,0.00359432863954897,-0.00113079234880673,-0.000667984834448563,-0.000308380638035409,-2.92165687994839,0.528437240632229,0.079712656315678,-0.115313671358308,-2.5624100561572
103,0.0124336189793356,NA,0.458170096173964,-0.58741660165195,0.186780845499584,-0.26205188209335,-3.38881120808843,-0.000707481366411078,0.0034226710125756,-0.000738653792895606,-0.000885841371061488,-0.000419525423485231,-2.89198094890253,0.299228320841394,0.0974302673739658,-0.11718247378667,-2.39452414973584
104,0.0116199691673462,NA,0.457356446361974,-0.5842649614229,0.186376420459322,-0.263091943824292,-3.38932003278967,-0.000813649811989454,0.00315164022905082,-0.000404425040262003,-0.00104006173094296,-0.000508824701245266,-2.80054578752242,0.0863060751044031,0.0894397243200729,-0.0982691602757768,-2.18058075518002
105,0.0107179725062147,NA,0.456454449700843,-0.581463505742409,0.186193147776174,-0.264186405190239,-3.38989589206877,-0.0009019966611315,0.00280145568049019,-0.000183272683147575,-0.00109446136594685,-0.000575859279099095,-2.65103438266578,-0.103441628880319,0.0613414727013151,-0.0622963653995612,-1.92868022679704
106,0.00974719454400985,NA,0.455483671738638,-0.579069715777489,0.186093890321123,-0.265218675908617,-3.39051662382923,-0.000970777962204847,0.00239378996491985,-9.92574550509321e-05,-0.00103227071837781,-0.00062073176045875,-2.44930193332493,-0.264562214624675,0.022208757854969,-0.0162190900709902,-1.64774125266831
107,0.00872837837183416,NA,0.454464855566462,-0.577118920164385,0.185950625968525,-0.266077584716028,-3.3911606794909,-0.00101881617217572,0.00195079561310396,-0.000143264352598215,-0.000858908807411023,-0.000644055661671293,-2.20294532368825,-0.393262990314724,-0.0175258935541933,0.0313606551571866,-1.34704277627407
108,0.00768284027288652,NA,0.453419317467515,-0.575624808387712,0.185672788009434,-0.266677751923825,-3.39180759720666,-0.00104553809894765,0.00149411177667374,-0.000277837959091294,-0.000600167207797014,-0.000646917715762656,-1.920768962691,-0.487541200868691,-0.0483167332276935,0.0720025002465263,-1.03575104049014
109,0.00663186372338176,NA,0.45236834091801,-0.574580890180281,0.185225204543706,-0.266974147783928,-3.39243841476271,-0.00105097654950476,0.00104391820743068,-0.000447583465727797,-0.000296395860102512,-0.000630817556049302,-1.612225476606,-0.547195448348248,-0.0634214472938766,0.0990864026562122,-0.722495582863303
110,0.00559612295288431,-417.639580101835,0.451332600147512,-0.57396278635748,0.18463250182945,-0.266968213936396,-3.3930360067983,-0.00103574077049744,0.000618103822801596,-0.000592702714255384,5.93384753153265e-06,-0.000597592035590098,-1.28690757208005,-0.573713640505957,-0.0601157455548673,0.108997849110892,-0.415047862816209
111,0.00459515878920597,NA,0.450331635983834,-0.573731179342053,0.183969826891132,-0.266704777082439,-3.39358533990507,-0.00100096416367832,0.000231607015426996,-0.000662674938318534,0.000263436853957191,-0.000549333106764745,-0.954148451342007,-0.570049630823632,-0.0399937670181316,0.101629075288656,-0.120135064207716
112,0.0050169729795444,NA,0.449383397006344,-0.573835211313721,0.183342646173616,-0.266260905232168,-3.39407364793558,-0.000948238977490466,-0.000104031971668116,-0.000627180717515724,0.000443871850270452,-0.000488308030517826,-0.622756191432927,-0.540312893804185,-0.00833988622161996,0.0801371339775869,0.156607060262104
113,0.00543386173434701,NA,0.448503850404761,-0.574216097623687,0.182860583285514,-0.265729440506341,-3.39449053669039,-0.000879546601582601,-0.000380886309966172,-0.000482062888102703,0.000531464725827563,-0.000416888754802536,-0.300872739558145,-0.489402553967011,0.0272490001407277,0.0500559190186323,0.41056713882881
114,0.00577135589950384,NA,0.447706661103148,-0.574810724260671,0.18261133377483,-0.265200875997726,-3.39482803085554,-0.000797189301613149,-0.000594626636984398,-0.000249249510683976,0.000528564508614817,-0.000337494165156687,0.00407878701480513,-0.422621384359445,0.0586618733677824,0.0179872813532711,0.638022193015786
115,0.00602390130128949,NA,0.44700293534481,-0.575555020934208,0.182640439017571,-0.264747365565308,-3.39508057625733,-0.000703725758338016,-0.00074429667353699,2.91052427412295e-05,0.000453510432418046,-0.000252545401785635,0.285406919147135,-0.345307560678521,0.0790869205502531,-0.00982879839739326,0.835985750882173
116,0.0061883327176413,NA,0.446401025710996,-0.576386943798306,0.182941189484143,-0.264411975244205,-3.39524500767368,-0.000601909633813781,-0.000831922864098264,0.000300750466572007,0.000335390321102652,-0.000164431416351821,0.537170305392465,-0.262520203477834,0.0844455252035914,-0.0287570645696178,1.00208753451625
117,0.00626381277099064,NA,0.445906397406091,-0.577248958572774,0.183456513453372,-0.264204978536453,-3.39532048772703,-0.000494628304904526,-0.000862014774467928,0.000515323969228937,0.000206996707752679,-7.54800533495282e-05,0.754233441284669,-0.178806792519026,0.0741497734679797,-0.0365721854223011,1.13451632273609
118,0.00625174218689084,NA,0.44552155925619,-0.578089976431986,0.18409195872078,-0.264107371358784,-3.39530841714293,-0.000384838149901789,-0.000841017859212022,0.000635445267408204,9.76071776683439e-05,1.20705840997075e-05,0.932372808506443,-0.0980654778004464,0.0510476741055754,-0.0336837308623217,1.2320375856234
119,0.00615563732293634,NA,0.445246065924483,-0.578866750425027,0.184736427078167,-0.264080207222232,-3.39521231227898,-0.000275493331706561,-0.000776773993040425,0.000644468357386722,2.71641365524138e-05,9.61048639546152e-05,1.06842771288029,-0.0234969348866798,0.0206072252240119,-0.0227728264690086,1.29407649239965
120,0.00598096843350593,-417.640237848149,0.445076599257184,-0.579544779719346,0.185285715595524,-0.26407717622041,-3.39503764338955,-0.000169466667299128,-0.000678029294319565,0.000549288517357624,3.03100182206022e-06,0.000174668889430506,1.16047390008589,0.042376077544759,-0.0104405177125955,-0.00796189965512895,1.32083988262366
121,0.00573495235285026,NA,0.445007135657604,-0.580098787436998,0.185663485356806,-0.264057317058373,-3.39479162730889,-6.94635995803904e-05,-0.000554007717651864,0.000377769761281695,1.98591620365226e-05,0.000246016080655705,1.20798581519921,0.0976529065610521,-0.0356669278289701,0.00626450002982892,1.31343883367663
122,0.00542629630870106,NA,0.445029202654579,-0.580512836091258,0.185835080435643,-0.263994949594942,-3.39448297126474,2.20669969758792e-05,-0.000414048654259926,0.000171595078836813,6.23674634309507e-05,0.000308656044149389,1.21194790324353,0.140994475827938,-0.0503552655573003,0.0161269872478442,1.27396958362169
123,0.00506489492888607,NA,0.445132221695109,-0.580780128382273,0.185811442269104,-0.263884766514429,-3.39412156988493,0.000103019040529691,-0.000267292291014265,-2.36381665386769e-05,0.000110183080513505,0.000361401379814859,1.17487835154861,0.171581636436713,-0.0524418237546342,0.0193645746549009,1.20551632846855
124,0.00466148904144514,NA,0.445303926643925,-0.580902518977169,0.185642754001311,-0.263741298745839,-3.39371816399749,0.000171704948815591,-0.00012239059489625,-0.000168688267793164,0.000143467768590355,0.000403405887441071,1.10074154406448,0.189103185448403,-0.0427987077955549,0.0156253855720934,1.11205491350574
125,0.00422730108019342,NA,0.44553083996259,-0.580889743885623,0.185403825385675,-0.263593351015859,-3.39328397603623,0.000226913318664929,1.2775091545922e-05,-0.000238928615635524,0.000147947729979337,0.000434187961251555,0.994745232674177,0.193770445093833,-0.0248293048343839,0.00637526454738691,0.99825808888454
126,0.00377366625844333,NA,0.445798782610478,-0.580758365440947,0.185175034678434,-0.263475159312301,-3.39283034121448,0.000267942647888712,0.000131378444675669,-0.00022879070724153,0.000118191703558263,0.000453634821750271,0.86304016235772,0.186343625045993,-0.00350822745076584,-0.00561811475563445,0.869225647761596
127,0.00331168011824001,NA,0.44609339054193,-0.580530437130101,0.185023480483566,-0.26341668953464,-3.39236835507428,0.000294607931451979,0.000227928310845856,-0.000151554194868205,5.84697776606022e-05,0.000461986140203307,0.712357299335054,0.168147650470019,0.015879604688962,-0.0170718089975708,0.730179041852352
128,0.00285188125482749,NA,0.446400610783884,-0.580231914147504,0.184988704591983,-0.263435542882978,-3.39190855621087,0.000307220241953892,0.000298522982597509,-3.47758915831658e-05,-1.88533483381327e-05,0.000459798863412531,0.549626533370429,0.141053376978562,0.0289883013238068,-0.0250368242404875,0.586166739822147
129,0.00240398342425951,NA,0.446707153282584,-0.579890868872443,0.185076036306085,-0.263532381944024,-3.3914606583803,0.000306542498699597,0.000341045275060907,8.73317141022658e-05,-9.68390610451808e-05,0.000447897830568176,0.381620029656915,0.107404916320775,0.0333551867015558,-0.027601336682892,0.441821746335336
130,0.00197666491435999,-417.635990535725,0.447000880230735,-0.579535607893766,0.185258629291261,-0.263690806935123,-3.3910333398704,0.000293726948151313,0.000355260978676543,0.000182592985176552,-0.000158424991098902,0.000427318509899678,0.214654497767697,0.0698847389912771,0.0288340692122802,-0.0242882344991813,0.301199344789893
131,0.00157741636566122,NA,0.447271121328237,-0.57919281878437,0.18548711948534,-0.263881458586491,-3.3906340913217,0.000270241097501503,0.000342789109396322,0.000228490194078184,-0.000190651651368463,0.000399248548698935,0.054372939644054,0.0313230958681743,0.0174454959278592,-0.0160724312081584,0.167704700402282
132,0.00177243300114155,NA,0.44750891019577,-0.578885891025001,0.185704055013201,-0.264069093487426,-3.39026911744229,0.000237788867532974,0.000306927759369041,0.000216935527861865,-0.000187634900934679,0.000364973879416481,-0.0943890836424544,-0.00552696747035952,0.00271633098236634,-0.00504069021189935,0.0441016078411849
133,0.00197066566900528,NA,0.447707142863633,-0.578633550024736,0.185859252681791,-0.264220717117453,-3.38994328431344,0.000198232667863749,0.000252341000264667,0.000155197668589794,-0.000151623630027735,0.000325833128842369,-0.227662274028262,-0.038217448263822,-0.0112994609935413,0.00619707236637623,-0.0674215209528484
134,0.00212418593299202,NA,0.44786066312762,-0.57844891522724,0.18592222760269,-0.264312712975965,-3.38966010276865,0.000153520263986758,0.00018463479749607,6.29749208986026e-05,-9.19958585113308e-05,0.000283181544791053,-0.34234804843436,-0.0648019897653285,-0.0210605628581106,0.015181982462309,-0.165160980714063
135,0.00222980411006352,NA,0.447966281304692,-0.578339047115265,0.185888781588863,-0.264335282665796,-3.38942173958588,0.000105618177071488,0.000109868111974821,-3.34460138265701e-05,-2.2569689830808e-05,0.000238363182772274,-0.436194162602987,-0.0839722031287238,-0.0243803634702999,0.0201924086695726,-0.247815632405946
136,0.00228625560325207,NA,0.44802273279788,-0.578304991986335,0.185780449713738,-0.264293290521225,-3.38922905130411,5.64514931885662e-05,3.40551289299687e-05,-0.000108331875125705,4.19921445707181e-05,0.000192688281767241,-0.507764859207782,-0.0951160319573319,-0.020876451571894,0.0206017620030252,-0.314438987061294
137,0.00229410448559231,NA,0.44803058168022,-0.578342277707097,0.185637363354009,-0.264203568810445,-3.38908163925248,7.8488823402272e-06,-3.72857207614734e-05,-0.000143086359728824,8.972171077957e-05,0.00014741205162966,-0.556419768713567,-0.0982945942951119,-0.0119403813414465,0.0169343127254251,-0.364437264579465
138,0.00225559605084757,NA,0.447992073245476,-0.57844176775757,0.185506717397767,-0.264089630335946,-3.38897792761028,-3.85084347447382e-05,-9.94900504731598e-05,-0.00013064595624166,0.000113938474498841,0.000103711642202335,-0.582303376290838,-0.0941477810556535,-0.000264308255282231,0.0106268947774879,-0.397608715161368
139,0.00217446190012943,NA,0.447910939094757,-0.578590751955511,0.185430030169014,-0.263975329586776,-3.38891526793788,-8.11341507181237e-05,-0.000148984197941041,-7.6687228753388e-05,0.000114300749170864,6.26596723969802e-05,-0.586334845706915,-0.0837499300132549,0.0109303078943412,0.00357892474767141,-0.414205009064972
140,0.00205568214821372,-417.636397713802,0.447792159342842,-0.578774144173886,0.185432530879552,-0.263879173313886,-3.38889007309961,-0.000118779751915729,-0.000183392218375254,2.50071053870817e-06,9.61562728896219e-05,2.51948382733664e-05,-0.570181057923946,-0.0684435241282699,0.0187497073511622,-0.00237770450439712,-0.414987513863707
141,0.00190521172590474,NA,0.447641688920533,-0.578975669729155,0.185517297473729,-0.263810688021151,-3.3888979809047,-0.000150470422308957,-0.000201525555268968,8.476659417682e-05,6.84852927345398e-05,-7.90780508578673e-06,-0.53619518666892,-0.0496796081961293,0.0213477460420108,-0.00594519349306211,-0.401250927666297
142,0.00172968099472753,NA,0.447466158189356,-0.579178953328831,0.185665412970672,-0.263769606332995,-3.3889340437985,-0.000175530731177237,-0.000203283599676034,0.000148115496943209,4.10816881560618e-05,-3.60628938023414e-05,-0.487309062009444,-0.0288883978782906,0.0183324544877905,-0.00664526169202873,-0.374794433355419
143,0.00153608414484574,NA,0.447272561339474,-0.57936845483777,0.1858417867661,-0.263747825665706,-3.38899293657353,-0.000193596849881804,-0.000189501508938691,0.000176373795428045,2.17806672896513e-05,-5.88927750357914e-05,-0.426877512609281,-0.0073937383149314,0.0107727964859805,-0.00486118210574205,-0.337833185426462
144,0.0014139877388949,NA,0.447067948401075,-0.579530235453352,0.186004831922803,-0.263733346037999,-3.38906917047435,-0.000204612938398681,-0.000161780615581565,0.000163045156702454,1.44796277063707e-05,-7.62339008123135e-05,-0.358484148250682,0.0136272706185991,0.000827178041618026,-0.00164307721206569,-0.292857433237259
145,0.00153631536519405,NA,0.446859137433437,-0.579652563079651,0.186117275298803,-0.263714906840591,-3.38915730019102,-0.000208810967637701,-0.000122327626299108,0.000112443376000008,1.84391974087704e-05,-8.81297166760653e-05,-0.285727504092392,0.0331494578631464,-0.00888717465841182,0.00165388712503045,-0.242459227024483
146,0.00161013050139835,NA,0.446652462137848,-0.579726378215855,0.186155222065325,-0.263685935898839,-3.38925211061526,-0.000206675295589202,-7.38151362042626e-05,3.79467665221644e-05,2.89709417515813e-05,-9.48104242388753e-05,-0.212012523093108,0.0502863957763111,-0.0160034761620409,0.00378739343886991,-0.18915452812962
147,0.00162939209916768,NA,0.446453566848,-0.579745639813624,0.186113210516042,-0.263646708748065,-3.38934877284949,-0.000198895289848686,-1.92615977693282e-05,-4.20115492827833e-05,3.9227150773894e-05,-9.66622342263261e-05,-0.140372458190541,0.0642775097503545,-0.0190016248780012,0.00398239308196935,-0.135229525994873
148,0.00159131051318306,NA,0.446267256075236,-0.57970755822764,0.186004179680253,-0.263604194430661,-3.38944296326044,-0.000186310772763052,3.80815859846631e-05,-0.000109030835789338,4.25143174038595e-05,-9.41904109563228e-05,-0.073341330448784,0.0744897528193178,-0.017540660337545,0.00212708698654751,-0.0826342056825524
149,0.00149645796901765,NA,0.446097400417851,-0.579612705683474,0.185854688845245,-0.263569761345851,-3.38953094435536,-0.000169855657385381,9.48525441654511e-05,-0.000149490835007792,3.44330848106658e-05,-8.7981094920578e-05,-0.0128870954085869,0.080440561305295,-0.0124552917668552,-0.00123496761261777,-0.0329346022454047
150,0.00134873320053386,-417.635895817188,0.44594689568944,-0.579464980914991,0.185696980787963,-0.263555529346105,-3.3896096107917,-0.000150504728410678,0.000147724768483744,-0.00015770805728266,1.42319997452121e-05,-7.8666436334325e-05,0.0395960864807421,0.0818393345980439,-0.00543889029813727,-0.00510182701418671,0.012678664802479
151,0.00115515214142259,NA,0.445817668430884,-0.579271399855879,0.185560236063584,-0.263570512496585,-3.38967650695678,-0.000129227258556323,0.000193581059111236,-0.000136744724378578,-1.49831504798101e-05,-6.6896165077476e-05,0.0832484420243418,0.0786364540772411,0.00148111837461329,-0.00833190767934866,0.0533400742597223
152,0.000925443997078723,NA,0.445710719037736,-0.579041691711536,0.185463440061179,-0.263617707556234,-3.38972982369844,-0.000106949393148675,0.000229708144343811,-9.67960024049948e-05,-4.71950596491239e-05,-5.3316741661792e-05,0.117676561330882,0.0710641086243413,0.00651909829230135,-0.00998577831978764,0.0884394643207997
153,0.000711706038436954,NA,0.445626193552155,-0.578787699260909,0.185411688155055,-0.263692958423137,-3.38976838099448,-8.45254855804443e-05,0.000253992450626501,-5.17519061238225e-05,-7.52508669029297e-05,-3.85572960397518e-05,0.142876184554552,0.0596526632534733,0.00859693670918205,-0.00959116221110889,0.117555846941286
154,0.000734926157882398,NA,0.44556347633205,-0.578522609634142,0.185396684126255,-0.2637858736843,-3.38979160111392,-6.27172201046924e-05,0.000265089626767127,-1.50040288002337e-05,-9.29152611631956e-05,-2.32201194456148e-05,0.159161504029726,0.0452111032700486,0.00757837142373319,-0.00725854022221029,0.14041282895505
155,0.000742799063817134,NA,0.445521297619178,-0.578260070495286,0.185400965515559,-0.263882463118656,-3.38979947401986,-4.2178712872382e-05,0.000262539138855716,4.28138930403536e-06,-9.65894343557889e-05,-7.87290593475157e-06,0.167109340054594,0.0287681780264393,0.0042224547769365,-0.00362175057944114,0.156863987399447
156,0.000735839358026347,NA,0.445497851750539,-0.578013269118903,0.185404368609587,-0.263968670970003,-3.38979251431407,-2.34458686387194e-05,0.000246801376383288,3.40309402767815e-06,-8.62078513470476e-05,6.95970579063757e-06,0.167518504099462,0.0114803515316453,-0.000111453459794575,0.00036970789096813,0.166905821856744
157,0.000715032736057442,NA,0.445490922807022,-0.577794062246284,0.185390705371581,-0.264033757185259,-3.3897717076921,-6.92894351748453e-06,0.000219206872618568,-1.36632380055357e-05,-6.50862152557221e-05,2.08066219689524e-05,0.161377934659868,-0.00547924059901561,-0.00390652758142096,0.00373812895304582,0.170706629205597
158,0.000681770071068843,NA,0.445498014576083,-0.577612239945236,0.185352695473127,-0.264072569815545,-3.38973844502711,7.09176906170874e-06,0.000181822301047975,-3.800989845447e-05,-3.88126302862894e-05,3.32626649884384e-05,0.149833503542141,-0.0210322389193607,-0.00594263610764756,0.00575623914755852,0.168634732062856
159,0.000641259759672219,NA,0.445516480922615,-0.577474987954785,0.185293826922984,-0.264086123107238,-3.38969444375676,1.84663465313047e-05,0.000137251990451669,-5.88685501424128e-05,-1.3553291692956e-05,4.40012703534753e-05,0.134144007688519,-0.034288696610929,-0.00563073001558223,0.0061354950275927,0.16126956950302
160,0.000729663340652387,-417.635906702132,0.445543651432963,-0.577386584373804,0.185226798049968,-0.264080424607329,-3.38964165866902,2.7170510348285e-05,8.84035809801137e-05,-6.70288730157024e-05,5.69849990880571e-06,5.27850877326932e-05,0.115621073746297,-0.0446091723915742,-0.00313906525661878,0.00507356105572399,0.149384694054788
161,0.000767913186675462,NA,0.445576946162265,-0.577348334527781,0.185169218871089,-0.264064017125946,-3.38958218669639,3.32947293015867e-05,3.82498460230223e-05,-5.75791788790396e-05,1.64074813830461e-05,5.94719726338009e-05,0.0955545584702122,-0.0516290901941829,0.000711245888851408,0.00315482338919537,0.133900222749617
162,0.000757528737871382,NA,0.445613973067859,-0.577358718976585,0.185138018379995,-0.264045059751023,-3.3895181721265,3.70269055940197e-05,-1.03844488041319e-05,-3.12004910940964e-05,1.89573749232967e-05,6.40145698898043e-05,0.0751316429159488,-0.0552471493620033,0.00473516820420627,0.00114235092496529,0.115811527052756
163,0.000702538192933533,NA,0.445652602631988,-0.577413709521523,0.185144302883206,-0.264028864463202,-3.38945171914024,3.86295641296763e-05,-5.49905449378804e-05,6.28450321094182e-06,1.61952878215676e-05,6.64529862578915e-05,0.0553623578980478,-0.0555867052298709,0.00775981220613176,-0.000269612883130321,0.0961079814487675
164,0.00060904831994002,NA,0.445691016269055,-0.577507199394517,0.185190174277824,-0.264016613401291,-3.38938481762395,3.84136370667796e-05,-9.34898729934815e-05,4.58713946177939e-05,1.22510619106801e-05,6.69015162920017e-05,0.0370248812942009,-0.0529428439222102,0.00897062420790462,-0.000665085622131301,0.0756982194616285
165,0.000484751257988747,NA,0.445727728011149,-0.577631496456468,0.185268343438089,-0.264005575860273,-3.38931928601232,3.67117420938588e-05,-0.000124297061951326,7.81691602647368e-05,1.10375410174726e-05,6.55316116247254e-05,0.02064055252049,-0.0477284271482858,0.00812683595086128,-1.56370560944197e-05,0.05535639104437
166,0.00033840877091651,NA,0.445761582044554,-0.57777783894354,0.185364487235851,-0.263990657699002,-3.38925673210365,3.38540334045202e-05,-0.00014634248707224,9.61437977617525e-05,1.49181612716824e-05,6.25539086708027e-05,0.0064821864498299,-0.0404291228051079,0.00559072020678286,0.00133851017380948,0.0356977966475824
167,0.000183107442523645,NA,0.445791731230266,-0.577936907297062,0.185461476892304,-0.26396670225351,-3.38919853008779,3.0149185712531e-05,-0.000159068353522001,9.69896564536438e-05,2.39554454915713e-05,5.82020158603967e-05,-0.00538815129402792,-0.0315721638344257,0.0021746654965682,0.00282281746422086,0.0171843333873767
168,0.000147153686808843,NA,0.445817603222655,-0.578099317967276,0.18554409566945,-0.263930748497795,-3.38914581012392,2.58719923891852e-05,-0.000162410670213291,8.2618777145551e-05,3.59537557147871e-05,5.27199638749364e-05,-0.0150619951000408,-0.0217078826381112,-0.00113522730771365,0.00382994528536074,0.000152519987750566
169,0.00013984431449765,NA,0.445838860929694,-0.578256092028954,0.185602805835579,-0.263883498403211,-3.38909945611346,2.12577070384576e-05,-0.0001567740616789,5.8710166129545e-05,4.72500945839783e-05,4.63540104577854e-05,-0.0227214843562251,-0.011398503829696,-0.00348632397617621,0.0039216047298396,-0.0151481413013244
170,0.000282844180841457,-417.635839520815,0.445855362922672,-0.578399091895298,0.185635511126533,-0.263829528102032,-3.38906010787988,1.65019929787664e-05,-0.000142999866343823,3.27052909538402e-05,5.39703011788819e-05,3.93482335855496e-05,-0.0285838240188241,-0.00120706943107507,-0.00440156156855664,0.00296676716970978,-0.0285198615301852
171,0.000405166790610312,NA,0.445867127426307,-0.578521414505067,0.185646949223117,-0.263776199163241,-3.38902816547323,1.1764503634786e-05,-0.000122322609768808,1.14380965840451e-05,5.33289387918402e-05,3.19424066497332e-05,-0.0328627146473082,0.00831967497560981,-0.00388676141938049,0.00117516776754201,-0.0397949230546146
172,0.000501474569729154,NA,0.44587430132975,-0.578617722284186,0.185646107452217,-0.263731647456181,-3.38900379516903,7.17390344289576e-06,-9.63077791188275e-05,-8.4177090029135e-07,4.45517070599779e-05,2.43703041938325e-05,-0.0357501619419054,0.0166771997101023,-0.00238002428432083,-0.000979790115707146,-0.0488323553327064
173,0.000568240041111667,NA,0.44587713386735,-0.578684487755568,0.185642642819234,-0.263702512888402,-3.38898693829286,2.83253760032949e-06,-6.67654713824604e-05,-3.46463298333002e-06,2.91345677784986e-05,1.68568761680912e-05,-0.0374158554450332,0.0234364125617503,-0.000570811948819028,-0.00291914773242752,-0.0555309367200607
174,0.000603879544272767,NA,0.445875953661164,-0.57872012725873,0.185643527936389,-0.263692136489802,-3.38897732478125,-1.18020618686666e-06,-3.56395031611376e-05,8.85117155773263e-07,1.03763986005763e-05,9.61351161760177e-06,-0.0380166221702893,0.0282787306105092,0.00084445503034658,-0.00414340775023447,-0.0598510996496771
175,0.000608757721985542,NA,0.445871147808492,-0.578725005436442,0.185650980423069,-0.26369977785254,-3.38897449316071,-4.80585267140999e-06,-4.87817771272584e-06,7.45248667991849e-06,-7.64136273866183e-06,2.8316205374865e-06,-0.0377068749912723,0.031025469411361,0.00138786617753794,-0.00438389406554052,-0.0618355204551335
176,0.000585056702345099,NA,0.44586314243198,-0.578701304416802,0.185662240114745,-0.263721060294512,-3.38897781756711,-8.00537651240791e-06,2.37010196404232e-05,1.12596916755965e-05,-2.12824419717748e-05,-3.32440640554384e-06,-0.0366425678066662,0.0316542752898386,0.000935752382247301,-0.00367357245067979,-0.0616195177371992
177,0.000536519721856754,NA,0.445852385136848,-0.578652767436314,0.185671114031896,-0.26374945071079,-3.38898654090819,-1.07572951321622e-05,4.85369804884006e-05,8.87391715133907e-06,-2.83904162781381e-05,-8.72334107705872e-06,-0.0349753167938616,0.0302978673971666,-0.000272398779088689,-0.00231843955589284,-0.0594258585806529
178,0.000468094493127014,NA,0.445839330640863,-0.578584342207584,0.185670631482239,-0.263778258684278,-3.38899981187301,-1.30544959846228e-05,6.84252287297116e-05,-4.8254965675336e-07,-2.88079734876355e-05,-1.32709648157648e-05,-0.0328381804592937,0.0272244506049901,-0.00174535500718775,-0.000783782638791308,-0.0555443801886213
179,0.000385513320121933,NA,0.445824431055511,-0.578501761034579,0.1856558272329,-0.26380249747521,-3.38901672264911,-1.48995853516964e-05,8.25811730050494e-05,-1.48042493389825e-05,-2.42387909326547e-05,-1.69107761067923e-05,-0.0303286765301891,0.0228032075710871,-0.00292638958399039,0.000463437004327716,-0.0503014229025212
180,0.00029485206561064,-417.635839555659,0.445808131744046,-0.578411099780067,0.18562569246302,-0.263820028217865,-3.38903634422363,-1.62993114651618e-05,9.06612545112509e-05,-3.01347698805278e-05,-1.7530742655059e-05,-1.96215745185809e-05,-0.0274964565960545,0.0174615371406617,-0.00338730217208649,0.00110245025553013,-0.0440274658330964
181,0.000202108176320825,NA,0.445790872510461,-0.578318355890778,0.185583674276805,-0.263831673925321,-3.38905775696106,-1.72592335851656e-05,9.27438892897968e-05,-4.20181862148812e-05,-1.16457074551919e-05,-2.14127374232488e-05,-0.0243419816570167,0.011641518540273,-0.0029651346267201,0.00104899186226248,-0.0370312011455098
182,0.000112830011863685,NA,0.445773092466494,-0.57822907772632,0.185536633984042,-0.263840346312406,-3.38908007547984,-1.77800439665008e-05,8.9278164457127e-05,-4.70402927629559e-05,-8.67238708511579e-06,-2.23185187862201e-05,-0.0208290924774701,0.0057624271221357,-0.00179976041181362,0.00046172829115676,-0.0295857466880989
183,7.71028989470512e-05,NA,0.445755235774336,-0.578148066252529,0.185492702438459,-0.263849553905145,-3.38910246824336,-1.78566921586069e-05,8.1011473791868e-05,-4.39315455833274e-05,-9.2075927393942e-06,-2.23927635221448e-05,-0.0169097000934926,0.000193362552636245,-0.00026673035335989,-0.000332416902892874,-0.0219284078184501
184,0.000110985729678409,NA,0.445737755000987,-0.578079158642618,0.185458819607727,-0.263861845819886,-3.38912417326011,-1.74807733488085e-05,6.8907609910349e-05,-3.38828307313533e-05,-1.22919147409912e-05,-2.17050167406735e-05,-0.0125545528817383,-0.00476292370876763,0.00116473586331267,-0.000964159312388801,-0.0142706147698846
185,0.000131000602663522,NA,0.445721109252214,-0.578025094092732,0.185438804734742,-0.263877735751509,-3.38914451159601,-1.66457487726725e-05,5.40645498863872e-05,-2.00148729851189e-05,-1.58899316231395e-05,-2.03383359043398e-05,-0.00778174126025988,-0.00887672456428845,0.00209503582482284,-0.00115364116481942,-0.00681187657392002
186,0.000137235828069737,NA,0.445705755508091,-0.577987456592737,0.185432569509336,-0.26389545555224,-3.3891628999778,-1.53537441230244e-05,3.76374999947703e-05,-6.23522540621224e-06,-1.77198007309616e-05,-1.83883817862095e-05,-0.00267486996108346,-0.0119919479857344,0.00232164211411146,-0.00080295137649955,0.000249347067438066
187,0.000149560504738355,NA,0.445692133286469,-0.577966687209718,0.185436655398563,-0.263911582436493,-3.38917886283592,-1.36222216226471e-05,2.07693830186217e-05,4.08588922749285e-06,-1.61268842527372e-05,-1.59628581232159e-05,0.00261402874457417,-0.0140238216772559,0.00188952924418118,-2.01407601707615e-05,0.0067130844172425
188,0.000154089113776568,NA,0.445680644450129,-0.57796215860068,0.185445808726228,-0.26392227712825,-3.38919204307508,-1.14888363400173e-05,4.52860903824213e-06,9.15332766489139e-06,-1.06946917572742e-05,-1.31802391658879e-05,0.00787758494880109,-0.0149560867157561,0.00105281401374668,0.000929683210415533,0.0123853919831163
189,0.000145535124339791,NA,0.445671631144877,-0.577972304875826,0.185454968065551,-0.263924668384959,-3.38920221008038,-9.01330525177931e-06,-1.01462751458019e-05,9.15933932283027e-06,-2.39125670890374e-06,-1.01670052953586e-05,0.0128782039610087,-0.0148379729125736,0.000167419784702361,0.00172524835306831,0.0170938324117742
190,0.000152588286121524,-417.635840903622,0.445665355220976,-0.577994799316338,0.18546094014566,-0.263917888443472,-3.38920926324216,-6.27592390072469e-06,-2.24944405123664e-05,5.97208010863802e-06,6.77994148734332e-06,-7.05316178177689e-06,0.0173782871115691,-0.0137799463573174,-0.000442592522631458,0.00210410746603884,0.0207059292733902
191,0.000156554743177661,NA,0.445661982009764,-0.578026769985454,0.18546320446006,-0.263903407000395,-3.38921322969922,-3.37321121166839e-06,-3.19706691150448e-05,2.26431440039276e-06,1.44814430771985e-05,-3.96645705616138e-06,0.0211679019912481,-0.0119463180681123,-0.000595911728851206,0.0019511071513989,0.0231445369536232
192,0.000157580934776913,NA,0.445661570221405,-0.578065039525219,0.185463639205225,-0.263884572248222,-3.38921425589082,-4.1178835989523e-07,-3.82695397655068e-05,4.34745164956579e-07,1.88347521731453e-05,-1.02619159903326e-06,0.0240838784293373,-0.00954329379965202,-0.000304502805192897,0.00133082892261882,0.0243953530798535
193,0.000155918605856176,NA,0.445664068416782,-0.578106371608605,0.185465366177863,-0.263865548448518,-3.3892125935619,2.49819537782082e-06,-4.13320833857357e-05,1.7269726374788e-06,1.90237997037003e-05,1.66232892076396e-06,0.0260178438793446,-0.00680221603488462,0.000249909817284788,0.000455914346275677,0.0245045532665245
194,0.000151906772509314,NA,0.445669317402946,-0.578147704290355,0.185471219049898,-0.263850041614085,-3.38920858172855,5.24898616316562e-06,-4.13326817504517e-05,5.85287203540629e-06,1.55068344329912e-05,4.01183334671988e-06,0.0269144072717609,-0.00395944823594618,0.000799244048721448,-0.000394110770685074,0.0235678032822761
195,0.000145951538069955,NA,0.44567705733104,-0.578186350996933,0.185482443199341,-0.263840258768873,-3.38920262649411,7.7399280943679e-06,-3.86467065781543e-05,1.12241494431725e-05,9.78284521226039e-06,5.95523443926868e-06,0.0267637290107814,-0.00123557185816026,0.00109766517653043,-0.000971999725152273,0.0217147214698343
196,0.000138505505320019,NA,0.445686938305737,-0.578220153672433,0.185498107705402,-0.263836440559089,-3.38919518046136,9.88097469708464e-06,-3.38026754991385e-05,1.56645060611218e-05,3.81820978365839e-06,7.44603275003503e-06,0.025593571990612,0.00118274158467102,0.001013538621919,-0.00114408408080635,0.0190935492128119
197,0.000131331021425929,NA,0.445698533798224,-0.578247578735883,0.185515411998488,-0.263837085565678,-3.38918672290384,1.1595492487048e-05,-2.74250634501675e-05,1.73042930854958e-05,-6.4500658868196e-07,8.45755751821751e-06,0.0234648933883363,0.00315557997510041,0.000571922100789379,-0.000926003167478484,0.0158601983457629
198,0.000151506089179687,NA,0.445711356770769,-0.578267753803636,0.185530719979807,-0.263839733539558,-3.38917774112818,1.28229725447404e-05,-2.01750677537386e-05,1.53079813190449e-05,-2.64797388055869e-06,8.98177566169438e-06,0.0204724085506314,0.00459584725831519,-6.49600906399428e-05,-0.000463302853859204,0.0121733751257125
199,0.000164202122318047,NA,0.445724878823792,-0.578280449836775,0.185540887640479,-0.263841985260368,-3.3891687128859,1.35220530228364e-05,-1.26960331383588e-05,1.01676606721271e-05,-2.25172080950414e-06,9.02824228471251e-06,0.0167485734436923,0.00546869898698787,-0.000667758968120324,3.24376969729201e-05,0.00819473200408538
200,0.000169770282297144,-417.635837483801,0.445738552617699,-0.578286017996754,0.185544362288283,-0.263842374740451,-3.38916008946838,1.36737939077024e-05,-5.56815997912144e-06,3.4746478035035e-06,-3.89480083011474e-07,8.62341751662104e-06,0.0124671629464501,0.00578603533085698,-0.00103087131719803,0.000365828896065068,0.00409117433264328
201,0.000169044942913699,NA,0.445751837266579,-0.57828529265737,0.185541646656671,-0.263840791292644,-3.38915227935534,1.32846488795326e-05,7.25339383422269e-07,-2.71563161190575e-06,1.5834478066692e-06,7.81011303576546e-06,0.0078421169291687,0.00559821273782291,-0.00104842683867901,0.000427053805651667,3.52622464561136e-05
202,0.000163224174798193,NA,0.445764225521536,-0.578279471889255,0.185534985903891,-0.263838335940376,-3.38914563279342,1.2388254956674e-05,5.82076811550587e-06,-6.66075277976408e-06,2.45535226848633e-06,6.64656192298917e-06,0.00311860333113145,0.00498510758006887,-0.000747410808799032,0.000224129621528846,-0.00379883772438916
203,0.000153737807610854,NA,0.445775270666844,-0.578269985522068,0.185527440011306,-0.263836715250774,-3.38914042826983,1.10451453080104e-05,9.48636718733968e-06,-7.54589258503169e-06,1.62068960150614e-06,5.20452359358784e-06,-0.00144423097481194,0.00404760896799417,-0.00026814745979209,-0.000131250317281228,-0.00724483072644944
204,0.000142111657217114,NA,0.445784610506212,-0.578258359371674,0.185521730780372,-0.263837441437005,-3.38913686219498,9.33983936796925e-06,1.16261503937476e-05,-5.70923093406348e-06,-7.26186230808852e-07,3.56607484400032e-06,-0.00559623913432006,0.00289992954094487,0.000197146619029809,-0.000475477577310812,-0.0101573527899745
205,0.000129835911533149,NA,0.44579198583362,-0.57824608362599,0.185519315913424,-0.26384116228288,-3.38913504306589,7.37532740885888e-06,1.2275745683988e-05,-2.41486694761734e-06,-3.72084587545696e-06,1.81912909283704e-06,-0.00912042366962851,0.00166196457485057,0.000481238657812355,-0.000660323848933331,-0.0124253057265378
206,0.000118245731956068,NA,0.445797251419127,-0.578234493446413,0.185520027300525,-0.2638473732385,-3.3891349909078,5.26558550671918e-06,1.1590179577108e-05,7.11387100380205e-07,-6.21095561933734e-06,5.21580949049133e-08,-0.0118529851533822,0.000451134383183671,0.000503533215123753,-0.000609251173955272,-0.0139816256705672
207,0.000108422525484597,NA,0.445800378617438,-0.578224670239941,0.185522369950518,-0.263854600984387,-3.38913664203289,3.12719831068857e-06,9.82320647152297e-06,2.34264999326962e-06,-7.22774588756708e-06,-1.65112509068145e-06,-0.0136952309048866,-0.000626585574536875,0.000293533162221138,-0.00034213769595226,-0.0148067493910276
208,0.000101124070308489,NA,0.445801449916205,-0.578217371784765,0.185524312784025,-0.263860960542566,-3.38913985836476,1.07129876738402e-06,7.29845517612403e-06,1.94283350722786e-06,-6.35955817881322e-06,-3.21633187344537e-06,-0.0146157168501304,-0.00148582046222145,-3.05277580991969e-05,3.87382215194521e-05,-0.0149251314951471
209,9.67497946390283e-05,NA,0.445800646748943,-0.578212997509096,0.185524219053687,-0.263864849628157,-3.3891444400124,-8.03167261983813e-07,4.37427566946097e-06,-9.37303380159541e-08,-3.8890855913786e-06,-4.581647644839e-06,-0.0146437218973006,-0.00206960862669803,-0.000316427986035706,0.000393371237805695,-0.0143963819709825
210,9.53439713173854e-05,-417.63583655719,0.445798232457016,-0.578211591685774,0.185521531353626,-0.263865505385419,-3.38915013959177,-2.414291927113e-06,1.40582332158754e-06,-2.687700061355e-06,-6.55757261796458e-07,-5.69957936144462e-06,-0.0138572966079664,-0.00235423044614436,-0.000442101963926689,0.000599968075221113,-0.0133040316541155
211,0.000100002056049764,NA,0.445794532326923,-0.578212882384827,0.1855169496355,-0.263863218905127,-3.38915667701209,-3.70013009352908e-06,-1.29069905264924e-06,-4.58171812564695e-06,2.28648029183398e-06,-6.53742032452409e-06,-0.01236989987774,-0.00234959316003369,-0.000362920786756149,0.00059978560784657,-0.0117453231496256
212,0.000107078960695173,NA,0.445789912281131,-0.578216349087357,0.185512062724747,-0.263859148584248,-3.38916375391674,-4.62004579122836e-06,-3.46670253051421e-06,-4.88691075347766e-06,4.07032087910496e-06,-7.07690464560522e-06,-0.0103188170896829,-0.00209490394809109,-0.000124224470710033,0.000414289047512284,-0.00982431402007933
213,0.000114392514571904,NA,0.445784757297325,-0.578221308026881,0.185508620353382,-0.263854832582654,-3.38917106747061,-5.15498380673933e-06,-4.95893952410804e-06,-3.44237136414439e-06,4.31600159447883e-06,-7.3135538768368e-06,-0.00785681606885191,-0.0016503918232047,0.000163794311447418,0.000130079342852696,-0.00764879530379403
214,0.000121648542075192,NA,0.44577945022701,-0.578227002861249,0.185507770868318,-0.263851610158015,-3.38917832349812,-5.30707031418099e-06,-5.69483436734496e-06,-8.49485064410216e-07,3.22242463884298e-06,-7.25602750342475e-06,-0.00514650196237199,-0.00108704853118979,0.000376260800294403,-0.000140062184073031,-0.00532967817434837
215,0.000128574042344898,NA,0.445774351544799,-0.578232689466576,0.185509585973236,-0.263850181128113,-3.38918524899839,-5.09868221124491e-06,-5.68660532720991e-06,1.81510491792128e-06,1.42902990229039e-06,-6.92550026981054e-06,-0.00235546451676782,-0.000476721879749675,0.000426569499722973,-0.000302840703625407,-0.00298059376291349
216,0.000134928839305992,NA,0.445769780710774,-0.578237706757545,0.185513058653891,-0.26385045980579,-3.38919160379535,-4.57083402474681e-06,-5.01729096955488e-06,3.47268065515028e-06,-2.78677677569537e-07,-6.35479696128525e-06,0.000350013920069614,0.000115632587949221,0.000300353804050246,-0.00031821912216401,-0.000715294845576864
217,0.000140515764552429,NA,0.445766000120272,-0.578241529569494,0.185516552884407,-0.263851750079914,-3.38919719072059,-3.78059050282666e-06,-3.82281194839795e-06,3.49423051560772e-06,-1.29027412407804e-06,-5.58692524650737e-06,0.00281385439393489,0.000636458707958809,5.72981662116945e-05,-0.000208925143851957,0.00135800519274198
218,0.000145188483943404,NA,0.44576320283743,-0.578243803215993,0.185518495964856,-0.263853137626733,-3.38920186343998,-2.79728284182522e-06,-2.27364649938547e-06,1.94308044908259e-06,-1.3875468191665e-06,-4.67271939098855e-06,0.00490124477892095,0.00104513162568765,-0.000197935037249408,-4.39706582255894e-05,0.00314492183406401
219,0.000148856073778347,NA,0.445761505279963,-0.578244361351509,0.185518012514172,-0.263853916925729,-3.38920553102982,-1.69755746651697e-06,-5.58135515494625e-07,-4.83450683644003e-07,-7.79298995775648e-07,-3.6675898349563e-06,0.00650998686069215,0.00131370086364768,-0.000361841898666171,9.48404021983151e-05,0.00457363512396114
220,0.000151483761282378,-417.635837470928,0.445760945640768,-0.578243229049542,0.185515239022986,-0.263853872760241,-3.38920815871732,-5.5963919516086e-07,1.13230196721895e-06,-2.77349118562847e-06,4.41654880973537e-08,-2.62768750407854e-06,0.00757935083584016,0.00142625879107072,-0.000374853925677598,0.000148315280057432,0.00560151249828778
221,0.000153089813075269,NA,0.445761488144271,-0.578240612134563,0.185511204545468,-0.263853313178874,-3.38920976476912,5.42503503047808e-07,2.61691497815938e-06,-4.03447751852612e-06,5.59581367133927e-07,-1.60605179282706e-06,0.00809389007372374,0.00137892470775114,-0.000243221052187437,0.000102243689070747,0.0062173677406463
222,0.000153739163169408,NA,0.44576303245655,-0.578236872733383,0.185507352812635,-0.263852863967826,-3.38921041411921,1.54431227835872e-06,3.73940118045994e-06,-3.85173283284274e-06,4.4921104817124e-07,-6.49350094134285e-07,0.00808120944384427,0.00118066452614585,-3.17652393277967e-05,-1.12032694232767e-05,0.00643878024675359
223,0.000153534832670221,NA,0.445765426899003,-0.578232490849212,0.185504927954435,-0.263853135847258,-3.38921020978871,2.39444245347405e-06,4.38188417142902e-06,-2.42485820007003e-06,-2.71879431904448e-07,2.04330499190414e-07,0.00760419482048746,0.000854220729706867,0.000167450480148545,-0.000132004629449511,0.00630538011137105
224,0.000152608350177719,NA,0.445768483763025,-0.57822801318564,0.185504491600318,-0.263854420742746,-3.38920928330622,3.05686402186289e-06,4.47766357125124e-06,-4.36354117470788e-07,-1.28489548810707e-06,9.26482492619891e-07,0.00674984391935141,0.000435809965892986,0.000275880438493914,-0.000200989234144799,0.0058703170680019
225,0.000151110200214077,NA,0.445771995051879,-0.578223993003762,0.185505766866269,-0.263856549181602,-3.38920778515625,3.51128885411635e-06,4.02018187797944e-06,1.27526595113064e-06,-2.12843885642668e-06,1.4981499637116e-06,0.00561745764571242,-2.74371814157348e-05,0.000260587285083602,-0.000185761450666178,0.00519253489983384
226,0.000149200925732451,NA,0.445775747320123,-0.578220927692565,0.185507852676499,-0.263858960780439,-3.38920587588177,3.75226824408754e-06,3.0653111971525e-06,2.08581022997244e-06,-2.41159883714048e-06,1.90927448161991e-06,0.00430860836786451,-0.000482697259940323,0.000144540308610885,-9.28343979467172e-05,0.00433167770097498
227,0.000147043068896124,NA,0.445779534781541,-0.578219202624144,0.185509688800488,-0.263860942862532,-3.38920371802494,3.78746141813036e-06,1.72506842087131e-06,1.83612398898847e-06,-1.98208209234112e-06,2.15785683611412e-06,0.00292023230485938,-0.000878619061950303,-7.96831045590807e-06,3.81538711735629e-05,0.00334614128405519
228,0.000144793838850799,NA,0.445783170306436,-0.578219049799486,0.185510549652768,-0.263861922300265,-3.38920146879489,3.63552489496388e-06,1.52824658557587e-07,8.60852280249556e-07,-9.79437733775146e-07,2.24923004545348e-06,0.00154070505686832,-0.00117287413559097,-0.000122880692288163,0.000154083750203426,0.00229334091272904
229,0.000142598348932488,NA,0.445786494192344,-0.578220527416685,0.185510346094327,-0.26386168071836,-3.38919927330497,3.3238859082197e-06,-1.47761719938386e-06,-2.03558440799502e-07,2.41581905166547e-07,2.19548991851937e-06,0.000247725324697967,-0.00133815774461254,-0.000149923380377004,0.000212219219974941,0.00123040763355675
230,0.000140583444683706,-417.635836841561,0.445789380661877,-0.578223522385519,0.185509612970143,-0.263860406369514,-3.38919725840072,2.88646953286533e-06,-2.99496883428666e-06,-7.33124183618272e-07,1.27434884581988e-06,2.01490424858386e-06,-0.000893298306436918,-0.00136508333525853,-8.32778823678382e-05,0.000197510416910518,0.000213606199395144
231,0.000138852432769898,NA,0.445791741950797,-0.578227773342438,0.185509207450671,-0.263858574697759,-3.38919552738881,2.36128892015355e-06,-4.25095691897354e-06,-4.05519472490571e-07,1.8316717555735e-06,1.73101191402481e-06,-0.0018314966609978,-0.00126147256196418,3.89229626307497e-05,0.000126204895423143,-0.000704441163179581
232,0.000137481236952119,NA,0.445793529785775,-0.578232908198373,0.185509872171969,-0.263856725600109,-3.38919415619299,1.78783497766691e-06,-5.1348559351417e-06,6.64721297693199e-07,1.84909764996103e-06,1.37119581775924e-06,-0.00253326675192511,-0.00104860589544842,0.000154797703544318,3.54094709109631e-05,-0.00147929711147299
233,0.000136516504702033,NA,0.445794734100749,-0.578238488627748,0.185511869787427,-0.263855245108984,-3.38919319146074,1.20431497409989e-06,-5.58042937436836e-06,1.99761545786638e-06,1.48049112546019e-06,9.64732250187553e-07,-0.00298468364690052,-0.000755817950448545,0.00020829475033679,-3.55061047230265e-05,-0.00207945618058147
234,0.000135975969812741,NA,0.445795379070753,-0.578244054724926,0.185514852574474,-0.263854247379715,-3.38919265092585,6.44970003851904e-07,-5.56609717866559e-06,2.98278704717525e-06,9.97729268821289e-07,5.40534889077376e-07,-0.00319227979161951,-0.000415345766668906,0.000174331944435835,-6.26005203230307e-05,-0.00248967012339563
235,0.000135850958865813,NA,0.445795516896192,-0.57824916516348,0.18551801519208,-0.263853598095355,-3.38919252591491,1.37825439077102e-07,-5.11043855377591e-06,3.16261760638188e-06,6.49284359805899e-07,1.25010947147416e-07,-0.00318121180953312,-5.85191628488246e-05,6.83434109305381e-05,-4.61568561149761e-05,-0.00271126623374585
236,0.000137183267282848,NA,0.445795220124371,-0.57825343098174,0.185520447864568,-0.263853051120825,-3.38919278548489,-2.96771821199054e-07,-4.26581825939348e-06,2.43267248749975e-06,5.46974530281034e-07,-2.59569979421177e-07,-0.00299067892228777,0.000286055978904187,-6.30268459644867e-05,-7.35212779545691e-06,-0.0027594052198765
237,0.000140295279812741,NA,0.445794573506768,-0.57825654299427,0.185521519819312,-0.263852420127475,-3.38919338141853,-6.46617603112961e-07,-3.11201252990087e-06,1.07195474449252e-06,6.30993350076036e-07,-5.95933640930133e-07,-0.00266746553734265,0.000592909259466978,-0.000164844777827966,2.44699549512006e-05,-0.00265814605882042
238,0.000142045635291743,NA,0.44579366636765,-0.578258293349749,0.185521118867836,-0.263851696861004,-3.38919425329531,-9.07139117288576e-07,-1.75035547899495e-06,-4.00951475808864e-07,7.23266470384279e-07,-8.718767875146e-07,-0.0022591876813749,0.000839692688714422,-0.00019897584024875,2.7241071620665e-05,-0.0024350680405405
239,0.000142343237283793,NA,0.445792586222993,-0.578258590951741,0.18551964840262,-0.263851061259378,-3.38919533308045,-1.08014465763952e-06,-2.97601992045168e-07,-1.47046521601605e-06,6.35601626311992e-07,-1.07978514052238e-06,-0.00180876440936117,0.00100775821465504,-0.000159855630954553,-3.37195160682313e-06,-0.00211716042031185
240,0.000141221370236644,-417.635836879541,0.445791414003535,-0.578257469084693,0.185517800492516,-0.263850785614876,-3.38919654902552,-1.17221945780089e-06,1.12186704716497e-06,-1.84791010395588e-06,2.75644501496651e-07,-1.21594506840325e-06,-0.00135125674205483,0.00108380675101216,-7.42284100851975e-05,-5.30201305082301e-05,-0.00172900740835757
241,0.000141154034869917,NA,0.445790220862545,-0.578255082851517,0.185516224930062,-0.263851087765784,-3.38919782899091,-1.19314098982258e-06,2.38623317597471e-06,-1.57556245464139e-06,-3.02150907542412e-07,-1.27996538743084e-06,-0.000913156554815941,0.0010621738510963,1.38112454806105e-05,-9.70914015852031e-05,-0.00129317072605772
242,0.000142428494331881,NA,0.445789066310736,-0.578251694396947,0.185515254571849,-0.263852010161102,-3.38919910345037,-1.15455180958001e-06,3.38845457029873e-06,-9.70358212211223e-07,-9.22395317727724e-07,-1.27445946176066e-06,-0.000513348368258448,0.000946930072132091,6.46588205199805e-05,-0.00011359929885657,-0.000831710735837987
243,0.00014363342425705,NA,0.445787997352005,-0.578247645750794,0.185514809556493,-0.263853384689455,-3.3892003083803,-1.06895873083401e-06,4.04864615354134e-06,-4.45015356099814e-07,-1.37452835303414e-06,-1.20492992498824e-06,-0.000164678795044892,0.000752631876821397,6.11476025369484e-05,-9.39706978897448e-05,-0.000367423353964114
244,0.000144713082687709,NA,0.445787048373463,-0.578243321945294,0.185514509635941,-0.263854897967907,-3.38920138803873,-9.48978541631098e-07,4.32380549963772e-06,-2.99920552096395e-07,-1.5132784528738e-06,-1.07965843077768e-06,0.00012485429579101,0.000502907369082095,1.44336809171364e-05,-4.66383198727272e-05,7.62270246923435e-05
245,0.000145622446942273,NA,0.445786241684647,-0.578239109475098,0.185513923316673,-0.263856220941803,-3.38920229740298,-8.06688815848088e-07,4.21247019572037e-06,-5.86319268381043e-07,-1.32297389566855e-06,-9.09364254486578e-07,0.000351746507476491,0.000227063878810441,-4.39706582255894e-05,8.00355337560177e-06,0.000476833292850642
246,0.000146328954856667,NA,0.445785588681279,-0.578235356483362,0.185512821148974,-0.263857137188688,-3.3892030039109,-6.53003368454187e-07,3.75299173600095e-06,-1.10216769856607e-06,-9.16246884411097e-07,-7.06507914538438e-07,0.000517114813192165,-4.45504610979697e-05,-7.93733079262893e-05,4.81162487631082e-05,0.000815736598269723
247,0.000146813245311073,NA,0.445785091584376,-0.578232340650959,0.185511308076871,-0.263857608569537,-3.38920348820135,-4.97096903359077e-07,3.01583240361723e-06,-1.51307210341955e-06,-4.71380849204783e-07,-4.84290454548991e-07,0.000626640144218982,-0.00028518513772724,-7.12174141881405e-05,6.09310291110887e-05,0.00108051096958661
248,0.000147068802223149,NA,0.445784745585708,-0.57823024864276,0.185509776495871,-0.263857751902426,-3.38920374375826,-3.45998667976833e-07,2.09200819828051e-06,-1.53158100029002e-06,-1.43332889024249e-07,-2.55556912089469e-07,0.000689683474774938,-0.000475014871881285,-2.22968310481519e-05,4.79735717817675e-05,0.00126612064832443
249,0.000147100674245504,NA,0.445784541088212,-0.578229168166557,0.185508713614005,-0.263857746315397,-3.38920377563029,-2.04497495931457e-07,1.08047620337255e-06,-1.06288186597976e-06,5.58702919311816e-09,-3.18720223210401e-08,0.000717382704351621,-0.000602553882345092,4.41377778770402e-05,2.27902319238638e-05,0.00137425274715497
250,0.000146923645785613,-417.635836979187,0.445784465656233,-0.578229091175809,0.185508466515097,-0.263857724389291,-3.38920359860183,-7.54319788170389e-08,7.69907483331645e-08,-2.47098907257399e-07,2.1926105198868e-08,1.77028459956809e-07,0.00072013165208773,-0.000664234107716766,9.71033387031639e-05,2.82625478575937e-06,0.00141116288432386
251,0.000146560279624453,NA,0.445784505356848,-0.578229925144435,0.18550908292145,-0.263857704643164,-3.38920323523566,3.97006156678629e-08,-8.33968625962425e-07,6.16406352761726e-07,1.97461277754864e-08,3.63366161295319e-07,0.000705335310158262,-0.000662716388433182,0.000113500391307753,-1.59161572810262e-08,0.00138504105962056
252,0.000146039142336019,NA,0.445784645355057,-0.578231509300856,0.185510301613286,-0.263857597486536,-3.38920271409838,1.39998208863693e-07,-1.58415642178209e-06,1.21869183593213e-06,1.07156627557215e-07,5.21137288498854e-07,0.000676221247886133,-0.000605011223342444,8.88110207597492e-05,1.47957734952797e-05,0.00130393061681389
253,0.000145393299754826,NA,0.445784869866573,-0.578233633557586,0.185511687509948,-0.26385727627542,-3.3892020682558,2.24511515853125e-07,-2.12425672923287e-06,1.38589666241591e-06,3.21211115757169e-07,6.4584258137441e-07,0.000632163619229686,-0.000501059957969119,3.78327058569994e-05,3.69567487723543e-05,0.00117502509056067
254,0.000144658962626387,NA,0.445785161770215,-0.578236058957144,0.185512835940003,-0.263856670507697,-3.38920133391867,2.91903641731159e-07,-2.42539955842627e-06,1.14843005464375e-06,6.05767722875718e-07,7.34337128325507e-07,0.000570335600968974,-0.000362987861990405,-1.40494194056373e-05,5.16479303769302e-05,0.00100532133728848
255,0.000143874074864492,NA,0.445785502253338,-0.57823853911705,0.185513541072478,-0.263855828380481,-3.3892005490309,3.4048312258018e-07,-2.48015990616449e-06,7.05132475100924e-07,8.42127216044752e-07,7.84887761905658e-07,0.000487949591843062,-0.000204775005840929,-4.4168473323225e-05,4.79212758364156e-05,0.000802912722974725
256,0.000143076676700549,NA,0.445785870783621,-0.578240842077238,0.185513849582519,-0.263854914225575,-3.38919975163274,3.68530283738659e-07,-2.30296018785816e-06,3.08510040513558e-07,9.14154905884628e-07,7.9739816416265e-07,0.000384141571885266,-4.18452827943838e-05,-4.33334435001598e-05,2.46615172727616e-05,0.000578106664761435
257,0.000142303045721714,NA,0.445786245533649,-0.578242771097639,0.18551398410709,-0.263854142445073,-3.38919897800176,3.74750027928065e-07,-1.92902040118758e-06,1.34524571592286e-07,7.71780502834564e-07,7.73630978899884e-07,0.000260915271610429,0.000109979509943514,-1.89157844943111e-05,-8.94090135261649e-06,0.000343484316545073
258,0.000141585789078302,NA,0.445786604194539,-0.578244182095081,0.185514188226865,-0.263853683397011,-3.38919826074512,3.58660889417752e-07,-1.41099744136207e-06,2.04119774481878e-07,4.59048061567619e-07,7.17256643327599e-07,0.000122934693536081,0.000236195774050429,1.07155528894509e-05,-3.8385792322515e-05,0.000112838165478024
259,0.000140952163520947,NA,0.44578692500689,-0.57824499511538,0.185514580551198,-0.263853590882102,-3.38919762711956,3.2081235163719e-07,-8.13020299515704e-07,3.92324333545017e-07,9.25149091765277e-08,6.33625557441686e-07,-2.33910668612225e-05,0.000325638893627911,2.6856810109166e-05,-5.15035480930237e-05,-0.000100638999356306
260,0.000140422880146929,-417.635836898541,0.445787187823808,-0.578245197839028,0.18551509372581,-0.263853787901676,-3.38919709783619,2.6281691820325e-07,-2.0272364834767e-07,5.13174611862944e-07,-1.97019573886463e-07,5.29283373796744e-07,-0.000170979888025613,0.000372190243069781,2.03488070837921e-05,-4.45390924141975e-05,-0.000286149202111119
261,0.000140011516136962,NA,0.445787375110295,-0.578244840573388,0.18551552322649,-0.26385411571473,-3.38919668647218,1.87286486722821e-07,3.57265640524417e-07,4.29500680257094e-07,-3.27813054521281e-07,4.11364009869562e-07,-0.000312669499180629,0.000375549689124455,-4.46163994638482e-06,-2.35951347349328e-05,-0.00043631473545247
262,0.000139724481494685,NA,0.445787472874971,-0.578244023878744,0.185515651391727,-0.263854417430395,-3.38919639943754,9.77646762095768e-08,8.16694644191192e-07,1.28165236120724e-07,-3.0171566485768e-07,2.87034642179495e-07,-0.000441283418695093,0.000340846781909931,-3.31522187480005e-05,-7.97513166617136e-07,-0.000547125296179729
263,0.000139561380725794,NA,0.445787471579905,-0.578242881459507,0.185515373903738,-0.263854611246686,-3.38919623633677,-1.29506632318254e-09,1.14241923633343e-06,-2.7748798898922e-07,-1.93816290919331e-07,1.63100768835749e-07,-0.000549392211723898,0.000277167941931111,-4.980620360584e-05,1.23628751680371e-05,-0.000617163777860696
264,0.000139515579507421,NA,0.445787367030908,-0.578241561538777,0.185514759843319,-0.263854715743333,-3.38919619053555,-1.04548997437675e-07,1.31992073050445e-06,-6.14060418622873e-07,-1.04496646809623e-07,4.58012185021177e-08,-0.000629320311418269,0.000195557277038461,-4.56981297247694e-05,1.10048858914524e-05,-0.000646569446871581
265,0.000139574866244274,NA,0.445787161151938,-0.578240209523128,0.185514016722916,-0.263854817761688,-3.38919624982228,-2.05878969741635e-07,1.35201564853104e-06,-7.43120403171476e-07,-1.02018354716278e-07,-5.92867370203677e-08,-0.000673749127599876,0.000107152118289378,-2.34757635553251e-05,-1.15221610030858e-06,-0.000636424033473304
266,0.000139722218706506,NA,0.445786862441823,-0.578238953869113,0.185513384821274,-0.263855004961158,-3.38919639717475,-2.987101147771e-07,1.25565401520579e-06,-6.31901641321277e-07,-1.87199470771742e-07,-1.47352462199514e-07,-0.000676990907777508,2.18028617382515e-05,5.04769559483975e-06,-1.45729472933454e-05,-0.000588847228755185
267,0.000139936764637749,NA,0.445786485882634,-0.578237895925141,0.185513021848221,-0.263855303074311,-3.38919661172068,-3.76559188907882e-07,1.05794397229026e-06,-3.62973053425285e-07,-2.98113152667598e-07,-2.14545931224442e-07,-0.000636509298601595,-5.261995283945e-05,2.58677346209879e-05,-1.96632754523307e-05,-0.000507586719322717
268,0.000140195021820055,NA,0.445786052144879,-0.578237103690676,0.185512939778396,-0.263855653151735,-3.38919686997786,-4.33737755127008e-07,7.92234464606848e-07,-8.20698253963034e-08,-3.50077423810811e-07,-2.58257182231991e-07,-0.000554069288227765,-0.000110388782559312,3.03560909742373e-05,-1.22042820294155e-05,-0.000398620159103302
269,0.000140472424628779,NA,0.44578558608878,-0.578236609198704,0.185513023133059,-0.263855940346998,-3.38919714738067,-4.66056099364607e-07,4.94491971778836e-07,8.3354663869454e-08,-2.87195263551642e-07,-2.774028088201e-07,-0.000436023128713714,-0.00014791567082284,1.93159621630912e-05,4.46959802502533e-06,-0.000270302393801103
270,0.000140745012179089,-417.635836906998,0.445785114746062,-0.578236409227968,0.185513111484222,-0.263856056116856,-3.38919741996822,-4.71342718044673e-07,1.99970735831978e-07,8.83511629824025e-08,-1.15769858043554e-07,-2.72587550127562e-07,-0.000292494632958551,-0.000163730078384106,1.5756995708216e-06,2.16596163227223e-05,-0.000132699824462179
271,0.000140991074145003,NA,0.44578466507571,-0.57823646931526,0.185513095027544,-0.263855958146695,-3.38919766603019,-4.49670352157024e-07,-6.00872916657299e-08,-1.64566784881559e-08,9.79701613248543e-08,-2.46061965791294e-07,-0.000135846107696125,-0.000158611896949878,-1.16875753519707e-05,3.03077740682056e-05,3.61069396603853e-06
272,0.000141192525940692,NA,0.445784261821842,-0.578236730767153,0.185512969483904,-0.263855694033139,-3.38919786748198,-4.03253867049263e-07,-2.61451892712671e-07,-1.25543639922025e-07,2.64113555964994e-07,-2.01451795680777e-07,2.11718997888966e-05,-0.000135540290102654,-1.33434241433861e-05,2.60916976912995e-05,0.000128971464619099
273,0.000141335867589021,NA,0.445783925709886,-0.578237120137672,0.185512823417438,-0.263855376920437,-3.38919801082363,-3.36111956589878e-07,-3.89370519006676e-07,-1.4606646572493e-07,3.17112701826249e-07,-1.43341648202156e-07,0.000166859877026582,-9.9473140835471e-05,-3.89434262615396e-06,1.15556986202137e-05,0.000235659172176383
274,0.000141412682590047,NA,0.445783672100041,-0.578237559928876,0.185512771740867,-0.263855127729719,-3.38919808763863,-2.53609844958805e-07,-4.39791204530922e-07,-5.16765711772493e-08,2.49190718376302e-07,-7.68150008883502e-08,0.000291416313302761,-5.66404878554749e-05,9.6025587481563e-06,-5.55303358851233e-06,0.000318336788041051
275,0.000141419742587079,NA,0.445783510107291,-0.578237979011313,0.185512878748249,-0.26385501709269,-3.38919809469863,-1.61992749999671e-07,-4.1908243660175e-07,1.07007381717426e-07,1.1063702916684e-07,-7.05999702102697e-09,0.000387192358175525,-1.3616272553918e-05,1.82461690201308e-05,-1.68040514836321e-05,0.000373859734281723
276,0.000141358810439751,NA,0.445783442164477,-0.578238321077311,0.185513117099582,-0.263855037914341,-3.38919803376648,-6.79428142721444e-08,-3.42065998319162e-07,2.38351332743653e-07,-2.08216509039147e-08,6.09321473746149e-08,0.000448756054538535,2.37901076616254e-05,1.6704007066437e-05,-1.7600427781872e-05,0.000400890485252603
277,0.000141236225058794,NA,0.445783464011302,-0.57823855003932,0.185513384446991,-0.263855121469132,-3.3891979111811,2.18468250937107e-08,-2.28962008448382e-07,2.67347409340593e-07,-8.35547917658499e-08,1.22585380944004e-07,0.000472977035315125,5.13273334945552e-05,6.06689809501404e-06,-9.36836386244977e-06,0.000399527380068321
278,0.000141062281948656,NA,0.445783565149547,-0.578238651918019,0.185513564225972,-0.263855184609277,-3.38919773723799,1.01138245650359e-07,-1.01878698894431e-07,1.79778981083086e-07,-6.31401447638379e-08,1.73943110337794e-07,0.000459422722087766,6.67347421767772e-05,-7.25435711501632e-06,1.79454673343571e-06,0.000371306896340684
279,0.000140850390737857,NA,0.445783729810429,-0.5782386335005,0.185513592370408,-0.263855179119276,-3.38919752534678,1.64660881599238e-07,1.84175193057833e-08,2.81444358824147e-08,5.49000128893399e-09,2.11891210586447e-07,0.000410794314120722,6.97241375746671e-05,-1.56245505422703e-05,8.96875462785829e-06,0.000319388959724165
280,0.000140616003168059,-417.635836924138,0.445783938421745,-0.578238518535941,0.18551348987232,-0.26385511540463,-3.38919729095921,2.08611316206264e-07,1.14964558574888e-07,-1.0249808797233e-07,6.37146460601525e-08,2.34387569933105e-07,0.000333046727973851,6.16392981100944e-05,-1.47832679431303e-05,8.36905655887676e-06,0.000248675178227131
281,0.000140375358104627,NA,0.445784169470621,-0.578238342339005,0.185513344338265,-0.263855048856586,-3.38919705031415,2.31048875409185e-07,1.76196936177362e-07,-1.4553405534663e-07,6.65480434595552e-08,2.40645063543795e-07,0.00023498671453126,4.50160086984397e-05,-6.06632966082543e-06,1.26078703033272e-06,0.000165618416758662
282,0.000140144172119161,NA,0.445784401533695,-0.578238145651296,0.185513254545639,-0.263855040051578,-3.38919681912816,2.32063073924155e-07,1.96687708373965e-07,-8.97926259781686e-08,8.80500854144473e-09,2.31185985410884e-07,0.000127142811834347,2.31165131481248e-05,4.78792117064586e-06,-7.2458306021872e-06,7.75395392338396e-05
283,0.000139936439746524,NA,0.445784615194944,-0.578237968404464,0.185513273331432,-0.263855114360735,-3.38919661139579,2.13661249377677e-07,1.77246832808916e-07,1.8785793267589e-08,-7.43091567453797e-08,2.07732372448116e-07,2.02669525606325e-05,-4.43947101302911e-07,1.13726628114819e-05,-1.15346665552352e-05,-8.30880253488431e-06
284,0.000139763492997602,NA,0.445784794594326,-0.578237843992703,0.185513382712428,-0.263855244974828,-3.38919643844904,1.79399382591732e-07,1.24411760429625e-07,1.09380996157603e-07,-1.30614092958799e-07,1.72946748819367e-07,-7.61366436563549e-05,-2.20745732804062e-05,1.04472519524279e-05,-8.83801476447843e-06,-8.56550741445972e-05
285,0.000139633407113315,NA,0.445784928444239,-0.578237794713459,0.185513513376655,-0.263855368405456,-3.38919630836315,1.3384991248444e-07,4.92792438409385e-08,1.30664226571271e-07,-1.23430628377019e-07,1.30085884181374e-07,-0.000154858526002499,-3.86410192732001e-05,3.56521923094988e-06,-7.28164195606951e-07,-0.000149818220052111
286,0.000139550747966677,NA,0.445785010485198,-0.578237828979139,0.185513593098031,-0.263855421574612,-3.38919622570401,8.20409587373567e-08,-3.42656795017125e-08,7.97213766214863e-08,-5.31691561408945e-08,8.26591464394879e-08,-0.000211354063139879,-4.78877382192877e-05,-4.30816271546064e-06,8.07290234661195e-06,-0.000197827034753573
287,0.000139516598711253,NA,0.445785039447393,-0.57823794078123,0.185513591982878,-0.263855377436649,-3.38919619155475,2.8962195642197e-08,-1.11802090970394e-07,-1.11515338224132e-09,4.41379627499629e-08,3.4149255314121e-08,-0.000243603039962181,-4.88080331706442e-05,-8.15191469882848e-06,1.26595978144906e-05,-0.000228208136832109
288,0.000139528787147736,NA,0.445785018629849,-0.578238111498277,0.185513537084126,-0.263855258200161,-3.38919620374319,-2.0817544263289e-08,-1.70717047166792e-07,-5.48987513670596e-08,1.19236488422063e-07,-1.21884366292313e-08,-0.00025169754280796,-4.17952605857863e-05,-5.9657168094418e-06,1.08252606878523e-05,-0.000240656845562626
289,0.000139582270640037,NA,0.445784955197689,-0.578238313616158,0.185513489172102,-0.263855120123781,-3.38919625722668,-6.34321601013031e-08,-2.02117880427007e-07,-4.79120243095821e-08,1.38076379957418e-07,-5.34834922044133e-08,-0.00023744519239699,-2.84813950202079e-05,1.93836058315355e-07,4.09954736824147e-06,-0.0002358729034313
290,0.000139669662098996,-417.635836902236,0.445784859254739,-0.57823851555412,0.185513499207846,-0.263855020511589,-3.38919634461814,-9.5942950270125e-08,-2.01937962726836e-07,1.00357442717423e-08,9.96121915604425e-08,-8.73914589271238e-08,-0.000204162802219798,-1.13328724182793e-05,5.84748249821132e-06,-3.41970007866621e-06,-0.000215525801650074
291,0.000139781905259539,NA,0.445784742732491,-0.578238686656512,0.185513573509978,-0.263854987691869,-3.3891964568613,-1.16522247846423e-07,-1.71102392294299e-07,7.4302131159384e-08,3.28197200712734e-08,-1.12243160382602e-07,-0.00015653256468795,6.86554813000839e-06,7.10599579178961e-06,-7.69944108469645e-06,-0.000182348003363586
292,0.000139909075274058,NA,0.445784618167063,-0.578238801480966,0.185513669664584,-0.26385501100837,-3.38919658403131,-1.24565427917413e-07,-1.14824453456066e-07,9.61546059758299e-08,-2.33165004809928e-08,-1.27170014335086e-07,-0.000100281454251672,2.35218067246024e-05,3.13491455017356e-06,-7.0843952926225e-06,-0.000140053089126013
293,0.000140041233721799,NA,0.445784497467781,-0.578238842960571,0.185513724424949,-0.263855054785483,-3.38919671618976,-1.20699282034777e-07,-4.14796052868326e-08,5.47603650829057e-08,-4.37771130968554e-08,-1.32158447919547e-07,-4.16679313275381e-05,3.65184860129375e-05,-3.4754066291498e-06,-3.01497493637726e-06,-9.298844361183e-05
294,0.00014016922915161,NA,0.445784390836271,-0.578238804272816,0.185513694280763,-0.263855084816479,-3.38919684418519,-1.06631509657175e-07,3.86877554558437e-08,-3.01441854497593e-08,-3.00309964556527e-08,-1.27995429657437e-07,1.33530875245924e-05,4.43606040789746e-05,-8.54527115734527e-06,1.2664713722188e-06,-4.5556589611806e-05
295,0.000140285329971235,NA,0.445784305982374,-0.57823868945885,0.185513582251067,-0.263855090042328,-3.38919696028601,-8.48538971756777e-08,1.14813965472661e-07,-1.12029695781905e-07,-5.22584839013736e-09,-1.16100819450084e-07,5.99521854383056e-05,4.62057414551964e-05,-9.04037733562291e-06,2.88650880975183e-06,-1.5756995708216e-06
296,0.000140383626829443,NA,0.44578424772571,-0.578238512852184,0.185513434535639,-0.263855086407084,-3.38919705858287,-5.82566637889008e-08,1.76606665970869e-07,-1.47715428581897e-07,3.63524404309394e-09,-9.82968581309613e-08,9.49978584685596e-05,4.18816625824547e-05,-4.91809259983711e-06,1.09423581307055e-06,3.61279717253638e-05
297,0.00014046019820535,NA,0.445784217991717,-0.578238297254794,0.185513310893169,-0.263855101960387,-3.38919713515425,-2.9733993182828e-08,2.15597390544432e-07,-1.23642469669704e-07,-1.5553302860021e-08,-7.65713757569581e-08,0.000117245235742303,3.1969307201507e-05,1.05615072243381e-06,-2.45222508965526e-06,6.58451426716056e-05
298,0.000140513097206529,NA,0.445784216116237,-0.578238070968086,0.185513248876128,-0.263855155006273,-3.38919718805325,-1.87548016379402e-09,2.26286707692485e-07,-6.20170411334724e-08,-5.30458864445364e-08,-5.28990011816704e-08,0.000127041630548774,1.77897163666785e-05,5.23357357451459e-06,-5.04542185808532e-06,8.67669314175146e-05
299,0.000140542223855178,NA,0.445784239338574,-0.578237863815298,0.185513245253963,-0.263855239722324,-3.3891972171799,2.32223368585306e-08,2.07152788325004e-07,-3.62216459833425e-09,-8.47160505794022e-08,-2.91266486216561e-08,0.000125826886687719,1.36878952616826e-06,5.48141088074772e-06,-4.72880401503062e-06,9.87125758911134e-05
300,0.000140549135656531,-417.6358369173,0.445784283370995,-0.578237702816734,0.18551326498138,-0.263855328605246,-3.3891972240917,4.40324211197571e-08,1.60998563436903e-07,1.97274168452185e-08,-8.88829220405329e-08,-6.91180119157868e-09,0.000115632019515033,-1.49003653859836e-05,2.38969732890837e-06,-1.56717305799248e-06,0.000101893533610564
301,0.000140536796761292,NA,0.445784342976296,-0.578237608214909,0.185513269820072,-0.263855388734589,-3.3891972117528,5.96053013670835e-08,9.46018253703792e-08,4.83869136115436e-09,-6.01293437014561e-08,1.23388950576987e-08,9.8758050626202e-05,-2.86399881588295e-05,-1.34434685605811e-06,2.58523868978955e-06,9.69322400123929e-05
302,0.00014050925939646,NA,0.445784412516672,-0.578237590754345,0.185513246104568,-0.263855400819851,-3.38919718421544,6.95403757660359e-08,1.74605640506737e-08,-2.37155037981426e-08,-1.20852612943886e-08,2.75373648028394e-08,7.75895614424371e-05,-3.80111941922223e-05,-2.88764567812905e-06,5.36374500370584e-06,8.49144043968408e-05
303,0.000140471259584718,NA,0.445784486469584,-0.578237650649598,0.185513213267466,-0.26385536850474,-3.38919714621563,7.39529118003215e-08,-5.98952530438099e-08,-3.28371022532322e-08,3.23151104467258e-08,3.79998118637651e-08,5.45571765542263e-05,-4.20072865381371e-05,-1.16358478408074e-06,5.45298917131731e-06,6.75026967655867e-05
304,0.000140427764106832,NA,0.445784559874139,-0.578237778346086,0.185513208187873,-0.263855313143274,-3.38919710272015,7.34045553173039e-08,-1.27696487755679e-07,-5.07959208274605e-09,5.53614666878683e-08,4.34954778079178e-08,3.19408854920766e-05,-4.0578811422165e-05,2.50508946919581e-06,3.27645466313697e-06,4.67736072096159e-05
305,0.000140383528826504,NA,0.445784628671493,-0.57823795662021,0.18551325755122,-0.263855258940285,-3.38919705848487,6.87973534901728e-08,-1.78274124050921e-07,4.93633461134026e-08,5.42029888142448e-08,4.42352802498234e-08,1.1662564247672e-05,-3.44533646057243e-05,5.459241947392e-06,5.13296072313096e-07,2.49229969995213e-05
306,0.000140342738336408,NA,0.445784689889019,-0.578238163352057,0.185513357632013,-0.263855218849771,-3.38919701769438,6.12175267776843e-08,-2.06731847338225e-07,1.00080793843736e-07,4.00905136626998e-08,4.07904901348293e-08,-4.99881025461946e-06,-2.48206788455718e-05,5.57747625862248e-06,-1.11072040454019e-06,3.90173227060586e-06
307,0.000140308781684695,NA,0.445784741652035,-0.578238374468976,0.185513474946104,-0.263855190456058,-3.38919698373773,5.17630153817023e-08,-2.11116918886436e-07,1.17314090234198e-07,2.83937129539347e-08,3.39566516403754e-08,-1.75413106262567e-05,-1.3082512850815e-05,2.67959876509849e-06,-9.72590896708425e-07,-1.48941126099089e-05
308,0.000140284151311842,NA,0.445784783043815,-0.57823856671804,0.185513566685102,-0.26385516298011,-3.38919695910735,4.13917799613983e-08,-1.92249064436834e-07,9.17389981750447e-08,2.74759479472233e-08,2.46303728581213e-08,-2.61991317529464e-05,-6.70752342557535e-07,-1.43415945785819e-06,2.19415596802719e-07,-3.06096126223565e-05
309,0.000140270433715006,NA,0.445784813886545,-0.578238720164209,0.185513606226184,-0.263855129201059,-3.38919694538976,3.08427302184351e-08,-1.53446168906529e-07,3.95410820422869e-08,3.3779050698805e-08,1.3717596983914e-08,-3.16447312798118e-05,1.10179598777904e-05,-4.3053205445176e-06,1.08968833956169e-06,-4.28184421252809e-05
310,0.000140268333418181,-417.635836909814,0.445784834518813,-0.578238820357385,0.185513596679597,-0.263855093021601,-3.38919694328946,2.06322679386132e-08,-1.00193175412343e-07,-9.54658727478428e-09,3.61794589470254e-08,2.10029699794999e-09,-3.46528850059258e-05,2.06659933610354e-05,-4.46618741989369e-06,6.82689460518304e-07,-5.12648057338083e-05
311,0.00014027770474101,NA,0.44578484562586,-0.578238859995797,0.185513564418616,-0.26385506764304,-3.38919695266078,1.110704655889e-08,-3.96384127255898e-08,-3.22609808296326e-08,2.53785604672347e-08,-9.37132282493377e-09,-3.58329543814762e-05,2.71415956376586e-05,-2.31580088438932e-06,-8.89031070983037e-07,-5.57486146135489e-05
312,0.000140297593563155,NA,0.445784848137976,-0.578238839740621,0.185513538425171,-0.263855066124554,-3.3891969725496,2.51211691138828e-09,2.02551763254507e-08,-2.59934444396313e-08,1.51848653407146e-09,-1.98888220732417e-08,-3.55368001692113e-05,2.9702391657338e-05,3.11501935357228e-07,-2.57841747952625e-06,-5.6138560466934e-05
313,0.00014032632716221,NA,0.445784843175847,-0.578238767925339,0.185513530542125,-0.263855091880395,-3.3891970012832,-4.96212913534204e-09,7.18152824622241e-08,-7.8830465441587e-09,-2.5755841118387e-08,-2.87335991110006e-08,-3.39343841915252e-05,2.81630718745873e-05,1.51658241520636e-06,-3.24519078276353e-06,-5.25614041180233e-05
314,0.000140361667374744,NA,0.44578483201646,-0.578238658960909,0.185513530090159,-0.263855135776758,-3.38919703662342,-1.11593876313027e-08,1.08964429969508e-07,-4.5196604693647e-10,-4.38963630704274e-08,-3.53402127168607e-08,-3.11206349579152e-05,2.30403429668513e-05,6.44604369881563e-07,-2.45051978708943e-06,-4.54917881143047e-05
315,0.000140401029385284,NA,0.445784816053549,-0.578238530792026,0.185513515498651,-0.263855181796683,-3.38919707598543,-1.59629105151155e-08,1.28168882492402e-07,-1.45915078426205e-08,-4.60199253054413e-08,-3.93620107192141e-08,-2.72291345027043e-05,1.54142298924853e-05,-1.36139988171635e-06,-7.46354089642409e-07,-3.57835006070673e-05
316,0.000140441719261197,NA,0.445784796762969,-0.578238401910408,0.185513473223286,-0.263855216746359,-3.3891971166753,-1.92905805787689e-08,1.28881618056521e-07,-4.22753645293672e-08,-3.49496757350798e-08,-4.06898758740952e-08,-2.23855067815748e-05,6.69786004436901e-06,-2.77623257716186e-06,7.87281351222191e-07,-2.44637021751259e-05
317,0.000140481151599037,NA,0.445784775677007,-0.578238288667661,0.185513409656347,-0.263855236923351,-3.38919715610764,-2.10859613791916e-08,1.1324274700831e-07,-6.35669397326092e-08,-2.01769919350948e-08,-3.94323376354394e-08,-1.66869540407788e-05,-1.73258740687743e-06,-2.40504505200079e-06,1.34036781673785e-06,-1.2551595318655e-05
318,0.00014051700888551,NA,0.445784754370572,-0.578238203341425,0.185513347964626,-0.263855247538535,-3.38919719196493,-2.13064354853262e-08,8.53262366596061e-08,-6.16917208139972e-08,-1.06151848446877e-08,-3.58572863265122e-08,-1.01857722256682e-05,-8.78458195074927e-06,-3.95061761082616e-07,8.90167939360254e-07,-8.66293703438714e-07
319,0.000140547343718822,NA,0.445784734439217,-0.578238153152034,0.185513312771508,-0.26385525595071,-3.38919722229976,-1.99313546712153e-08,5.01893900807132e-08,-3.51931177122026e-08,-8.41217452242249e-09,-3.03348334762315e-08,-2.97632141155191e-06,-1.37794131660485e-05,1.93836058315355e-06,1.38129507831763e-07,9.98909399640979e-06
320,0.000140570652278349,-417.635836913289,0.445784717444916,-0.578238140097199,0.185513314128703,-0.263855264739622,-3.38919724560832,-1.69943007283226e-08,1.3054835099015e-08,1.35719498942948e-09,-8.78891168209027e-09,-2.33085593315793e-08,4.69356109533692e-06,-1.64203584063216e-05,3.10421910398873e-06,-1.35855771077331e-07,1.95137772607268e-05
321,0.000140585940013427,NA,0.445784704811274,-0.578238161376161,0.185513342195561,-0.263855269603809,-3.38919726089605,-1.26336420384037e-08,-2.12789613738939e-08,2.8066858052183e-08,-4.86418726343925e-09,-1.52877352465642e-08,1.23304744192865e-05,-1.67068492373801e-05,2.49656295636669e-06,3.54134499502834e-07,2.72211764240637e-05
322,0.000140592789135585,NA,0.44578469767308,-0.578238210189246,0.185513375623194,-0.263855263627864,-3.38919726774518,-7.13819374174129e-09,-4.88130857415591e-08,3.3427632387391e-08,5.97594513188725e-09,-6.84912211186567e-09,1.92022753253696e-05,-1.48475010064431e-05,7.43511918699369e-07,1.18404841487063e-06,3.2597426979919e-05
323,0.000140591398048784,NA,0.445784696723101,-0.578238276869753,0.185513396880978,-0.263855243934278,-3.38919726635409,-9.49979154816631e-10,-6.66805066911407e-08,2.125778492011e-08,1.96935854391596e-08,1.39108660833008e-09,2.45159981204779e-05,-1.12510178951197e-05,-8.27071744424757e-07,1.62174274009885e-06,3.52400775227579e-05
324,0.000140582572899728,NA,0.445784702093719,-0.578238350325934,0.185513402847816,-0.263855215535749,-3.38919725752894,5.37061780984063e-09,-7.34561804474066e-08,5.96683800065228e-09,2.8398529640021e-08,8.82514903070502e-09,2.75849743047729e-05,-6.52562448522076e-06,-1.21474386105547e-06,1.19484866445418e-06,3.49592710335855e-05
325,0.000140567641351286,NA,0.44578471331482,-0.578238419709867,0.185513403909285,-0.263855188815916,-3.38919724259739,1.12211010779273e-08,-6.93839330444871e-08,1.06146828559857e-09,2.67198328961648e-08,1.49315484682083e-08,2.80232370641897e-05,-1.44723344419617e-06,-3.95061761082616e-07,1.1539214028744e-07,3.19306536766817e-05
326,0.000140548306729382,NA,0.445784729347215,-0.57823847603727,0.185513413237404,-0.263855173055768,-3.38919722326277,1.60323943041764e-08,-5.6327403115595e-08,9.32811959012062e-09,1.57601481185751e-08,1.93346217979885e-08,2.57665533354157e-05,3.17015746986726e-06,7.58291207603179e-07,-9.40190147957765e-07,2.66368260781746e-05
327,0.000140526471578362,NA,0.445784748681203,-0.578238513487684,0.185513435157922,-0.263855170808933,-3.38919720142762,1.93339888513839e-08,-3.74504139069681e-08,2.19205180220011e-08,2.24683471332665e-09,2.18351510577209e-08,2.10502548725344e-05,6.61032117932336e-06,1.21531229524408e-06,-1.33525190904038e-06,1.97530880541308e-05
328,0.000140504063687263,NA,0.445784769481198,-0.578238529969234,0.18551346163876,-0.263855177031415,-3.38919717901973,2.07999948325928e-08,-1.64815503028085e-08,2.6480837596256e-08,-6.22248208279955e-09,2.24078912571569e-08,1.43455736179021e-05,8.46966941026039e-06,5.96287463849876e-07,-9.12905306904577e-07,1.20058984975913e-05
329,0.000140482891174187,NA,0.445784789750508,-0.578238526952308,0.185513478752975,-0.263855183740872,-3.38919715784721,2.02693094104841e-08,3.01692632009953e-09,1.71142147543886e-08,-6.70945681744046e-09,2.11725131664273e-08,6.26073415332939e-06,8.6811269284226e-06,-6.10498318565078e-07,-1.18802745419089e-07,4.05066202802118e-06
330,0.000140464523344708,-417.635836911676,0.44578480752185,-0.578238508606151,0.185513477551236,-0.263855186154283,-3.38919713947939,1.77713421844995e-08,1.83461563519484e-08,-1.2017386279569e-09,-2.41341127765376e-09,1.83678296171566e-08,-2.43062459048815e-06,7.52265805203933e-06,-1.48077106132405e-06,4.00177668780088e-07,-3.5242919693701e-06
331,0.000140450188587327,NA,0.445784821060595,-0.578238480657426,0.185513460728332,-0.263855185612193,-3.38919712514463,1.35387453094853e-08,2.7948725077969e-08,-1.68229042047827e-08,5.42089875063837e-10,1.43347575367417e-08,-1.08389031083789e-05,5.43934675079072e-06,-1.38925315695815e-06,2.96722646453418e-07,-1.01681507658213e-05
332,0.00014044068504937,NA,0.445784829064752,-0.578238449216916,0.185513440279121,-0.263855187294672,-3.38919711564109,8.00415661625073e-09,3.14405103780745e-08,-2.04492107190639e-08,-1.6824783687042e-09,9.50353794039097e-09,-1.80244796865736e-05,2.93425728159491e-06,-4.59294824395329e-07,-2.35331754083745e-07,-1.53551127368701e-05
333,0.000140436318208259,NA,0.445784830821728,-0.578238419817347,0.185513428278141,-0.263855194947505,-3.38919711127425,1.75697651668980e-09,2.93995689809034e-08,-1.2000979931385e-08,-7.65283356482614e-09,4.36684128684772e-09,-2.31693775276653e-05,4.5304204832064e-07,5.67865754419472e-07,-6.60520527162589e-07,-1.86514625966083e-05
334,0.000140436884027206,NA,0.445784826294457,-0.578238396696921,0.185513428506015,-0.263855207063173,-3.38919711184007,-4.52727140349308e-09,2.31204255595697e-08,2.27873590471501e-10,-1.21156680580274e-08,-5.65819040947183e-10,-2.57068677456118e-05,-1.64050106832292e-06,9.63495949690696e-07,-5.5649707064731e-07,-1.98065208678599e-05
335,0.00014044171305283,NA,0.445784816109874,-0.578238382333665,0.185513435246771,-0.263855217459077,-3.38919711666909,-1.01845824870096e-08,1.4363255946164e-08,6.74075617005495e-09,-1.03959038337656e-08,-4.82902548023129e-09,-2.54561882684357e-05,-3.07579739455832e-06,5.65023583476432e-07,6.02540239924565e-08,-1.88339299711515e-05
336,0.000140449774872931,NA,0.445784801451226,-0.578238377259166,0.185513439111484,-0.263855220031447,-3.38919712473091,-1.46586482988384e-08,5.07449943515275e-09,3.86471265256751e-09,-2.57237000181356e-09,-8.06182019296658e-09,-2.26452812057687e-05,-3.69766439689556e-06,-1.92130755749531e-07,7.24753590475302e-07,-1.60275703819934e-05
337,0.000140459816226901,NA,0.445784783889246,-0.578238380144831,0.185513435054992,-0.263855213378565,-3.38919713477227,-1.75619797217268e-08,-2.88566553657328e-09,-4.05649132070918e-09,6.65288197663086e-09,-1.00413539662873e-08,-1.77931269718101e-05,-3.47256445820676e-06,-6.46309672447387e-07,9.4757979240967e-07,-1.18637899504392e-05
338,0.000140470508305679,NA,0.445784765183678,-0.578238388221411,0.185513425802774,-0.263855202009673,-3.38919714546435,-1.87055682805745e-08,-8.0765799220384e-09,-9.2522178950089e-09,1.13688924244841e-08,-1.06920788733797e-08,-1.15966258817934e-05,-2.5255530999857e-06,-4.75210981676355e-07,5.61612978344783e-07,-6.90533852321096e-06
339,0.000140480576579893,NA,0.445784747085676,-0.578238397976781,0.185513418714418,-0.263855192998071,-3.38919715553262,-1.8098001851146e-08,-9.75536986612055e-09,-7.08835648481899e-09,9.01160209905611e-09,-1.00682740789451e-08,-4.81236384075601e-06,-1.125499693444e-06,1.08570930024143e-07,-1.33013600134291e-07,-1.68881797435461e-06
340,0.000140488909741165,-417.6358369127,0.445784731159709,-0.578238405954569,0.185513419062369,-0.263855190814937,-3.38919716386578,-1.5925967548695e-08,-7.97778789836322e-09,3.47950773644339e-10,2.18313368392035e-09,-8.33316129769762e-09,1.82126314030029e-06,3.87672116630711e-07,5.69571056985296e-07,-6.20161699771415e-07,3.29634985973826e-06
341,0.000140494646132971,NA,0.445784718629058,-0.578238409514495,0.185513425528752,-0.263855194637033,-3.38919716960217,-1.25306501137792e-08,-3.55992603348261e-09,6.46638350310928e-09,-3.82209604063267e-09,-5.73639166590219e-09,7.60792318033054e-06,1.66380687005585e-06,5.15569809067529e-07,-5.99129634792916e-07,7.62213403504575e-06
342,0.000140497243245274,NA,0.445784710258415,-0.578238407307625,0.185513431637869,-0.263855199747934,-3.38919717219929,-8.37064398342172e-09,2.20686988269172e-09,6.10911700420659e-09,-5.11090092777842e-09,-2.59711227013325e-09,1.19558762889937e-05,2.45620412897551e-06,2.1600499167107e-08,-1.69961822393816e-07,1.09059783426346e-05
343,0.00014049651343484,NA,0.445784706293608,-0.578238399422296,0.185513431366924,-0.263855201809653,-3.38919717146948,-3.96480677615977e-09,7.88532861807234e-09,-2.7094489029719e-10,-2.06171915375012e-09,7.29810603525604e-10,1.44700607052073e-05,2.65117705566809e-06,-4.80895323562436e-07,2.62048160948325e-07,1.28869714899338e-05
344,0.000140492625622102,NA,0.445784706466397,-0.578238387235977,0.185513424095219,-0.263855200283867,-3.38919716758166,1.7278939657443e-10,1.21863195241028e-08,-7.27170493776403e-09,1.5257858518789e-09,3.88781285026801e-09,1.50004098031786e-05,2.26293650484877e-06,-5.79802872380242e-07,3.45039552485105e-07,1.34372157845064e-05
345,0.000140486062632394,NA,0.445784710074426,-0.578238373060067,0.185513414899131,-0.263855198392505,-3.38919716101867,3.6080290313769e-09,1.41759099811798e-08,-9.19608876705732e-09,1.89136275519274e-09,6.56298988864548e-09,1.37004008138319e-05,1.40403244586196e-06,-2.14868123293854e-07,5.17275111633353e-08,1.26146915135905e-05
346,0.000140477534350758,NA,0.445784716121086,-0.578238359627545,0.185513410150428,-0.263855199819895,-3.38919715249039,6.04665995381002e-09,1.34325214700889e-08,-4.74870310815291e-09,-1.42739029597731e-09,8.52828152955682e-09,1.09872644316056e-05,2.6943780540023e-07,2.91606738755945e-07,-3.16049408866093e-07,1.06751940620597e-05
347,0.000140467882105533,NA,0.445784723474854,-0.578238349571479,0.185513412333442,-0.263855205293011,-3.38919714283815,7.35376831390097e-09,1.00560660176544e-08,2.18301401587519e-09,-5.47311636703042e-09,9.65224523959328e-09,7.39873939892277e-06,-9.24273990676738e-07,5.26370058651082e-07,-4.18935997004155e-07,7.93932031228906e-06
348,0.000140457974687092,NA,0.445784731025692,-0.578238344888706,0.18551341873927,-0.263855211664596,-3.38919713293073,7.55083704177452e-09,4.68277373114847e-09,6.40582838748598e-09,-6.37158504855563e-09,9.90741846280174e-09,3.50951268046629e-06,-1.93665528058773e-06,3.5811353882309e-07,-1.41540112963412e-07,4.79246864415472e-06
349,0.000140448627338419,NA,0.445784737805133,-0.578238346570917,0.185513424315303,-0.263855214424625,-3.38919712358338,6.77944186924042e-09,-1.68221097862199e-09,5.57603281352178e-09,-2.76002896200735e-09,9.34734849359044e-09,-2.00657268578652e-07,-2.58296495303512e-06,-1.76214598468505e-08,2.97859514830634e-07,1.55921497935196e-06
350,0.000140440534850406,-417.635836911899,0.445784743070886,-0.578238354402155,0.185513426261388,-0.263855211371828,-3.38919711549089,5.26575228923655e-09,-7.83123808903516e-09,1.94608551061857e-09,3.05279727855236e-09,8.09248808774249e-09,-3.35489858116489e-06,-2.73928435490234e-06,-2.47837306233123e-07,5.47402123629581e-07,-1.46826550917467e-06
351,0.000140434218736107,NA,0.445784746358199,-0.578238367002508,0.185513426143263,-0.263855204080022,-3.38919710917478,3.28731316566679e-09,-1.26003532741312e-08,-1.18125137793702e-10,7.2918058391995e-09,6.31611414471189e-09,-5.68093128094915e-06,-2.38230768445646e-06,-1.49498191603925e-07,4.44515535491519e-07,-4.03474587074015e-06
352,0.000140429992349311,NA,0.445784747497095,-0.578238382136228,0.185513427766875,-0.263855196662304,-3.38919710494839,1.13889627518959e-09,-1.51337199298121e-08,1.6236118571925e-09,7.41771826645415e-09,4.22638678512756e-09,-7.02414126863005e-06,-1.60468971444061e-06,1.36992639454547e-07,8.01492205937393e-08,-5.94184257352026e-06
353,0.000140427945158894,NA,0.445784746597027,-0.578238397157006,0.185513433270375,-0.263855192386629,-3.3891971029012,-9.00068030606354e-10,-1.50207783085525e-08,5.50350036907448e-09,4.27567463536365e-09,2.04719043328129e-09,-7.35099092707969e-06,-5.6843418860808e-07,3.17754711431917e-07,-2.36468622460961e-07,-7.05824731994653e-06
354,0.000140427955423572,NA,0.445784743995857,-0.57823840948669,0.185513440839284,-0.263855191642704,-3.38919710291146,-2.60117016451519e-09,-1.2329684154063e-08,7.5689081619951e-09,7.43925355829166e-10,-1.026473513309e-11,-6.76948275213363e-06,5.35465005668812e-07,2.02931005333085e-07,-3.01838554150891e-07,-7.36179117666325e-06
355,0.000140429726663172,NA,0.445784740181474,-0.578238417064304,0.185513446045763,-0.263855192324008,-3.3891971046827,-3.81438296868011e-09,-7.57761329925425e-09,5.20647969034486e-09,-6.81304266094935e-10,-1.77123954896712e-09,-5.50699041923508e-06,1.51317181007471e-06,-1.27897692436818e-07,-1.3017142919125e-07,-6.9292127591325e-06
356,0.00014043284630727,NA,0.44578473569996,-0.578238418657739,0.185513445551221,-0.263855192203222,-3.38919710780235,-4.48151374588257e-09,-1.59343551905863e-09,-4.94542004151133e-10,1.20786552621956e-10,-3.1196439936213e-09,-3.86478404834634e-06,2.21461959881708e-06,-4.03588273911737e-07,7.04858393874019e-08,-5.93615823163418e-06
357,0.000140436840532665,NA,0.445784731072549,-0.578238414058141,0.185513439938508,-0.263855191090071,-3.38919711179657,-4.62741161154525e-09,4.59959820079405e-09,-5.61271322976638e-09,1.11315106892113e-09,-3.99422519696436e-09,-2.13788098335499e-06,2.52953213930596e-06,-3.98472366214264e-07,9.54969436861575e-08,-4.56168436357984e-06
358,0.000140441225391363,NA,0.44578472673986,-0.57823840409619,0.185513432883314,-0.263855190761771,-3.38919711618143,-4.33268828753522e-09,9.96195091280254e-09,-7.05519419785004e-09,3.28299333492305e-10,-4.38485866477095e-09,-5.43423084309325e-07,2.41641373577295e-06,-1.51771928358357e-07,-6.42330633127131e-08,-2.98712166113546e-06
359,0.00014044554664272,NA,0.445784723033654,-0.578238390504038,0.18551342798976,-0.263855193151477,-3.38919712050268,-3.7062059433148e-09,1.35921517235752e-08,-4.89355421338663e-09,-2.38970616688739e-09,-4.32125117194111e-09,7.87849785410799e-07,1.89800175576238e-06,1.13686837721616e-07,-2.52953213930596e-07,-1.36537892103661e-06
360,0.000140449410073629,-417.635836912318,0.445784720172665,-0.57823837560053,0.185513425972471,-0.263855198287062,-3.38919712436611,-2.86098953498789e-09,1.49035083005619e-08,-2.01728858144614e-09,-5.13558486108966e-09,-3.86343106000415e-09,1.80648385139648e-06,1.07490905065788e-06,1.83035808731802e-07,-2.78532752417959e-07,1.75646164279897e-07
361,0.00014045250902317,NA,0.445784718269903,-0.578238361832447,0.185513424764344,-0.263855204037153,-3.38919712746506,-1.90276187319984e-09,1.37680832968065e-08,-1.20812727766078e-09,-5.75009091682863e-09,-3.09894970269189e-09,2.5045210350072e-06,1.17097442853265e-07,4.66116034658626e-08,-1.02886588138063e-07,1.51032963913167e-06
362,0.000140454648316801,NA,0.445784717343897,-0.578238351341273,0.185513421977682,-0.26385520791455,-3.38919712960436,-9.26005711309793e-10,1.04911743136496e-08,-2.78666135674381e-09,-3.87739698901199e-09,-2.13929357462329e-09,2.8910562832607e-06,-8.01492205937393e-07,-1.2732925824821e-07,1.22781784739345e-07,2.51930032391101e-06
363,0.000140455751061808,NA,0.445784717338018,-0.578238345552692,0.185513417723828,-0.263855208734972,-3.3891971307071,-5.87940395084839e-12,5.78858043476671e-09,-4.25385442632786e-09,-8.20421618226871e-10,-1.10274522487149e-09,3.00815372611396e-06,-1.50293999467976e-06,-1.29602995002642e-07,2.47837306233123e-07,3.14173576043686e-06
364,0.000140455851666665,NA,0.445784718142453,-0.578238345010093,0.185513414586048,-0.263855207271613,-3.38919713080771,8.04434814456908e-10,5.42599567713388e-10,-3.13778024874329e-09,1.46335917962987e-09,-1.00604887177627e-10,2.91322521661641e-06,-1.89572801900795e-06,5.28643795405515e-08,2.02362571144477e-07,3.36740413331427e-06
365,0.000140455077570323,NA,0.445784719618536,-0.578238349391781,0.185513415233792,-0.263855205256536,-3.38919713003361,1.47608390025721e-09,-4.38168806169854e-09,6.47743972871158e-10,2.01507705978348e-09,7.74096421086799e-10,2.67846189672127e-06,-1.95768734556623e-06,2.58069121628068e-07,6.30961949354969e-08,3.23097992804833e-06
366,0.000140453621217951,NA,0.445784721618615,-0.578238357654719,0.185513419794997,-0.263855203802908,-3.38919712857726,2.00007842113718e-09,-8.26293820687343e-09,4.56120551176881e-09,1.45362721725627e-09,1.45635258074781e-09,2.36695996136405e-06,-1.71837655216223e-06,2.92743607133161e-07,-3.35376171278767e-08,2.80920176010113e-06
367,0.000140451715525458,NA,0.445784723995067,-0.57823836823029,0.185513425806678,-0.26385520260743,-3.38919712667157,2.37645217113149e-09,-1.05755712933342e-08,6.01168130666124e-09,1.19547836211467e-09,1.9056926808409e-09,2.00884642254096e-06,-1.23293375509093e-06,1.38129507831763e-07,-1.08002495835535e-08,2.17426077142591e-06
368,0.000140449615619875,NA,0.44578472659977,-0.578238379294672,0.185513430254691,-0.263855200722732,-3.38919712457166,2.6047031845259e-09,-1.10643818221089e-08,4.44801287602203e-09,1.88469752341597e-09,2.09990576677655e-09,1.60298441187479e-06,-5.9230842452962e-07,-7.21911419532262e-08,7.21911419532262e-08,1.38243194669485e-06
369,0.000140447580614378,NA,0.445784729273879,-0.578238389109077,0.185513431840608,-0.263855197937029,-3.38919712253665,2.67410854113938e-09,-9.81440449333978e-09,1.58591678913982e-09,2.78570335241095e-09,2.03500559181363e-09,1.11413100967184e-06,7.67386154620908e-08,-1.76783032657113e-07,9.66338120633736e-08,4.95106178277638e-07
370,0.00014044585209616,-417.635836912184,0.445784731849124,-0.578238396267362,0.185513431730898,-0.26385519522525,-3.38919712080814,2.57524476870653e-09,-7.15828577695482e-09,-1.09710229072555e-10,2.71177914051622e-09,1.72851817175583e-09,5.44559952686541e-07,6.73594513500575e-07,-1.11413100967184e-07,1.70530256582424e-08,-4.09272615797818e-07
371,0.000140444629044278,NA,0.445784734155222,-0.578238399958892,0.185513432051425,-0.263855193908912,-3.38919711958508,2.30609834417437e-09,-3.69152933800785e-09,3.2052714206226e-10,1.31633770869425e-09,1.22305183422938e-09,-8.18545231595635e-08,1.08457243186422e-06,3.01270119962282e-08,-1.0061285138363e-07,-1.23350218927953e-06
372,0.000140444045690025,NA,0.445784736037257,-0.578238400071566,0.185513433479838,-0.263855194525805,-3.38919711900173,1.88203519576258e-09,-1.1267427988231e-10,1.42841282044088e-09,-6.16892457133286e-10,5.83354246121426e-10,-7.04858393874019e-07,1.25055521493778e-06,8.12860889709555e-08,-1.59161572810262e-07,-1.88435933523579e-06
373,0.000140444161736752,NA,0.445784737370765,-0.578238397151142,0.185513434804052,-0.263855196388248,-3.38919711911778,1.33350813698838e-09,2.92042392898222e-09,1.32421446299859e-09,-1.86244296270997e-09,-1.16046625170543e-10,-1.26760824059602e-06,1.16529008664656e-06,2.27373675443232e-09,-1.14255271910224e-07,-2.3072743715602e-06
374,0.000140444961161723,NA,0.445784738078387,-0.578238392201843,0.185513434216326,-0.263855198268781,-3.3891971199172,7.07621380880602e-10,4.94929862439384e-09,-5.87726648031623e-10,-1.88053332128692e-09,-7.9942515320284e-10,-1.70416569744702e-06,8.85052031662781e-07,-1.26192389870994e-07,-1.70530256582424e-08,-2.4760993255768e-06
375,0.000140446363152247,NA,0.445784738138307,-0.578238386430065,0.185513431323813,-0.26385519945858,-3.38919712131919,5.99203602737832e-11,5.77177824469997e-09,-2.89251289157523e-09,-1.18979854426209e-09,-1.40199032069402e-09,-1.97246663447004e-06,4.93969309900422e-07,-1.65982783073559e-07,4.43378667114303e-08,-2.40788722294383e-06
376,0.00014044823337267,NA,0.44578473759249,-0.578238380996069,0.185513427585639,-0.263855200198812,-3.38919712318941,-5.45816534072945e-10,5.43399589575617e-09,-3.73817373520502e-09,-7.40232126510152e-10,-1.87022028368438e-09,-2.02931005333085e-06,8.07176547823474e-08,-7.84439180279151e-08,2.89901436190121e-08,-2.1242385628284e-06
377,0.000140450395409886,NA,0.445784736551695,-0.578238376796625,0.185513425159667,-0.263855201034064,-3.38919712535145,-1.04079546658831e-09,4.19944395181613e-09,-2.4259717475904e-09,-8.35251757201653e-10,-2.16203740287921e-09,-1.84058990271296e-06,-2.70574673777446e-07,6.65068000671454e-08,-1.4210854715202e-08,-1.65073288371786e-06
378,0.000140452646312905,NA,0.445784735186303,-0.578238374389353,0.185513424927403,-0.26385520211593,-3.38919712760235,-1.36539175226896e-09,2.40727251367929e-09,-2.3226464517399e-10,-1.08186637324445e-09,-2.25090284798015e-09,-1.41881173476577e-06,-5.22959453519434e-07,1.35855771077331e-07,-2.78532752417959e-08,-1.03057118394645e-06
379,0.000140454778091659,NA,0.445784733709086,-0.578238373948077,0.185513425946989,-0.263855202927307,-3.38919712973413,-1.47721732378152e-09,4.4127554640852e-10,1.0195867450312e-09,-8.113773631652e-10,-2.13177887707603e-09,-8.06039679446258e-07,-6.49151843390428e-07,8.46966941026039e-08,1.4210854715202e-08,-3.31965566147119e-07
380,0.000140456600199013,-417.635836912251,0.445784732346663,-0.578238375236185,0.185513426620478,-0.263855202726219,-3.38919713155624,-1.36242271317023e-09,-1.28810796714746e-09,6.734889013374e-10,2.01088324812457e-10,-1.82210722468312e-09,-8.64019966684282e-08,-6.2755134422332e-07,-1.70530256582424e-08,7.90123522165231e-08,3.67776920029428e-07
381,0.00014045796676676,NA,0.445784731302826,-0.578238377714926,0.185513426295853,-0.26385520153002,-3.38919713292281,-1.04383691174789e-09,-2.47874068829187e-09,-3.24625200343821e-10,1.19619890699955e-09,-1.36656781427785e-09,6.2186700233724e-07,-4.86011231259909e-07,-6.3664629124105e-08,8.5265128291212e-08,9.69180291576777e-07
382,0.000140458791212161,NA,0.445784730730863,-0.5782383806892,0.18551342561665,-0.263855200128451,-3.38919713374725,-5.71963245049073e-10,-2.97427464709791e-09,-6.79203068970118e-10,1.40156931941147e-09,-8.24445282548155e-10,1.22099663713016e-06,-2.6943780540023e-07,-2.61479726759717e-08,2.67164068645798e-08,1.40914835355943e-06
383,0.000140459051316544,NA,0.445784730713136,-0.578238383452777,0.185513425760413,-0.263855199331933,-3.38919713400736,-1.77275539526383e-11,-2.763576351244e-09,1.43762988992367e-10,7.96517358918528e-10,-2.60104459903933e-10,1.63026925292797e-06,-2.67164068645798e-08,5.11590769747272e-08,-3.92219590139575e-08,1.65357505466091e-06
384,0.000140458785476305,NA,0.445784731251898,-0.578238385473855,0.185513427042076,-0.26385519940107,-3.38919713374152,5.38762400870326e-10,-2.0210780112156e-09,1.28166339332352e-09,-6.91369635416706e-11,2.65840325450607e-10,1.8007995095104e-06,1.74509295902681e-07,7.73070496506989e-08,-6.53699316899292e-08,1.69734448718373e-06
385,0.000140458084624928,NA,0.445784732272642,-0.578238386482068,0.18551342866112,-0.263855199788019,-3.38919713304067,1.02074397661629e-09,-1.00821311787891e-09,1.61904324984855e-09,-3.86948171443545e-10,7.00851475860903e-10,1.72235559148248e-06,2.97291080642026e-07,3.06954461848363e-08,-2.67164068645798e-08,1.55125690071145e-06
386,0.000140457079782941,NA,0.445784733632001,-0.578238386525658,0.185513429253136,-0.263855199909118,-3.38919713203582,1.35935873348049e-09,-4.35904874486857e-11,5.92016498414465e-10,-1.21099700671924e-10,1.00484190907288e-09,1.40062184073031e-06,3.13207237923052e-07,-5.79802872380242e-08,1.87583282240666e-08,1.24316557048587e-06
387,0.000140455925519589,NA,0.445784735141642,-0.578238385847414,0.185513428610615,-0.263855199669997,-3.38919713088156,1.50964084760295e-09,6.78244588461984e-10,-6.4252074980445e-10,2.39120930598055e-10,1.1542632319021e-09,8.94715412869118e-07,2.5750068743946e-07,-7.7875483839307e-08,2.8421709430404e-08,8.17976797407027e-07
388,0.000140454782665778,NA,0.445784736597042,-0.578238384829378,0.185513427649067,-0.263855199537793,-3.38919712973871,1.45540042327043e-09,1.01803539777581e-09,-9.61548654378525e-10,1.32204143266662e-10,1.1428538834565e-09,2.85353962681256e-07,1.44382283906452e-07,-2.50111042987555e-08,-6.82121026329696e-09,3.27418092638254e-07
389,0.000140453795816953,NA,0.445784737810682,-0.578238383865219,0.185513427404742,-0.263855199939552,-3.38919712875186,1.21364049803071e-09,9.64159382035539e-10,-2.44324549412332e-10,-4.01758755101994e-10,9.86849002800143e-10,-3.2571279007243e-07,1.53477230924182e-08,4.09272615797818e-08,-4.20641299569979e-08,-1.55182533490006e-07
390,0.000140453072874358,-417.635836912153,0.445784738641285,-0.578238383282606,0.185513428030765,-0.263855200671234,-3.38919712802891,8.30602863947989e-10,5.82612768112603e-10,6.26022442733484e-10,-7.3168199048255e-10,7.22942384787974e-10,-8.41282599139959e-07,-1.02318153949454e-07,5.51381162949838e-08,-2.95585778076202e-08,-5.57633939024527e-07
391,0.000140452675655212,NA,0.445784739010734,-0.578238383264949,0.185513428772627,-0.263855201169419,-3.3891971276317,3.69448474626949e-10,1.76567982006211e-11,7.41861992172479e-10,-4.98185620235967e-10,3.97219253970863e-10,-1.1959855328314e-06,-1.79056769411545e-07,1.13686837721616e-08,1.30739863379858e-08,-8.39008862385526e-07
392,0.000140452616204545,NA,0.445784738912513,-0.578238383812997,0.185513428949679,-0.263855200926102,-3.38919712757225,-9.82212624568461e-11,-5.48047800761028e-10,1.77051975154857e-10,2.43317150630791e-10,5.94505773229017e-11,-1.34718902700115e-06,-1.97246663447004e-07,-3.18323145620525e-08,5.51381162949838e-08,-9.74864633462857e-07
393,0.000140452862618101,NA,0.445784738402025,-0.578238384751526,0.185513428604383,-0.263855200116307,-3.38919712781866,-5.10487075031447e-10,-9.38528765894027e-10,-3.45295209485506e-10,8.09794899736857e-10,-2.46413710047816e-10,-1.30683019960998e-06,-1.5404566511279e-07,-3.24007487506606e-08,4.66116034658626e-08,-9.70885594142601e-07
394,0.000140453347516889,NA,0.445784737583343,-0.578238385787747,0.185513428309848,-0.263855199369292,-3.38919712830356,-8.18682062515146e-10,-1.03622102431639e-09,-2.94535374704275e-10,7.47015385892789e-10,-4.84898926789777e-10,-1.10048858914524e-06,-6.48014975013211e-08,1.13686837721616e-09,1.13686837721616e-09,-8.42987901705783e-07
395,0.000140453977407695,NA,0.445784736592052,-0.578238386598039,0.185513428473439,-0.263855199173037,-3.38919712893345,-9.91291715812561e-10,-8.10292433162837e-10,1.6359140283455e-10,1.96254609131623e-10,-6.29890611399369e-10,-7.69091457186732e-07,4.37694325228222e-08,2.72848410531878e-08,-3.75166564481333e-08,-6.12203621130902e-07
396,0.000140454647703958,NA,0.445784735571832,-0.578238386911302,0.185513428936605,-0.263855199470173,-3.38919712960374,-1.0202196932202e-09,-3.1326281362082e-10,4.63165100049503e-10,-2.97135259959402e-10,-6.7029620933858e-10,-3.76871867047157e-07,1.43813849717844e-07,1.98951966012828e-08,-3.69482222595252e-08,-3.20028448186349e-07
397,0.000140455257475747,NA,0.445784734652852,-0.578238386567673,0.185513429084055,-0.263855199760988,-3.38919713021352,-9.18980202827682e-10,3.43628888097409e-10,1.47450052397921e-10,-2.90814915378706e-10,-6.09771977001891e-10,1.19371179607697e-08,2.13731254916638e-07,-1.70530256582424e-08,-1.70530256582424e-09,-1.08002495835535e-08
398,0.000140455724338739,NA,0.445784733931407,-0.578238385601447,0.185513428516915,-0.263855199795353,-3.38919713068038,-7.21444288982417e-10,9.66226410254113e-10,-5.67139590448655e-10,-3.43650705181432e-11,-4.66862780956889e-10,3.31965566147119e-07,2.22257767745759e-07,-4.37694325228222e-08,1.76214598468505e-08,2.67164068645798e-07
399,0.000140455991709754,NA,0.44578473346071,-0.578238384173099,0.185513427564938,-0.263855199752283,-3.38919713094775,-4.70697177428895e-10,1.42834804955533e-09,-9.51977199953055e-10,4.30692912603376e-11,-2.67371015786962e-10,5.46833689440973e-07,1.87014848052058e-07,-2.72848410531878e-08,5.6843418860808e-09,4.86011231259909e-07
400,0.00014045603482904,-417.635836912251,0.445784733248762,-0.578238382559246,0.185513426896781,-0.263855199951841,-3.38919713099087,-2.11947966903328e-10,1.61385301130823e-09,-6.68157159862221e-10,-1.99557275420735e-10,-4.3119323312915e-11,6.3948846218409e-07,1.08002495835535e-07,1.19371179607697e-08,-1.81898940354586e-08,6.20161699771415e-07
