"iter","err","ll","dens_0","conn_0","conn_X1","conn_X2","g0_1","step_dens_0","step_conn_0","step_conn_X1","step_conn_X2","step_g0_1","grad_dens_0","grad_conn_0","grad_conn_X1","grad_conn_X2","grad_g0_1"
1,1.56094332504602,-955.857333897184,-0.950000000002083,-1.92500000001353,0.05,-0.05,-4.95000000000206,0.0499999999979175,0.0749999999864699,0.05,-0.05,0.0499999999979406,240.098141321141,55.431818782381,11.93654927647,-15.6810348346426,242.791845910233
2,1.51094822926539,NA,-0.900008306375351,-1.85004278293136,0.1,-0.1,-4.90000490422143,0.0499916936267314,0.0749572170821718,0.05,-0.05,0.0499950957806255,238.616588646892,54.3356424361718,9.3480866507889,-13.1825524169926,241.895800356815
3,1.46096150638832,NA,-0.850031804301105,-1.77518636144641,0.15,-0.15,-4.85001818134436,0.0499765020742462,0.0748564214849487,0.05,-0.05,0.049986722877074,236.970599700044,52.7696500307684,6.57782488929115,-10.4747531759131,240.975142345405
4,1.41098729844364,NA,-0.800078571078578,-1.70051420812776,0.2,-0.2,-4.80004397339968,0.0499532332225273,0.0746721533186523,0.05,-0.05,0.0499742079446755,235.14374517049,50.7527163324539,3.64275371225631,-7.5780304825912,239.969075236104
5,1.36103089607731,NA,-0.75015803912805,-1.6261372630858,0.25,-0.25,-4.75008757103335,0.0499205319505278,0.07437694504196,0.05,-0.05,0.0499564023663384,233.118757223565,48.3213866800725,0.568745865621167,-4.51997135655802,238.813169523837
6,1.31109925372264,NA,-0.700281174689101,-1.55219504150975,0.293126028184845,-0.3,-4.70015592867868,0.0498768644389486,0.0739422215760522,0.0431260281848445,-0.05,0.049931642354665,230.87762148748,45.528363974654,-2.60981152450768,-1.33402511437453,237.440545397476
7,1.26120200555665,NA,-0.650460676221216,-1.47884332447015,0.31737233330615,-0.348281298201142,-4.65025868051269,0.0498204984678853,0.0733517170395965,0.024246305121305,-0.0482812982011422,0.0498972481659894,228.401391909756,42.5516678240001,-5.48789114759529,1.97904980723251,235.739282372833
8,1.21135243853135,NA,-0.600711210704461,-1.40622676281736,0.322968427295277,-0.381965330710738,-4.60040911348739,0.0497494655167547,0.0726165616527886,0.00559609398912733,-0.0336840325095957,0.0498495670253035,225.668812154254,39.6811600228375,-7.39259663305347,5.37137714559321,233.59862353459
9,1.16156628158854,NA,-0.551049722465735,-1.33447144460407,0.312976584841298,-0.399388186829614,-4.55062295654458,0.0496614882387264,0.0717553182132865,-0.00999184245397844,-0.0174228561188757,0.0497861569428065,222.653623876568,37.0161012256176,-8.38772692418388,8.00729791649246,231.099431688335
10,1.11186116736914,-716.859820272916,-0.501495805723723,-1.263691815337,0.29099757728717,-0.401499267294161,-4.50091784232518,0.0495539167420114,0.0707796292670783,-0.0219790075541282,-0.00211108046454768,0.0497051142194034,219.32542871923,34.5227174545926,-8.61427731820186,9.69302020280338,228.291039130681
11,1.06225660056322,NA,-0.452072142987927,-1.19400579658938,0.260235742939754,-0.390802448564441,-4.45131327551926,0.0494236627357967,0.0696860187476154,-0.0307618343474158,0.0106968187297203,0.0496045668059168,215.650086288406,32.0964613752039,-8.18875119989571,10.3557833017476,225.188085830723
12,1.01277444778386,NA,-0.402804995584464,-1.12555188035004,0.223454426034132,-0.370249109635351,-4.4018311227399,0.0492671474034623,0.0684539162393392,-0.036781316905623,0.0205533389290903,0.049482152779358,211.591400845919,29.6180287602965,-7.17773478072559,10.0143003817266,221.764087732481
13,0.963439744108816,NA,-0.353724729943864,-1.05850396831316,0.183220366384524,-0.342756628799207,-4.35249641906486,0.0490802656406008,0.0670479120368799,-0.0402340596496071,0.027492480836144,0.0493347036750474,207.113079703731,26.9897603675417,-5.63083347287829,8.74251809250381,217.965631928791
14,0.914281617545193,NA,-0.304866361983702,-0.993081529727382,0.142188747608305,-0.311191941444796,-4.30333829250123,0.0488583679601619,0.0654224385857794,-0.0410316187762191,0.031564687354411,0.0491581265636231,202.180748884757,24.1544299137786,-3.62369355570991,6.66576113189876,213.728521200665
15,0.865334203125327,NA,-0.256270101800678,-0.929553353345698,0.103293136316361,-0.278520040328666,-4.25439087808137,0.0485962601830243,0.0635281763816834,-0.038895611291944,0.0326719011161296,0.0489474144198659,196.763854374922,21.1034421170098,-1.29599173533279,3.97910903870979,208.989502142458
16,0.816637469294968,NA,-0.20798188872291,-0.868233633436884,0.0696590926683773,-0.24787309809514,-4.20569414425101,0.0482882130777671,0.0613197199088144,-0.0336340436479841,0.0306469422335262,0.0486967338303588,190.836874645584,17.8765206237586,1.12710211169542,0.963927172961121,203.694052835317
17,0.768237926380618,NA,-0.16005392608478,-0.809470574980774,0.0440967993053701,-0.222337253240028,-4.15729460133666,0.0479279626381303,0.0587630584561097,-0.0255622933630072,0.0255358448551117,0.0483995429143508,184.379135264408,14.5501889869593,3.35190910277561,-2.02493606821008,197.800235320074
18,0.720189255385476,NA,-0.112545244871105,-0.753630009338674,0.0283772077695898,-0.204424315322071,-4.10924593034152,0.0475086812136751,0.0558405656421002,-0.0157195915357804,0.0179129379179574,0.0480486709951422,177.373303496324,11.2156995589885,5.08566235680519,-4.61952315959024,191.277361230959
19,0.672552945917344,NA,-0.0655223208711158,-0.701077713580553,0.0228398591421416,-0.195532172406592,-4.06160962087338,0.0470229239999892,0.0525522957581206,-0.00553734862744818,0.00889214291547869,0.047636309468132,169.804115065517,7.95665534496948,6.12783950145968,-6.5289755093545,184.101019868876
20,0.625399005238972,-515.337037233357,-0.0190597325814815,-0.652162806906342,0.0265831438188162,-0.195790615901423,-4.01445568019501,0.0464625882896343,0.0489149066742106,0.00374328467667457,-0.000258443494830885,0.0471539406783725,161.659176789044,4.83883151218834,6.41875329961294,-7.60456583179803,176.249591492024
21,0.578806712895513,NA,0.0267591938089965,-0.607202356295253,0.0379327807826745,-0.204321767264142,-3.96786338785155,0.045818926390478,0.044960450611089,0.0113496369638584,-0.00853115136271907,0.0465922923434583,152.931795255427,1.91323499734608,6.02073487925736,-7.84126163011933,167.705815581485
22,0.532865314906091,NA,0.0718418184615328,-0.566466729571659,0.0548318746912736,-0.219630090497689,-3.92192198986213,0.0450826246525363,0.0407356267235946,0.0168990939085991,-0.0153083232335472,0.0459413979894229,143.624018703008,-0.777575613710724,5.06885561435411,-7.33440080068704,158.462529171288
23,0.487674512644075,NA,0.116085752703289,-0.530166414239064,0.0750621287033219,-0.2399001973476,-3.87673118760012,0.044243934241756,0.0363003153325948,0.0202302540120483,-0.0202701068499108,0.0451908022620157,133.748360460686,-3.198028275051,3.73090679431698,-6.2330227979146,148.529650589353
24,0.443344603608252,NA,0.159378584970535,-0.498442250624533,0.0963724361636193,-0.263167952033018,-3.83240127856429,0.0432928322672459,0.0317241636145314,0.0213103074602974,-0.0232677546854174,0.0443299090358227,123.327887977212,-5.32313858627731,2.18562901238784,-4.71028606284563,137.939786911261
25,0.399996166237683,NA,0.20159778537243,-0.471361093831344,0.116609796773291,-0.287425224011796,-3.78905284119372,0.0422192004018952,0.0270811567931884,0.020237360609672,-0.0242572719787784,0.0433484373705693,112.395218492338,-7.14320809663604,0.610579459703331,-2.94834154829005,126.750714551918
26,0.357759237548558,NA,0.242610813060452,-0.448917814872306,0.133897841978562,-0.310724703067118,-3.7468159125046,0.0410130276880223,0.0224432789590382,0.0172880452052707,-0.0232994790553221,0.0422369286891249,100.991437612379,-8.66602779922232,-0.829524835239681,-1.12818986508501,115.04402547132
27,0.316771990442395,NA,0.28227548536587,-0.431042967297637,0.14683807704563,-0.331317935816317,-3.70582866539844,0.0396646723054179,0.0178748475746685,0.0129402350670683,-0.0205932327491989,0.0409872471061626,89.1661830974044,-9.91509341361052,-1.99710069409775,0.581812361133416,102.920552837986
28,0.277178950885181,NA,0.320440728103559,-0.417614152222974,0.154661258996867,-0.347813932444646,-3.66623562584122,0.0381652427376889,0.0134288150746633,0.00782318195123624,-0.0164959966283291,0.0395930395572148,76.9798304850156,-10.924352169468,-2.79560036858584,2.03967733625632,90.4944551638209
29,0.239128788785987,NA,0.356947890440881,-0.408468574079449,0.157269699423504,-0.359310866854541,-3.62818546374203,0.0365071623373224,0.00914557814352461,0.00260844042663788,-0.0114969344098946,0.0380501620991937,64.507708402175,-11.7312422173654,-3.17764547219213,3.14265789540968,77.8882469342079
30,0.202771681312597,-425.256217574513,0.391632840616518,-0.403414548244339,0.155170662677319,-0.365453396764239,-3.59182835626864,0.0346849501756364,0.00505402583511091,-0.00209903674618539,-0.0061425299096983,0.0363571074733895,51.8450592335284,-12.370150259926,-3.14465333190128,3.83520055038389,65.2302134614047
31,0.175875700745464,NA,0.424329033733338,-0.402240546968993,0.149346853258297,-0.366402040156468,-3.55731289050404,0.0326961931168205,0.00117400127534581,-0.00582380941902236,-0.000948643392229293,0.0345154657645945,39.1108759964709,-12.8679933493459,-2.73967367718342,4.10969553342966,52.6540984566282
32,0.173394900333005,NA,0.454871654332647,-0.404721347381452,0.14111002909064,-0.362738202157372,-3.52478247662501,0.0305426205993084,-0.00248080041245892,-0.00823682416765669,0.00366383799909624,0.0325304138790303,26.4490781995619,-13.2426213554027,-2.03719198054841,4.00060947413294,40.2996862294458
33,0.167494640964937,NA,0.483102797324098,-0.41062160674952,0.131956957572533,-0.355341610701078,-3.49437129854017,0.0282311429914516,-0.00590025936806795,-0.00915307151810721,0.00739659145629427,0.0304111780848409,14.0263095306636,-13.5036101448804,-1.13256291001562,3.57451935371955,28.3125144886753
34,0.158418697878942,NA,0.508877483567606,-0.419697549835515,0.123425016902864,-0.345266866923066,-3.46619992705972,0.025774686243508,-0.00907594308599527,-0.00853194066966903,0.0100747437780122,0.0281713714804542,2.02641147893701,-13.6543117218935,-0.131751500589417,2.9187161783284,16.8414366800107
35,0.146418819948788,NA,0.532070139587369,-0.431697427765669,0.116942574817932,-0.333629756028099,-3.44037083223334,0.0231926560197625,-0.0119998779301538,-0.00648244208493132,0.0116371108949661,0.025829094826377,-9.35783673412516,-13.6939406729653,0.858924714179921,2.13009487310956,6.0337084346429
36,0.13175509901307,NA,0.552581038190218,-0.446361148701387,0.113683231295159,-0.321504669834076,-3.41696411953157,0.0205108986028491,-0.0146637209357183,-0.00325934352277355,0.0121250861940229,0.0234067127017731,-19.9347709252606,-13.6188775803703,1.74301405309052,1.3050948871296,-3.97176713931913
37,0.124605653117571,NA,0.570342130312199,-0.46341919182344,0.11444823917417,-0.309833977772933,-3.39603384837125,0.0177610921219813,-0.0170580431220528,0.000765007879010907,0.0116706920611435,0.0209302711603143,-29.5245708554148,-13.4230286533921,2.44305435330716,0.531036369011417,-13.0517895701132
38,0.139585240092831,NA,0.585321717287459,-0.482590773308805,0.119602283166112,-0.299353989726775,-3.37760525902331,0.0149795869752601,-0.019171581485365,0.00515404399194247,0.0104799880461579,0.0184285893479443,-37.9696026055854,-13.0977135836474,2.90687308449833,-0.120800805234467,-21.1054821090784
39,0.151791038084144,NA,0.597527515278772,-0.503581305407123,0.129071331643093,-0.290544807811103,-3.36167314605271,0.0122057979913129,-0.020990532098318,0.00946904847698052,0.00880918191567232,0.015932112970598,-45.1435472660933,-12.6318473451192,3.10978055608757,-0.599951533786225,-28.0592649340861
40,0.161271352525571,-423.060612193522,0.607007829720199,-0.526079415105759,0.142390394679427,-0.283609954743524,-3.34820149946453,0.00948031444142634,-0.0224981096986357,0.0133190630363345,0.00693485306757835,0.0134716465881782,-50.9587217862872,-12.0129935089608,3.05278794826336,-0.879137953120335,-33.8698629207101
41,0.168114279520127,NA,0.613850756714755,-0.549754032458121,0.158778836061261,-0.278487006085412,-3.33712441610725,0.00684292699455615,-0.0236746173523622,0.0163884413818342,0.00512294865811247,0.0110770833572863,-55.3710983729161,-11.2293738385461,2.75833004025117,-0.954320204868964,-38.5254724056949
42,0.1724450496852,NA,0.618181526879828,-0.574252208089373,0.177224826321723,-0.274885543107278,-3.32834818147626,0.00433077016507302,-0.024498175631252,0.0184459902604612,0.00360146297813446,0.00877623463098684,-58.3825546817707,-10.272464303398,2.26534493322106,-0.842823152424899,-42.0453280361244
43,0.174421797513098,NA,0.620158274707726,-0.599198334420651,0.196571386351885,-0.272345947807979,-3.32175434250972,0.00197674782789798,-0.0249461263312782,0.019346560030162,0.00253959529929803,0.00659383896654203,-60.0399933995277,-9.13960310640505,1.62494091398457,-0.580048504161823,-44.4777935109641
44,0.174230154096101,NA,0.619966631290729,-0.624195342086426,0.215605546661923,-0.270311988059552,-3.31720353535068,-0.000191643416996485,-0.0249970076657756,0.0190341603100389,0.0020339597484275,0.00455080715904079,-60.4312485080527,-7.83606779123147,0.896851615834748,-0.215150998883473,-45.8969624423844
45,0.172077113526968,NA,0.617813590721596,-0.6488282552822,0.2331545324983,-0.268210254361877,-3.3145397975356,-0.00215304056913324,-0.0246329131957735,0.0175489858363765,0.00210173369767468,0.00266373781507958,-59.6781190972706,-6.37623130728571,0.146026461607107,0.194185544160064,-46.3977746852606
46,0.168184616223168,NA,0.613921093417796,-0.672670248567453,0.24818791037851,-0.265528934485843,-3.3135950829617,-0.0038924973037996,-0.0238419932852527,0.0150333778802098,0.00268131987603431,0.00094471457389484,-57.9273264031599,-4.78360969566438,-0.56160657379678,0.587851620252877,-46.0898796495712
47,0.162783237809076,NA,0.608519715003704,-0.695291088015685,0.259915463263101,-0.261887259279917,-3.31419371277795,-0.00540137841409264,-0.0226208394482327,0.0117275528845908,0.00364167520592604,-0.000598629816245444,-55.3405302991905,-3.08985423544073,-1.16476283665179,0.910061033891907,-45.0908132017958
48,0.15610628700611,NA,0.601842764200738,-0.716267605501584,0.267863449966066,-0.257086682866705,-3.31615653584544,-0.00667695080296622,-0.0209765174858991,0.00794798670296543,0.00480057641321225,-0.00196282306749437,-52.0846431737709,-1.33298385037506,-1.61339635951663,1.11602429740287,-43.5193032080861
49,0.157079434369385,NA,0.594120995936509,-0.735195682083842,0.271912700794825,-0.25113683442137,-3.3193046324145,-0.0077217682642282,-0.0189280765822577,0.00404925082875952,0.00594984844533428,-0.00314809656905844,-48.3234879493466,0.444701946662462,-1.87490247412825,1.17741643634872,-41.489515706985
50,0.173586860944253,-422.06123498003,0.585578053957694,-0.75170310865871,0.272291107373178,-0.244253326030527,-3.32346246223876,-0.00854294197881494,-0.0165074265748682,0.000378406578352999,0.00688350839084344,-0.00415782982425884,-44.2114142748551,2.19863219399485,-1.93827893269827,1.08555394717769,-39.106778303335
51,0.187346374200914,NA,0.576426683731633,-0.765462621915371,0.269524589954144,-0.236829000368724,-3.32846042043683,-0.00915137022606198,-0.0137595132566605,-0.00276651741903452,0.00742432566180316,-0.00499795819806626,-39.8889762743693,3.88370158759699,-1.81516333498166,0.851721225103574,-36.4649169313225
52,0.198088104969352,NA,0.566865707246945,-0.776204352683809,0.264357885765307,-0.229383566024503,-3.33413681239746,-0.00956097648468768,-0.010741730768438,-0.00516670418883738,0.00744543434422085,-0.00567639196063547,-35.4803831544359,5.45577135255826,-1.53762259742507,0.504765398545715,-33.6450177309189
53,0.205610625320493,NA,0.557077724406165,-0.78372687303495,0.257657733923666,-0.222498461653523,-3.34033929114854,-0.00978798284077943,-0.00752252035114138,-0.00670015184164081,0.00688510437097992,-0.00620247875108162,-31.0922739799935,6.87309906368228,-1.15331682991382,0.0865616334522201,-30.7152881998718
54,0.209789774355085,NA,0.547227493740245,-0.787906022069542,0.250309327700913,-0.216744887143674,-3.34692581987014,-0.00985023066592069,-0.00417914903459178,-0.00734840622275326,0.0057535745098492,-0.00658652872159245,-26.8134106624984,8.09785362321236,-0.718955847673897,-0.353855059529451,-27.7317052683657
55,0.210584525454101,NA,0.537460939957911,-0.788700773168558,0.243115920635591,-0.212613778456964,-3.35376523262817,-0.00976655378233366,-0.000794751099015704,-0.00719340706532159,0.00413110868670949,-0.00683941275803445,-22.7150165676449,9.09776329820033,-0.292967535528987,-0.766677743513355,-24.7392033259075
56,0.208039355794246,NA,0.527904731496401,-0.786155603508703,0.236712076486428,-0.210456760119059,-3.36073747077602,-0.0095562084615101,0.00254516965985509,-0.00640384414916311,0.00215701833790517,-0.00697223814785019,-18.8516114025106,9.84780251997108,0.0717563045782299,-1.10745722508909,-21.7732090453637
57,0.202282879343143,NA,0.518666365127317,-0.7803991270576,0.231501348073265,-0.210445960333968,-3.36773357249846,-0.00923836636908391,0.00575647645110299,-0.00521072841316261,1.07997850911692e-05,-0.00699610172244565,-15.2622649858358,10.3317059461006,0.33418887710468,-1.34225832937318,-18.8613667114623
58,0.193522854240906,NA,0.509834686769098,-0.771639101955363,0.22762691529794,-0.212557667144648,-3.37465548981296,-0.00883167835821937,0.00876002510223664,-0.00387443277532573,-0.00211170681068038,-0.0069219173144956,-11.9722153050361,10.5430509171356,0.469776318823278,-1.4512547772938,-16.0253296144219
59,0.182038000157593,NA,0.501480769594503,-0.76015424787205,0.224978631711683,-0.216580827150402,-3.38141580141123,-0.00835391717459454,0.0114848540833131,-0.00264828358625652,-0.0040231600057536,-0.00676031159827357,-8.99478403709963,10.4856881984006,0.472716420745201,-1.43038910323412,-13.2825091247923
60,0.168167295913898,-418.575179205576,0.493659064873977,-0.746283543628355,0.223233871263047,-0.22214763709975,-3.38793738028322,-0.00782170472052617,0.0138707042436952,-0.00174476044863592,-0.00556680994934807,-0.00652157887198455,-6.33348558437774,10.1734071910187,0.355637801590092,-1.2909927909277,-10.6476587234283
61,0.152297541689966,NA,0.486408740532515,-0.730413789404423,0.221924677427963,-0.228780902472022,-3.39415306079134,-0.0072503243414616,0.0158697542239315,-0.00130919383508434,-0.00663326537227237,-0.00621568050812093,-3.9841778243499,9.62885319381712,0.146808797012454,-1.05752265824322,-8.13413892785775
62,0.13484997097944,NA,0.479755129049484,-0.712966218693896,0.220520781367153,-0.235951511172796,-3.40000533063783,-0.00665361148303154,0.017447570710527,-0.00140389606081002,-0.00717060870077361,-0.00585226984649409,-1.93706806726368,8.88183466088321,-0.114642545554489,-0.763776259304905,-5.75470830028735
63,0.116266615877075,NA,0.473711220074689,-0.694382863591531,0.218516635550115,-0.243138813375831,-3.40544605153117,-0.00604390897479508,0.018583355102365,-0.00200414581703747,-0.00718730220303535,-0.00544072089333423,-0.178394478780319,7.96724779320357,-0.384761457326022,-0.448101604320073,-3.52175443026681
64,0.0969970004026361,NA,0.468279151496059,-0.675113248117093,0.215510321100452,-0.249886564599506,-3.41043619319304,-0.00543206857862997,0.0192696154744384,-0.0030063144496629,-0.00674775122367453,-0.004990141661877,1.30833419405008,6.92289319488282,-0.621159126694693,-0.148229968317537,-1.44700921339336
65,0.0774855906679721,NA,0.463451671342745,-0.655601838382429,0.211263384669793,-0.255847528716077,-3.41494555365543,-0.00482748015331415,0.019511409734664,-0.00424693643065972,-0.00596096411657088,-0.00450936046238877,2.5415514727456,5.78744976564849,-0.788823042512377,0.103571840099903,0.459072732041932
66,0.0581602934227473,NA,0.45921355724586,-0.636276541137204,0.20573381288153,-0.260811247607216,-3.41895243716731,-0.0042381140968849,0.0193252972452248,-0.00552957178826297,-0.00496371889113881,-0.00400688351187106,3.54119649728091,4.59879840605026,-0.864506099560458,0.284353624806499,2.1880202984903
67,0.0394221874624092,NA,0.455542987270465,-0.617538435176866,0.199079051393414,-0.264711974270106,-3.42244326838597,-0.00367056997539489,0.0187381059603381,-0.00665476148811591,-0.00390072666289072,-0.00349083121866627,4.32845216153055,3.3927725871763,-0.839128531993083,0.382808821086655,3.7339048742524
68,0.0363554590433819,NA,0.452412855619082,-0.599752856101935,0.191630867897778,-0.267616889301123,-3.42541213399942,-0.00313013165138254,0.0177855790749309,-0.00744818349563623,-0.00290491503101661,-0.00296886561345102,4.92547532530807,2.20230001104937,-0.718008982403262,0.399808484985442,5.09361248816731
69,0.0388035808202245,NA,0.449792021497699,-0.583241930948341,0.183847616266933,-0.269697700767426,-3.42786025577626,-0.00262083412138347,0.0165109251535944,-0.00778325163084431,-0.00208081146630309,-0.00244812177684262,5.35499419243024,1.05683592209971,-0.51910899799168,0.347185082318902,6.26680590698925
70,0.0407387336206551,-417.799660869553,0.447646473200975,-0.568278656671084,0.176251668789497,-0.271190920617447,-3.4297954085767,-0.00214554829672419,0.0149632742772567,-0.00759594747743611,-0.00149321985002071,-0.00193515280043071,5.63974010844959,-0.0180128222382336,-0.269730437025828,0.245083245999922,7.25564622314323
71,0.0421746263234248,NA,0.445940385832175,-0.555082609801031,0.169360856053423,-0.272353258013912,-3.43123130127947,-0.00170608736879928,0.0131960468700529,-0.006890812736074,-0.00116233739646555,-0.00143589270277,5.80176931975984,-1.00073314001747,-0.00222951371142699,0.11837900331102,8.06439129632963
72,0.0431302631530723,NA,0.444637052056009,-0.543817345621683,0.16362312366178,-0.273418715594756,-3.43218693810911,-0.00130333377616585,0.0112652641793485,-0.00573773239164322,-0.00106545758084359,-0.000955636829647564,5.8617825300189,-1.87403835127498,0.250645607593469,-0.00725018423963775,8.69898722669404
73,0.0436292991767906,NA,0.443699670828146,-0.534589491067441,0.159363176949481,-0.274563252851142,-3.43268597413283,-0.000937381227863776,0.009227854554242,-0.00425994671229855,-0.00114453725638578,-0.000499036023718175,5.83855347031204,-2.62488656630921,0.460180945083266,-0.109029317059139,9.16673262508994
74,0.0506667794505462,NA,0.443091987351685,-0.527449468263911,0.156748194004527,-0.27588142981368,-3.4327560740188,-0.000607683476460609,0.00714002280353012,-0.00261498294495449,-0.00131817696253839,-7.00998859674751e-05,5.7485392954959,-3.24439164103296,0.605305991712157,-0.17006942300668,9.47604233942911
75,0.0557225253270884,NA,0.44277878615636,-0.522393722387368,0.155776627269567,-0.277377461190933,-3.43242827938918,-0.000313201195325399,0.00505574587654218,-0.000971566734959769,-0.0014960313772527,0.00032779462961543,5.60569089714136,-3.72765087945481,0.67491454217361,-0.181277613933162,9.63629230113838
76,0.0587479669326805,NA,0.442726246393121,-0.519368280781776,0.156290279393105,-0.278970903030261,-3.4317363881186,-5.25397632387064e-05,0.00302544160559202,0.000513652123537644,-0.00159344183932864,0.000691891270579048,5.42143929692429,-4.07352159754737,0.668628222797452,-0.142021179954099,9.65770564221202
77,0.0598428052208175,NA,0.442902173678897,-0.518273442493639,0.158006239440757,-0.280515119395908,-3.43071634845298,0.000175927285776495,0.00109483828813703,0.00171596004765204,-0.00154421636564683,0.00102003966562059,5.20482072488448,-4.2843682564353,0.595994156356028,-0.059561662624219,9.55124532708851
78,0.0591468640606695,NA,0.44327612664357,-0.518969383653787,0.160562691197598,-0.281825026254358,-3.42940567090712,0.000373952964672835,-0.000695941160148073,0.00255645175684142,-0.00130990685844996,0.00131067754586774,4.96271302324658,-4.36578153141909,0.474355597930298,0.0525627547176555,9.32850017875353
79,0.0568337893161991,NA,0.443819459352539,-0.521282458398258,0.1635712797654,-0.282709547650607,-3.4278428606291,0.000543332708969068,-0.0023130747444704,0.00300858856780155,-0.000884521396248968,0.00156281027801616,4.70016883184599,-4.32625561074929,0.325808988463905,0.17690943082016,9.00157275964375
80,0.0531042729847681,-417.895021033775,0.444505302978693,-0.525011974729689,0.166668476163677,-0.283003812411591,-3.42606687196068,0.000685843626153331,-0.00372951633143106,0.00309719639827777,-0.000294264760984316,0.00177598866841568,4.42082949177802,-4.1768102369133,0.173745900724498,0.294888854455166,8.58298612229191
81,0.0481790167518503,NA,0.445308510681316,-0.529937230962606,0.169559010855816,-0.282596388686165,-3.42411658567732,0.000803207702623185,-0.00492525623291768,0.00289053469213869,0.000407423725426226,0.00195028628336072,4.12738464149243,-3.93055761605865,0.039485975662501,0.389511411640342,8.08561773851579
82,0.0422916351198259,NA,0.44620558764055,-0.535824612594631,0.172045877334857,-0.281447772470643,-3.42203030875936,0.000897076959233773,-0.0058873816320244,0.00248686647904043,0.00114861621552246,0.00208627691796493,3.82201884860933,-3.60223040104302,-0.0605447769430612,0.447745622977891,7.52264809705139
83,0.0356816774080008,NA,0.447174623231646,-0.542434570306456,0.17404355667864,-0.27959779429999,-3.41984529732113,0.00096903559109626,-0.00660995771182518,0.00199767934378302,0.00184997817065284,0.00218501143822724,3.50677595861271,-3.2076950390092,-0.116735639608123,0.46217744909427,6.90749222087561
84,0.0285879251838489,NA,0.448195235118777,-0.549528322530608,0.17557372718838,-0.27716135206883,-3.41759730573401,0.00102061188713084,-0.00709375222415188,0.00153017050974014,0.00243644223116026,0.00224799158712002,3.18378493261662,-2.7634706424351,-0.127098509778989,0.431770608315674,6.25367560701307
85,0.0262634934787012,NA,0.449248527252479,-0.55687414422496,0.176745365816577,-0.27431361872676,-3.41532016843474,0.00105329213370257,-0.00734582169435218,0.00117163862819742,0.00284773334206985,0.00227713729926952,2.85532537020572,-2.28626067951154,-0.0969116638316336,0.361666565140695,5.57462793608465
86,0.0239887493325681,NA,0.450317057300441,-0.564253112903998,0.177723364953682,-0.271267338401656,-3.41304542428861,0.00106853004796178,-0.00737896867903782,0.00097799913710524,0.00304628032510393,0.00227474414613296,2.52375304285124,-1.79249281302418,-0.0373186099977829,0.262105489241549,4.88339259277382
87,0.0217453204681579,NA,0.451384805395519,-0.571464184279575,0.178691257792674,-0.268245826157026,-3.4108019954242,0.00106774809507757,-0.00721107137557744,0.000967892838991928,0.00302151224463013,0.00224342886441039,2.19133941982363,-1.29785909905422,0.0368540077033686,0.146673679637388,4.19227871475414
88,0.0195592573586389,NA,0.452437135752495,-0.578328469463228,0.179814211102981,-0.265455728339095,-3.40861593231468,0.00105233035697678,-0.00686428518365246,0.00112295331030644,0.00279009781793025,0.00218606310951912,1.86009317076241,-0.816858327539194,0.109691830516567,0.0301707279959373,3.51250332414565
89,0.0174535593631502,NA,0.453460745186795,-0.584692593256908,0.181208070137204,-0.263063449948487,-3.40651023431919,0.0010236094342995,-0.00636412379368065,0.00139385903422358,0.00239227839060857,0.00210569799548894,1.5316243207053,-0.362360231065395,0.166785800956859,-0.0735683903485551,2.85387853409702
90,0.0154480754115549,-417.647719224298,0.454443596691953,-0.590431037104983,0.182918992354086,-0.261178439550485,-3.4045047503676,0.000982851505158682,-0.00573844384807409,0.00171092221688114,0.00188501039800148,0.0020054839515953,1.20708944734815,0.0547716740584292,0.197421942402798,-0.153570229031175,2.22459118276674
91,0.0173311662069439,NA,0.455374840671348,-0.595447413921401,0.184916282873547,-0.259845344480471,-3.40261615886856,0.00093124397939432,-0.00501637681641812,0.00199729051946162,0.00133309507001466,0.00188859149903465,0.887229597310579,0.425955025775693,0.196046096903046,-0.203070509883219,1.63110424637125
92,0.0215584332523937,NA,0.456244730143544,-0.599674680966851,0.187098780601638,-0.259045602043918,-3.40085802025742,0.000869889472196523,-0.00422726704544979,0.00218249772809057,0.000799742436552753,0.00175813861113615,0.572490939134696,0.745026059121301,0.162812480652974,-0.22014248997948,1.07818795356707
93,0.0249581133823165,NA,0.457044538709439,-0.603074361096773,0.18931294594538,-0.258707566613765,-3.39924089072756,0.000799808565894556,-0.0033996801299227,0.00221416534374252,0.000338035430152687,0.00161712952986817,0.263205895976171,1.00822501963194,0.103184016779778,-0.20755711318543,0.56906971508397
94,0.0275186520562625,NA,0.457766491152329,-0.605634899770719,0.191379033381192,-0.258723035668451,-3.39777248218184,0.000721952442889971,-0.00256053867394604,0.00206608743581149,-1.54690546856756e-05,0.00146840854572043,-0.0401916577175143,1.2140407568495,0.0267083737526264,-0.171948888123552,0.105678428781175
95,0.0292530774251043,NA,0.458403716290796,-0.607369325139561,0.193120644058104,-0.258967214955372,-3.39645785165321,0.000637225138467584,-0.00173442536884184,0.00174161067691182,-0.00024417928692146,0.00131463052862726,-0.336943992920169,1.36294757055566,-0.0547807405837375,-0.122464481933093,-0.311050545178659
96,0.0301961485670817,NA,0.458950230162624,-0.608312396281539,0.194392666968435,-0.259318852568087,-3.39529960358855,0.000546513871827396,-0.00094307114197746,0.00127202291033102,-0.000351637612714383,0.00115824806465401,-0.625767291921875,1.45707934393613,-0.129211031207888,-0.0691401152153048,-0.680849993841548
97,0.0304011730114865,NA,0.459400954788094,-0.608517420725943,0.195103141179716,-0.259677485101629,-3.39429809053115,0.000450724625470264,-0.000205024444404705,0.000710474211281285,-0.000358632533541973,0.00100151305740655,-0.904698264889703,1.49988680277602,-0.186222265483593,-0.0212794969911556,-1.00381878951339
98,0.0299366541799788,NA,0.45975177373615,-0.608052901894436,0.195225800457693,-0.259975413682146,-3.39345160169751,0.000350818948056129,0.000464518831507719,0.000122659277977622,-0.000297928580517414,0.000846488833638799,-1.17101770456429,1.49581476307503,-0.218711586512654,0.0139137915766696,-1.28018530006102
99,0.0288828994228953,NA,0.459999620838187,-0.606999147137352,0.194801769394817,-0.260183034585574,-3.39275653417233,0.000247847102036847,0.00105375475708346,-0.000424031062876081,-0.000207620903427566,0.000695067525179134,-1.4212732901342,1.45002259102966,-0.223749843257792,0.0322532110885732,-1.51016859319952
100,0.027328686902599,-417.664126816871,0.460142593309617,-0.605444934617056,0.193930748497041,-0.260307310155047,-3.39220754706571,0.000142972471429613,0.00155421252029634,-0.000871020897776177,-0.000124275569472829,0.000548987106622474,-1.65141158959159,1.36815717553418,-0.202762649905708,0.0329250065078668,-1.69395250281923
101,0.0253680601206175,NA,0.46018007609403,-0.603484307835074,0.192753719415603,-0.260384281280788,-3.39179770396197,3.74827844135056e-05,0.00196062678198155,-0.00117702908143807,-7.69711257419683e-05,0.000409843103735124,-1.85701221312229,1.25617634523678,-0.160997248030981,0.0182712182095202,-1.83176621931125
102,0.0230972956754606,NA,0.460112861275044,-0.601213543389917,0.191430447189967,-0.260467410846556,-3.39151861240812,-6.72148189860402e-05,0.00227076444515692,-0.00132327222563608,-8.31295657673202e-05,0.000279091553849517,-2.03359942702264,1.12021332654422,-0.106411755496083,-0.00691743935021805,-1.92404464542051
103,0.0206120744726939,NA,0.459943245482721,-0.598728322187151,0.190115688551334,-0.260614078318392,-3.39136057047759,-0.000169615792323087,0.00248522120276674,-0.00131475863863256,-0.000146667471836356,0.000158041930533783,-2.17699329880361,0.966468651313335,-0.0482078922914297,-0.0364430826493845,-1.97162804681739
104,0.0180048794654117,NA,0.459675089524407,-0.596121127179869,0.1889379791598,-0.260872657908755,-3.39131272950818,-0.000268155958314172,0.00260719500728217,-0.00117770939153477,-0.000258579590363105,4.78409694060529e-05,-2.28365676150588,0.801114092610078,0.00472906208415225,-0.0638786332274321,-1.97595606266532
105,0.0153626434678172,NA,0.45931382774752,-0.593478891182274,0.187984211489883,-0.261272319481047,-3.3913632793216,-0.00036126177688685,0.00264223599759455,-0.00095376766991668,-0.000399661572291649,-5.05498134112455e-05,-2.35099742383227,0.630193413257985,0.045221803475215,-0.083678680198318,-1.93921622326343
106,0.0131299421529004,NA,0.458866419347528,-0.590880924255654,0.187292064453947,-0.261817069187561,-3.3914996582592,-0.000447408399991636,0.00259796692662032,-0.000692147035936289,-0.0005447497065139,-0.000136378937599703,-2.37759160995665,0.459508242443007,0.0688080007194003,-0.0920472325560695,-1.86441889752587
107,0.0126047620651876,NA,0.458341239259816,-0.588397158467543,0.186850917931975,-0.262484721321664,-3.39170878601029,-0.000525180087712803,0.00248376578811049,-0.000441146521971297,-0.000667652134103557,-0.000209127751094231,-2.36331053542926,0.294483411380497,0.0742243423701439,-0.0874405412787382,-1.75538561506983
108,0.0120114345362611,NA,0.457747911730889,-0.586086754280665,0.186610437560142,-0.263230614879167,-3.39197731320022,-0.000593327528926465,0.00231040418687852,-0.000240480371833543,-0.000745893557502757,-0.000268527189934333,-2.30934131309368,0.140014744829386,0.063325460928354,-0.0706527600868867,-1.61665239204467
109,0.0113606173435818,NA,0.45709709453821,-0.583997113428255,0.186494797710033,-0.263995106449769,-3.3922918786006,-0.000650817192679305,0.00208964085240925,-0.000115639850109176,-0.000764491570602067,-0.00031456540037316,-2.218107544536,0.000311092094307241,0.04049295000641,-0.0445045020569523,-1.45330146324341
110,0.010663748435542,-417.643765400853,0.45640022563017,-0.582163335389481,0.186419715404948,-0.264713307709408,-3.39263936299423,-0.00069686890803975,0.00183377803877446,-7.50823050849177e-05,-0.000718201259639027,-0.00034748439363394,-2.09310451168676,-0.121251612199558,0.0116709571784668,-0.0132180696255091,-1.27074349677514
111,0.00993276910850777,NA,0.455669246303136,-0.58060813807861,0.186309199697464,-0.265325267933233,-3.39300712835142,-0.000730979327034278,0.00155519731087133,-0.000110515707483764,-0.000611960223824359,-0.000367765357185479,-1.93867273253545,-0.222244570977637,-0.0167824265417948,0.018391921798866,-1.07447750451684
112,0.0091798385291384,NA,0.454916315723766,-0.579342240018492,0.18610919058212,-0.265784853637937,-3.39338323203354,-0.000752930579369374,0.00126589806011796,-0.00020000911534377,-0.000459585704704539,-0.000376103682121951,-1.75973915077066,-0.301251928362944,-0.039221134784384,0.0457630733308179,-0.869857029783816
113,0.00841705344028448,NA,0.454153530634913,-0.578365174518249,0.185795990325856,-0.266065919589206,-3.39375660805416,-0.000762785088853936,0.000977065500242347,-0.000313200256264154,-0.00028106595126847,-0.00037337602062213,-1.56155726415363,-0.357877866576928,-0.0516262849714622,0.0653206370770931,-0.661889240518576
114,0.00765618453492228,NA,0.45339266172955,-0.577666480164116,0.185378429450466,-0.266164922046062,-3.39411721060896,-0.000760868905362207,0.000698694354133187,-0.000417560875390499,-9.90024568562754e-05,-0.000360602554802605,-1.34947408810149,-0.392692611512757,-0.0521707005418648,0.0749886203266215,-0.455087292721146
115,0.0069084377492748,NA,0.452644914943903,-0.577227189681194,0.184893864487013,-0.266099787679932,-3.39445611860945,-0.000747746785647504,0.000439290482921828,-0.000484564963452771,6.5134366130042e-05,-0.000338908000484043,-1.12874381557049,-0.407122246883773,-0.0413618300854068,0.0744079000014608,-0.253386896247321
116,0.00618424525865779,NA,0.451920722453286,-0.577021523458825,0.184399170064261,-0.265905499925767,-3.3947656032437,-0.000724192490617031,0.000205666222369799,-0.000494694422752182,0.000194287754164547,-0.00030948463424854,-0.904396794680906,-0.403293090016632,-0.0217684686276698,0.0648474224362872,-0.0601269766775658
117,0.00598248816502611,NA,0.451229565085008,-0.577018686133123,0.183958685987675,-0.265627387200633,-3.39503916312107,-0.000691157368278216,2.83732570101981e-06,-0.000440484076585777,0.000278112725133997,-0.000273559877371413,-0.681160752833421,-0.383845168698826,0.00259261241808417,0.0488483317440114,0.12191620669455
118,0.00621485804495459,NA,0.450579825650671,-0.577184665216293,0.183631488672983,-0.265313413282229,-3.395271533001,-0.000649739434336346,-0.000165979083169409,-0.000327197314691695,0.000313973918404479,-0.000232369879928435,-0.463422088614607,-0.351731732166627,0.0270803684543353,0.0296834934943035,0.290459624920913
119,0.00640199739194758,NA,0.449978671543348,-0.577483939670553,0.183460326036531,-0.265006838653817,-3.39545867234799,-0.000601154107323038,-0.000299274454259974,-0.000171162636451941,0.000306574628411997,-0.000187139346993198,-0.255210328532485,-0.310022488179129,0.0473052836014176,0.0107405048765941,0.443630353288427
120,0.00654106417186107,-417.63797864365,0.44943196479514,-0.577881022590206,0.183464113716113,-0.264740448137782,-3.3955977391279,-0.000546706748208096,-0.000397082919652736,3.78767958207041e-06,0.000266390516035059,-0.000139066779913307,-0.0601884892148519,-0.2617273537453,0.0598996103917671,-0.00505887101098779,0.579889264713529
121,0.00663037772239994,NA,0.448944198379731,-0.578341783915881,0.183635136073392,-0.264533171575267,-3.39568705267844,-0.000487766415408784,-0.000460761325675409,0.00017102235727844,0.000207276562514755,-8.93135505387521e-05,0.118364148420369,-0.20965456826616,0.0630522538358491,-0.0157050629923106,0.697977276331585
122,0.00666937259268874,NA,0.448518458529272,-0.57883452350994,0.183941179744774,-0.264389438473684,-3.39572604754873,-0.000425739850459044,-0.000492739594059513,0.000306043671382711,0.00014373310158326,-3.89948702889985e-05,0.277584890113758,-0.156311789965002,0.0567285889019331,-0.0203460865577654,0.796893107235519
123,0.00665854338484362,NA,0.448156413840079,-0.579330788682505,0.184331923762993,-0.264301098706106,-3.39571521834088,-0.000362044689193778,-0.00049626517256437,0.000390744018218407,8.83397675773839e-05,1.08292078453356e-05,0.415077726074742,-0.103852313486641,0.0425565502837344,-0.0193059855746469,0.875903647852283
124,0.00659937919843934,NA,0.44785833265979,-0.579805950121731,0.184748182652931,-0.264251301634786,-3.39565605415448,-0.000298081180289023,-0.000475161439226514,0.000416258889938177,4.97970713200883e-05,5.91641864041173e-05,0.528976711393625,-0.0540617486421979,0.02342193909044,-0.0138925901183029,0.93458119351908
125,0.00649428554713349,NA,0.447623130436424,-0.580239563740024,0.185132169640488,-0.264219429967632,-3.39555096050317,-0.000235202223365464,-0.000433613618292842,0.000383986987556487,3.18716671546749e-05,0.000105093651305834,0.618013914959192,-0.00837503932871186,0.00286584679543012,-0.00604747583565768,0.972856134353606
126,0.00634649171438006,NA,0.447448448238085,-0.580615552247467,0.185436876106774,-0.264186075400392,-3.39540316667042,-0.000174682198338783,-0.000375988507442973,0.00030470646628694,3.33545672395601e-05,0.000147793832753318,0.681580283412586,0.0320890791272177,-0.015593311104567,0.00208477729302103,0.991070411373585
127,0.00615994242141271,NA,0.44733076250793,-0.580922239650014,0.185632944092183,-0.264137127397022,-3.39521661737745,-0.00011768573015543,-0.000306687402546403,0.00019606798540816,4.89480033701031e-05,0.00018654929296738,0.719766788392917,0.0664893445900816,-0.02908462704454,0.00858229043387837,0.990016447417474
128,0.00593917423035162,NA,0.447265524424558,-0.581152266129608,0.185711968152223,-0.264066295134079,-3.39499584918639,-6.52380833715042e-05,-0.000230026479593992,7.90240600399774e-05,7.08322629432022e-05,0.000220768191060942,0.733374662900133,0.0942294235528607,-0.035846633750225,0.0120885056276165,0.970948394183324
129,0.005689178993729,NA,0.447247325231626,-0.581302402274696,0.185685882428884,-0.263975737612773,-3.39474585394977,-1.81991929322146e-05,-0.000150136145088304,-2.60857233387052e-05,9.05575213054597e-05,0.000249995236622654,0.723887183085026,0.11493792442252,-0.0354537047542181,0.0120153714533444,0.935557462184988
130,0.00541525852528268,-417.637792781445,0.447270081916013,-0.581373272927905,0.185582825991821,-0.263874864134572,-3.39447193348132,2.27566843872512e-05,-7.08706532089507e-05,-0.000103056437062682,0.000100873478201139,0.000273920468446373,0.693401054832066,0.128462627912995,-0.0287824724409802,0.00858132466419192,0.885909464614087
131,0.0051228761241684,NA,0.447327235981151,-0.581368994299788,0.185440496198797,-0.263777711607567,-3.39417955108021,5.71540651373218e-05,4.27862811650137e-06,-0.00014232979302436,9.71525270051849e-05,0.000292382401114468,0.644521355752659,0.134876052584332,-0.0177435219939071,0.00269138070052577,0.824349803565383
132,0.0048175113648492,NA,0.447411957063494,-0.581296725043574,0.185298389257858,-0.263699544446627,-3.39387418632089,8.47210823432694e-05,7.22692562143803e-05,-0.000142106940938508,7.81671609403713e-05,0.000305364759319079,0.580229386741848,0.13448607319333,-0.00484516419874126,-0.00430409443197277,0.753386615883755
133,0.00450452450573158,NA,0.447517342928719,-0.581166133361946,0.185190431899657,-0.263653419587743,-3.39356119946177,0.000105385865224935,0.000130591681628016,-0.000107957358201202,4.61248588836961e-05,0.000312986859117632,0.503736214341188,0.127843521795512,0.00731769716821873,-0.01091537967568,0.675566583367981
134,0.00418903601191101,NA,0.447636607968839,-0.580988787810891,0.185139325559004,-0.263647405414,-3.39324571096795,0.000119265040120236,0.000177345551055442,-5.11063406529287e-05,6.01417374290627e-06,0.000315488493820697,0.418335743574971,0.115738367298945,0.0165489063874702,-0.0158198548660948,0.593358168998748
135,0.00387582518114593,NA,0.447763253582487,-0.580777487964725,0.185153508114228,-0.263682961121732,-3.39293250013719,0.000126645613648041,0.000211299846165461,1.41825552234802e-05,-3.55557077319241e-05,0.000313210830765216,0.327269976310163,0.0991780956383082,0.02142229391211,-0.0181099608198565,0.509055252564394
136,0.00356924999807129,NA,0.447891215536153,-0.580545560799121,0.185227080656012,-0.263754716735525,-3.39262592495411,0.000127961953665434,0.000231927165604411,7.35725417839117e-05,-7.17556137927484e-05,0.000306575183074743,0.233616011087179,0.0793448793956486,0.0214780743590381,-0.017439684825149,0.424709626258846
137,0.00327318842055613,NA,0.448014985321156,-0.580306157198427,0.185342463310443,-0.26385160134397,-3.3923298633766,0.000123769785003409,0.000239403600693785,0.000115382654431211,-9.68846084455873e-05,0.000296061577515263,0.140200452278805,0.0575325077534217,0.0172213049154379,-0.0140496484846153,0.342095779046758
138,0.00299099963361238,NA,0.448129704371611,-0.58007158839271,0.185475046502207,-0.263959007182,-3.39204767458965,0.000114719050455119,0.000234568805717095,0.00013258319176413,-0.000107405838029358,0.000282188786943868,0.0495424762902985,0.0350680744531928,0.00993817650396522,-0.00867608605403802,0.262705871136859
139,0.0027255026079529,NA,0.44823123158471,-0.579852742822258,0.185598782263191,-0.2640614974964,-3.39178217756399,0.000101527213098553,0.000218845570452323,0.000123735760983749,-0.000102490314400004,0.00026549702565967,-0.036176878097649,0.0132268166908034,0.0013796699249724,-0.00237083611409616,0.18776857245939
140,0.00257970852764677,-417.636119810085,0.448316185722275,-0.579658619435383,0.185691562450423,-0.264145496452691,-3.3915356436687,8.49541375650998e-05,0.000194123386874945,9.27801872321493e-05,-8.3998956291254e-05,0.000246533895293869,-0.115124778403697,-0.00684999065470038,-0.00661678882352135,0.00372516353763785,0.118282350172194
141,0.00264548772825718,NA,0.448381964922885,-0.579496004168786,0.1857393606847,-0.264201444699511,-3.39130980012002,6.57792006104043e-05,0.000162615266596678,4.77982342767286e-05,-5.59482468202137e-05,0.000225843548680304,-0.185812969561994,-0.0242243316961321,-0.0124904653375779,0.0086069633198349,0.0550528773146652
142,0.00269026853782034,NA,0.448426745732448,-0.579369303636366,0.185738431981384,-0.264225047821615,-3.39110584160251,4.47808095631421e-05,0.000126700532420249,-9.28703315754736e-07,-2.36031221040128e-05,0.00020395851751092,-0.247087704110527,-0.0382100597562385,-0.0152367925920771,0.0115852634507974,-0.00127476653233316
143,0.00271298669632092,NA,0.448449463890949,-0.579280535896621,0.185695293501653,-0.264217451171172,-3.39092444829279,2.27181585005665e-05,8.87677397446277e-05,-4.31384797310894e-05,7.59665044293229e-06,0.000181393309714633,-0.298118961836735,-0.0483963742681226,-0.0145563456044329,0.0123891510384055,-0.0501958464838026
144,0.002713301575899,NA,0.448449778770527,-0.579229464448573,0.185624662135774,-0.264184398088528,-3.39076580950082,3.14879578067397e-07,5.10714480478051e-05,-7.06313658783192e-05,3.3053082643796e-05,0.000158638791970891,-0.338392127900988,-0.0546450843330604,-0.0108547732224906,0.0111781122313914,-0.0913404386437833
145,0.00269154582631842,NA,0.448428023020946,-0.579213850317108,0.185545909769998,-0.264134623809006,-3.39062965299586,-2.17557495805799e-05,1.56141314651684e-05,-7.87523657764365e-05,4.9774279522479e-05,0.00013615650496426,-0.367702548373927,-0.0570644078834448,-0.00510559175381786,0.00846852344693616,-0.124481574061974
146,0.00264866161888072,NA,0.448385138813509,-0.579229789525701,0.185478845768081,-0.264077867398932,-3.3905152805979,-4.28842074376811e-05,-1.59392085932417e-05,-6.70640019174227e-05,5.67564100738175e-05,0.000114372397962213,-0.386150530289342,-0.0559648117359757,0.00138687767048395,0.00499646091611794,-0.149552252537433
147,0.00258612496307942,NA,0.448322602157707,-0.579272100225218,0.185439708734803,-0.264022927712645,-3.390421610703,-6.25366558013303e-05,-4.23106995164259e-05,-3.91370332771329e-05,5.49396862873618e-05,9.36698948955281e-05,-0.394132919723233,-0.0518043941610813,0.00727035740055726,0.00154958627263113,-0.166664602261335
148,0.002505859918916,NA,0.448242337113544,-0.579334725187019,0.185438144439897,-0.263976144109875,-3.39034722806264,-8.02650441634371e-05,-6.26249618015672e-05,-1.56429490688422e-06,4.67836027696529e-05,7.4382640356342e-05,-0.39232682581769,-0.0451317777105942,0.0114144955887241,-0.00119554442790104,-0.176123768937941
149,0.00241014506425336,NA,0.448146622258881,-0.579411120631483,0.185475696009481,-0.263940564213047,-3.39029044045058,-9.57148546626459e-05,-7.63954444639122e-05,3.75515695847023e-05,3.55798968286654e-05,5.67876120621764e-05,-0.38166203921719,-0.0365338541996607,0.0131157833038742,-0.00279843447970052,-0.178430292407938
150,0.00230151517720795,-417.63610878318,0.448037992371836,-0.579494610130793,0.185545995843896,-0.26391589849069,-3.39024934098427,-0.000108629887045391,-8.34894993099862e-05,7.02998344144243e-05,2.46657223563863e-05,4.10994663085908e-05,-0.363280518058673,-0.0265937723042953,0.0122022959203605,-0.00311969643007615,-0.174267050283561
151,0.00218266161309516,NA,0.447919138807723,-0.57957869111259,0.185636498065104,-0.263899191430688,-3.39022187401793,-0.000118853564112788,-8.40809817965892e-05,9.05022212082002e-05,1.67070600022852e-05,2.74669663441538e-05,-0.33848362761546,-0.0158621350010435,0.00902525812307431,-0.00231805984185485,-0.16447000689368
152,0.00205633515810694,NA,0.447792812352735,-0.579657289631936,0.185731296824971,-0.263885996697888,-3.39020590186679,-0.000126326454988227,-7.85985193459009e-05,9.47987598669157e-05,1.31947328001268e-05,1.5972151137465e-05,-0.308670131516919,-0.00484143697576656,0.00434800540460856,-0.00078568518802058,-0.149985033885969
153,0.00192525513314407,NA,0.447661732327772,-0.579724965365002,0.18581439350746,-0.263871756161974,-3.39019926929899,-0.000131080024962884,-6.76757330658261e-05,8.30966824887145e-05,1.42405359141624e-05,6.63256779817771e-06,-0.275269717349147,0.00601853059833957,-0.000837677021081618,0.000959730641625356,-0.131815711483796
154,0.00179202816070329,NA,0.447528505355331,-0.579777072398246,0.185872733896368,-0.263853064448372,-3.39019986281207,-0.000133226972440788,-5.21070332448188e-05,5.83403889086019e-05,1.86917136012371e-05,-5.93513070987559e-07,-0.239677841591401,0.0163183034374015,-0.00552552933186234,0.00239999337736663,-0.110968598505679
155,0.0016936345576587,NA,0.447395556515038,-0.579809882272115,0.185898433395751,-0.263828550350975,-3.39020566218224,-0.00013294884029299,-3.28098738689865e-05,2.56994993828849e-05,2.45140973969137e-05,-5.79937017909163e-06,-0.203197663495303,0.025703866413096,-0.00889397085757082,0.00313107705096627,-0.0884027042502566
156,0.00170442659049652,NA,0.44726507467768,-0.579820674304953,0.185889814796283,-0.263799209402379,-3.39021478256202,-0.000130481837358021,-1.07920328378578e-05,-8.61859946798078e-06,2.93409485964184e-05,-9.12037977605497e-06,-0.166993930292847,0.0338633464025406,-0.0104518539956189,0.00294396386379958,-0.0649891001103242
157,0.0016915476685716,NA,0.447138972755076,-0.579807795383028,0.185851150115293,-0.263768152235215,-3.39022550635408,-0.000126101922604178,1.28789219249166e-05,-3.86646809905149e-05,3.10571671642112e-05,-1.07237920635236e-05,-0.132061826434438,0.0405280030690847,-0.0101057838719498,0.00185728993074008,-0.0414844453189289
158,0.0016544405057084,NA,0.447018862575585,-0.579770688220165,0.185791266717344,-0.263739862526661,-3.39023630505258,-0.000120110179490687,3.71071628631713e-05,-5.98833979488057e-05,2.82897085538901e-05,-1.07986984992379e-05,-0.0992116446241198,0.0454785151760007,-0.0081419489106338,9.83249037744827e-05,-0.0185197836799489
159,0.00159363687133374,NA,0.446906043226315,-0.579709884585791,0.185721394155916,-0.26371915832083,-3.3902458520493,-0.000112819349270199,6.08036343746364e-05,-6.98725614280487e-05,2.0704205831044e-05,-9.54699671416811e-06,-0.0690679564741004,0.0485557785623314,-0.00513309316829691,-0.00195974564576318,0.00339679615990462
160,0.00151071131602809,-417.635905486373,0.446801501091911,-0.579626959030485,0.185652751002944,-0.263710102457638,-3.39025302794623,-0.000104542134404442,8.29255553056787e-05,-6.86431529719131e-05,9.05586319197905e-06,-7.17589692850846e-06,-0.0420801961809047,0.0496738186939183,-0.00179585640580626,-0.00388773514714558,0.0238670139651731
161,0.00140819179989393,NA,0.44670591951386,-0.579524439514351,0.185594382786497,-0.26371510368786,-3.39025692012643,-9.55815780510184e-05,0.000102519516134167,-5.83682164468621e-05,-5.00123022212058e-06,-3.89218020405147e-06,-0.0185405139063732,0.0488316743485484,0.00116840112696082,-0.00529643386926182,0.0425836287831771
162,0.00128942634523144,NA,0.446619695970613,-0.579405674059688,0.185551667782725,-0.263734394263347,-3.39025681823553,-8.62235432469254e-05,0.00011876545466252,-4.27150037717091e-05,-1.9290575486878e-05,1.01890897018074e-07,0.00139523535835906,0.0461208890101261,0.00321513766721182,-0.0059176898048463,0.0593109183455454
163,0.00119553192389921,NA,0.446542964887687,-0.579274656626802,0.185525735014884,-0.263765977728041,-3.39025220687994,-7.67310829258092e-05,0.000131017432885791,-2.59327678414124e-05,-3.15834646941837e-05,4.61135559339256e-06,0.0176870378254534,0.0417258627294359,0.00405303580919281,-0.00565432685561973,0.073868610570571
164,0.00118608141229126,NA,0.446475624521664,-0.579135819992372,0.185513829179553,-0.263806034035365,-3.39024275636833,-6.73403660231009e-05,0.000138836634430623,-1.19058353306347e-05,-4.00563073236066e-05,9.45051160777518e-06,0.0303930625022986,0.0359156581453135,0.00367911241028196,-0.00459030616184464,0.0861218967429522
165,0.00117163687274635,NA,0.446417366732674,-0.578993807645801,0.18551045715857,-0.263849672303309,-3.39022831182879,-5.82577889898595e-05,0.000142012346570921,-3.37202098340379e-06,-4.363826794416e-05,1.44445395448653e-05,0.0396557908288742,0.0290272822667248,0.00235053732922097,-0.0029618365715578,0.0959783750431598
166,0.00115220569056307,NA,0.446367708765733,-0.578853239660406,0.185509001342112,-0.26389185403821,-3.3902088806466,-4.96579669412172e-05,0.000140567985394763,-1.45581645767037e-06,-4.21817349008474e-05,1.94311821833774e-05,0.045691392642766,0.0214421714872515,0.000504526269651251,-0.00109820973648311,0.103390807453252
167,0.00112794299733432,NA,0.446326026354041,-0.578718488661883,0.185503413407576,-0.263928284476688,-3.39018461795337,-4.16824116913954e-05,0.000134750998523068,-5.58793453639503e-06,-3.64304384783394e-05,2.42626932288366e-05,0.0487809813876083,0.0135586111582597,-0.00135247319121845,0.000652876224194188,0.108363376511988
168,0.00109913494369351,NA,0.44629158750173,-0.578593481121857,0.185489618040533,-0.263956089932879,-3.39015580989973,-3.44388523112555e-05,0.000125007540026234,-1.37953670423126e-05,-2.78054561907243e-05,2.8808053641023e-05,0.0492617044756116,0.00576353727410606,-0.00276024536560726,0.00199829401026363,0.110958217760526
169,0.00106617967514433,NA,0.446263586234221,-0.578481536372601,0.185466348932874,-0.263974156488415,-3.39012285463118,-2.80012675087039e-05,0.000111944749255402,-2.32691076596443e-05,-1.80665555364374e-05,3.29552685492744e-05,0.0475159902180167,-0.0015927895447021,-0.00340014821631485,0.0027554881398828,0.111299253262587
170,0.00102956624867412,-417.635878876944,0.446241175458383,-0.578385251550682,0.185435284176651,-0.263983086230452,-3.39008624120471,-2.24107758389402e-05,9.62848219196867e-05,-3.1064756222479e-05,-8.92974203638544e-06,3.66134264701921e-05,0.0439577127053781,-0.00821650985471933,-0.00315171007514436,0.00288058458863816,0.109571000166397
171,0.000989852093419064,NA,0.446223497930266,-0.578306435860416,0.185400509134806,-0.263984812092566,-3.39004652704946,-1.76775281169309e-05,7.88156902658943e-05,-3.47750418452556e-05,-1.72586211439346e-06,3.97141552551474e-05,0.0390151490137214,-0.0138826510465151,-0.00210191956284689,0.00246464026076865,0.106011221419067
172,0.00094763992639546,NA,0.446209714253111,-0.578246092753125,0.185367477859729,-0.263981982370234,-3.39000431488244,-1.37836771541298e-05,6.03431072904997e-05,-3.30312750765303e-05,2.82972233181769e-06,4.22121670237944e-05,0.0331116365259732,-0.0184397771363365,-0.000508997004544653,0.00170129908383387,0.100897908623665
173,0.000903555224255115,NA,0.446199026871755,-0.578204444679233,0.18534173830653,-0.2639772672374,-3.3899602301803,-1.06873813565444e-05,4.16480738922583e-05,-2.57395531996412e-05,4.715132833928e-06,4.40847021401467e-05,0.0266456646613733,-0.0218076405644752,0.00126750762774464,0.000834969569041277,0.0945321107792552
174,0.000858225370302002,NA,0.446190699219363,-0.578180992428792,0.185327716700201,-0.26397274490503,-3.38991490032634,-8.32765239162467e-06,2.34522504415395e-05,-1.40216063290004e-05,4.52233237042588e-06,4.53298539531384e-05,0.0199726849814397,-0.0239695390291672,0.00285256817278423,0.000102244257504935,0.0872191134249078
175,0.000812261433753125,NA,0.446184069493134,-0.578174599839292,0.185327820221467,-0.26396949529764,-3.38986893638979,-6.6297262292496e-06,6.39258949936637e-06,1.03521265962866e-07,3.24960738924524e-06,4.5963936548832e-05,0.0133908486077416,-0.0249614299718814,0.00393760331007798,-0.000320030153488915,0.0792508109270784
176,0.000766243242730003,NA,0.446178558943576,-0.578183594885727,0.18534202768783,-0.263967473801166,-3.38982291819877,-5.5105495578102e-06,-8.99504643507737e-06,1.42074663628983e-05,2.02149647437946e-06,4.60181910230323e-05,0.00713236204319401,-0.0248601475050236,0.00434109836078278,-0.000349297124557779,0.0708915780478492
177,0.00072070802871993,NA,0.446173674994921,-0.578205879428212,0.185368018874236,-0.26396566969676,-3.38977738298476,-4.88394865530395e-06,-2.22845424849754e-05,2.59911864064268e-05,1.80410440626988e-06,4.55352140102843e-05,0.00136130495320685,-0.0237724952967255,0.00403668082071817,-7.96774202171946e-06,0.0623693892976007
178,0.000676142532337831,NA,0.446169009903467,-0.578239041752532,0.185401772201599,-0.263962490039795,-3.38973281748838,-4.66509145430413e-06,-3.31623243199994e-05,3.37533273624986e-05,3.17965696436167e-06,4.45654963818934e-05,-0.00382225323392049,-0.0218264017348702,0.00314524811528827,0.000590208628636901,0.0538727169896447
179,0.000632978135076456,NA,0.446164235939699,-0.578280467961002,0.185438464810853,-0.263956263287039,-3.38968965309112,-4.77396376805731e-06,-4.14262084701888e-05,3.669260925394e-05,6.22675275610789e-06,4.31643972615839e-05,-0.00837304924061755,-0.0191644954838921,0.00189601848887833,0.00127331475141546,0.0455526941323114
180,0.000591588377941932,-417.635846826082,0.446159098217685,-0.578327449863065,0.185473457056564,-0.263945737082522,-3.38964826333398,-5.1377220135096e-06,-4.69819020629404e-05,3.49922457110753e-05,1.05262045169988e-05,4.13897571346968e-05,-0.0122881357356164,-0.0159398098276142,0.000567619053981616,0.00185522765150381,0.0375290403553663
181,0.000552288160722725,NA,0.446153406272763,-0.578377287936555,0.185503143429913,-0.263930454445494,-3.38960896311676,-5.69194492198717e-06,-4.9838073489195e-05,2.96863733492384e-05,1.52826370279311e-05,3.93002172192294e-05,-0.0155933429368815,-0.0123127142614976,-0.000576170009480848,0.00217967340176983,0.0298978693535901
182,0.000515333988328592,NA,0.446147025333024,-0.57842738819642,0.185525499793668,-0.263910927475599,-3.38957200894437,-6.38093973874537e-06,-5.0100259865475e-05,2.23563637552416e-05,1.95269698953903e-05,3.69541723941075e-05,-0.018330704847358,-0.00844811097522324,-0.00134145295760391,0.00215461000152573,0.0227392877150123
183,0.000480924805376315,NA,0.446139867976659,-0.578475351460609,0.185540238127205,-0.263888578619498,-3.38953759976142,-7.15735636506212e-06,-4.79632641888082e-05,1.47383335369767e-05,2.23488561005513e-05,3.44091829523811e-05,-0.0205484894877372,-0.00451192249784071,-0.00163877359682374,0.00176986020505865,0.0161231173478882
184,0.000449203184138547,NA,0.446131886578579,-0.57851905288154,0.185548574132611,-0.263865473995332,-3.38950587814018,-7.98139808025842e-06,-4.37014209307501e-05,8.33600540605127e-06,2.31046241666768e-05,3.17216212375703e-05,-0.0222946533767754,-0.000666378809910384,-0.00149139737004589,0.0010951816875604,0.0101117694839559
185,0.000440461264984648,NA,0.446123066679436,-0.578556708979441,0.185552698129544,-0.263843918710535,-3.38947693180535,-8.81989914264819e-06,-3.76560979018061e-05,4.12399693290452e-06,2.15552847966986e-05,2.89463348277367e-05,-0.0236137896081345,0.00293598873213341,-0.00101784564776608,0.000260566821452812,0.00476008381156134
186,0.000470681397217065,NA,0.44611342120942,-0.578586929111674,0.185555097311983,-0.263826011085659,-3.38945079564293,-9.64547001600112e-06,-3.02201322323768e-05,2.3991824391156e-06,1.79076248759443e-05,2.61361624259033e-05,-0.0245468658022219,0.00615918224866618,-0.000394928747482481,-0.000575647050027328,0.000112701741272758
187,0.000492500784573635,NA,0.446102985390367,-0.57860874849903,0.185557897191002,-0.26381325610126,-3.38942745441104,-1.04358190535517e-05,-2.18193873565869e-05,2.7998790185835e-06,1.27549843991728e-05,2.33412318817039e-05,-0.0251326423494902,0.00889063642262045,0.00018872128748626,-0.00126285272017412,-0.00379980292564142
188,0.000505393048896297,NA,0.446091812124802,-0.578621640763353,0.185562370035033,-0.26380631929924,-3.38940684635362,-1.11732655642965e-05,-1.28922643226377e-05,4.47284403128666e-06,6.93680202010036e-06,2.06080574284836e-05,-0.0254095294849321,0.011047102361772,0.00057720626500668,-0.00169017141615768,-0.00696478934969491
189,0.000509261486064339,NA,0.446079967747881,-0.578625509200521,0.185568706728818,-0.263804965866183,-3.3893888678119,-1.18443769211506e-05,-3.8684371680198e-06,6.33669378531816e-06,1.35343305658437e-06,1.79785417115918e-05,-0.0254167071034317,0.0125786999660704,0.000680196308167069,-0.0018073660612572,-0.00939005246891611
190,0.000504409936602279,-417.63584134795,0.446067528120308,-0.578620657651059,0.185576079166479,-0.263808186076679,-3.38937337878293,-1.24396275732376e-05,4.85154946205218e-06,7.3724376608091e-06,-3.22021049565269e-06,1.5489028970392e-05,-0.0251939269446666,0.0134703822141091,0.000487528950543492,-0.00163100764893898,-0.011104223744951
191,0.000491495750650994,NA,0.446054575147186,-0.578607743465108,0.185582951043944,-0.263814466741994,-3.38936020921536,-1.29529731219413e-05,1.29141859512611e-05,6.87187746460207e-06,-6.28066531452697e-06,1.31695675730345e-05,-0.0247798135433186,0.0137406129852025,6.39772679278394e-05,-0.00123538086427288,-0.0121547213893791
192,0.0004714687156121,NA,0.446041193880149,-0.578587716430069,0.185587540957273,-0.263822138988835,-3.38934916571184,-1.33812670365848e-05,2.00270350388481e-05,4.58991332924571e-06,-7.67224684145992e-06,1.10435035221501e-05,-0.0242090379742876,0.0134374806748383,-0.000472907117909926,-0.000731416776034166,-0.0126036155734255
193,0.000445500765393625,NA,0.44602747037091,-0.57856174847985,0.185588314421422,-0.263829721033061,-3.38934003824766,-1.37235092397396e-05,2.59679502184496e-05,7.73464149157364e-07,-7.58204422621813e-06,9.12746417903082e-06,-0.0235091664535503,0.012632758057407,-0.000985279484666535,-0.000239278392655251,-0.0125222027236305
194,0.000414911584735389,NA,0.446013490392347,-0.578531159299192,0.185584385189531,-0.263836181811164,-3.38933260652568,-1.39799785624573e-05,3.05891806582484e-05,-3.92923189088216e-06,-6.46077810307998e-06,7.43172198404751e-06,-0.0226980688466938,0.0114148474494868,-0.00134933486606315,0.000138846303343598,-0.0119852603575055
195,0.000381094970207885,NA,0.445999339039776,-0.578497342684665,0.185575737171392,-0.263841075036468,-3.38932664567243,-1.41513525707991e-05,3.3816614527556e-05,-8.64801813878934e-06,-4.89322530338551e-06,5.96085324478087e-06,-0.0217826789139508,0.00988145586688916,-0.00148345634443103,0.000339524603987229,-0.0110661096641707
196,0.000345450040882156,NA,0.445985101088353,-0.578461697755339,0.185563227675664,-0.263844526349987,-3.38932193110397,-1.42379514231742e-05,3.56449293257355e-05,-1.2509495728331e-05,-3.45131351901397e-06,4.71456846082751e-06,-0.0207596917789488,0.00813286305856309,-0.0013640669749293,0.000348337607647409,-0.00983316169822501
197,0.000309320321970619,NA,0.445970861860828,-0.578425568036427,0.185548387046863,-0.26384709079284,-3.38931824253331,-1.42392275252202e-05,3.6129718911571e-05,-1.48406288011874e-05,-2.56444285282734e-06,3.68857065755106e-06,-0.0196181383671501,0.00626636449396756,-0.00102661545042793,0.000198141947294062,-0.00834838942864735
198,0.000273942612203815,NA,0.445956708264604,-0.578390190326661,0.185533076277957,-0.263849526099971,-3.38931536721806,-1.41535962244538e-05,3.53777097667674e-05,-1.53107689062113e-05,-2.43530713103062e-06,2.87531524785548e-06,-0.0183435940925847,0.00437209735082433,-0.00055271982546401,-4.33834657087573e-05,-0.00666764265133679
199,0.00025642766806877,NA,0.445942729630244,-0.578356654181748,0.185519092664216,-0.263852542586273,-3.38931310262411,-1.39786343598869e-05,3.35361449126218e-05,-1.39836137408348e-05,-3.01648630293191e-06,2.26459395488589e-06,-0.0169231600466446,0.00253033874741959,-4.76165951113217e-05,-0.000293031234832597,-0.00484223221519642
200,0.000254583755743276,-417.635837521564,0.445929018018519,-0.578325872053302,0.185507818511072,-0.263856590894389,-3.38931125871178,-1.37116117246211e-05,3.07821284458475e-05,-1.12741531437721e-05,-4.04830811525306e-06,1.84391232567722e-06,-0.0153503742694738,0.000809964149084408,0.000385947487302474,-0.000473328327643685,-0.00292118272682274
201,0.000252985057937583,NA,0.445915667762333,-0.578298559636545,0.185499990208428,-0.263861734934573,-3.38930966001398,-1.33502561863833e-05,2.73124167566754e-05,-7.82830264459997e-06,-5.14404018464899e-06,1.59869780577332e-06,-0.0136291095031993,-0.000732316038920544,0.000670978579364601,-0.000530611714566476,-0.000953201606535004
202,0.000251472652120555,NA,0.445902774150561,-0.578275225744146,0.185495630440089,-0.263867633640947,-3.38930814760816,-1.28936117719542e-05,2.33338923994305e-05,-4.35976833845561e-06,-5.89870637397412e-06,1.51240581686806e-06,-0.0117757656425965,-0.00205227308924805,0.000771417489886517,-0.000446031549472536,0.00101212492609193
203,0.000249906029475611,NA,0.44589043131197,-0.578256170979668,0.185494144517442,-0.263873627722498,-3.38930658098552,-1.23428385903016e-05,1.90547644783966e-05,-1.4859226472341e-06,-5.99408155031555e-06,1.5666226450962e-06,-0.00981945447620092,-0.0031183014925773,0.000696381903253496,-0.000237477024711552,0.00292444383376278
204,0.000248164781729177,NA,0.445878729492467,-0.578241494534363,0.185494543350279,-0.263878903029656,-3.38930483973777,-1.17018195030946e-05,1.46764453043886e-05,3.98832836731347e-07,-5.27530715864644e-06,1.74124774636559e-06,-0.00780023299284949,-0.00391152809697815,0.000493459992867429,4.73266936751315e-05,0.00473393527045118
205,0.000246149960998476,NA,0.445867752012806,-0.578231108423569,0.18549572889871,-0.263882686232327,-3.38930282491704,-1.09774796609273e-05,1.03861107940461e-05,1.1855484317107e-06,-3.7832026709532e-06,2.01482073079834e-06,-0.00576580930555792,-0.00442580756043753,0.000233540617955441,0.000344187469636381,0.00639364429844136
206,0.000243784955180626,NA,0.445857572227832,-0.578224758432252,0.185496768888147,-0.263884424000587,-3.38930045991122,-1.01797849745081e-05,6.34999131694875e-06,1.03998943705341e-06,-1.73776825983392e-06,2.36500581771611e-06,-0.00376744935692841,-0.00466754443095851,-8.42931058286922e-06,0.000588696025261015,0.00786216219239577
207,0.000241015742622253,NA,0.44584825078893,-0.578222050764763,0.18549709683548,-0.263883904336245,-3.38929769069866,-9.3214389021856e-06,2.70766748889048e-06,3.27947332693423e-07,5.19664342318841e-07,2.76921255831245e-06,-0.00185578585387702,-0.00465498715129797,-0.000171779106494796,0.000731269551579317,0.00910618155103293
208,0.000237810450535836,NA,0.445839833443656,-0.578222483102442,0.185496597127039,-0.263881295083279,-3.38929448540658,-8.41734527314151e-06,-4.32337678753373e-07,-4.99708441427749e-07,2.60925296584187e-06,3.20529208642173e-06,-7.72189423514646e-05,-0.00441693657649012,-0.000223258780351898,0.000747643298382172,0.0101023329079908
209,0.00023415822470696,NA,0.445832349508325,-0.57822547845455,0.185495566117705,-0.263877095964096,-3.38929083318075,-7.48393533159091e-06,-2.99535210812154e-06,-1.03100933371169e-06,4.19911918296261e-06,3.65222582872114e-06,0.00152859627178259,-0.00399079510771116,-0.000162336846187827,0.000642619397694943,0.0108379134644565
210,0.000230067493408814,-417.635837853526,0.445825811050034,-0.57823041991023,0.185494571428695,-0.263872020884733,-3.38928674244945,-6.53845829053777e-06,-4.9414556796763e-06,-9.94689010193062e-07,5.07507936343882e-06,4.09073129802121e-06,0.00293005030016502,-0.00341998259045795,-1.79534254129976e-05,0.000446796661890403,0.0113105227228516
211,0.000225563772588977,NA,0.445820212730359,-0.578236684292568,0.185494254301987,-0.263866842268329,-3.38928223872863,-5.59831967497514e-06,-6.26438233846931e-06,-3.17126707894372e-07,5.17861640316788e-06,4.50372081963485e-06,0.00410376287618419,-0.00275094976132095,0.000161587649927242,0.000207585344469408,0.0115266800548852
212,0.000220687188067004,NA,0.445815532211993,-0.57824367282005,0.185495130024936,-0.263862235593782,-3.38927736214411,-4.68051836658514e-06,-6.98852748183238e-06,8.75722949238811e-07,4.60667454718989e-06,4.87658452177361e-06,0.0050340111101832,-0.0020301007452872,0.000322600044455612,-2.29238139581867e-05,0.011499856213959
213,0.000215489885752707,NA,0.445811731011264,-0.578250837174552,0.185497437328373,-0.263858659213754,-3.38927216484179,-3.80120072879368e-06,-7.16435450197206e-06,2.30730343679613e-06,3.57638002812894e-06,5.19730231417855e-06,0.00571178873087774,-0.00130092871586385,0.000420124592892535,-0.000200114413928532,0.0112483610337222
214,0.000210033470227078,NA,0.445808755698619,-0.578257699873179,0.185501070995549,-0.26385629353883,-3.38926670842627,-2.9753126448293e-06,-6.86269862727033e-06,3.63366717583209e-06,2.36567492376604e-06,5.45641552553803e-06,0.00613398526638775,-0.000601712599745952,0.000428588577960909,-0.000296209350381105,0.0107934613424732
215,0.000204386555085811,NA,0.445806539384408,-0.57826386838029,0.185505608446638,-0.263855047765048,-3.38926106151113,-2.21631421136023e-06,-6.16850711016921e-06,4.53745108972197e-06,1.24577378264506e-06,5.64691514115462e-06,0.00630292447567626,3.61006868843106e-05,0.000346755655300512,-0.000304842160403496,0.0101581355238523
216,0.000198622458496889,NA,0.445805003468058,-0.578269042981561,0.185510416824487,-0.263854625923545,-3.38925529741454,-1.53591634977938e-06,-5.17460127143843e-06,4.80837784849622e-06,4.21841502742818e-07,5.76409658896522e-06,0.00622637514879898,0.000588692046221695,0.000196230303117773,-0.000240223698710906,0.00936643289151107
217,0.000192817028267456,NA,0.445804059661537,-0.578273018904827,0.185514807829392,-0.263854630771122,-3.38924949198431,-9.43806520682288e-07,-3.97592326609835e-06,4.39100490523609e-06,-4.84757685153786e-09,5.80543022935812e-06,0.00591797288507223,0.00103995716926875,1.43438683153363e-05,-0.000131526007862703,0.00844348392092797
218,0.00018704656195867,NA,0.445803612305339,-0.578275683518388,0.185518198244671,-0.26385467728065,-3.389243721518,-4.47356198102561e-07,-2.66461356103084e-06,3.39041527879243e-06,-4.65095282451861e-08,5.7704663087882e-06,0.00539774816843419,0.00138100460844726,-0.000156266537487681,-1.4339889276016e-05,0.0074157929930152
219,0.000181385787757282,NA,0.445803560978698,-0.578277009589873,0.18552023568435,-0.263854487836264,-3.3892380607438,-5.13266408689752e-08,-1.32607148497528e-06,2.0374396786676e-06,1.89444385556106e-07,5.66077420145691e-06,0.00469245037493238,0.00160931392656494,-0.000278605511994101,7.85547626946936e-05,0.00631157092811918
220,0.000175905894193917,-417.63583723736,0.445803803370173,-0.578277045582008,0.18552086097902,-0.263853948245306,-3.38923258085023,2.42391474423893e-07,-3.59921350275553e-08,6.25294670499795e-07,5.3959095843976e-07,5.47989356316181e-06,0.00383539713766368,0.00172777447460248,-0.000329943077304051,0.000124828147818334,0.00516079865064967
221,0.000170672635173563,NA,0.445804238322534,-0.578275903843584,0.185520296393757,-0.263853115267186,-3.38922734759121,4.3495236105569e-07,1.1417384240499e-06,-5.64585263421146e-07,8.32978120124069e-07,5.23325902042151e-06,0.00286559100004524,0.00174377305484086,-0.000306243350678415,0.000116900196189818,0.0039947752838998
222,0.000165744572270032,NA,0.445804768915773,-0.57827374744016,0.185518968138466,-0.263852178914314,-3.38922241952831,5.30593238590249e-07,2.15640342355306e-06,-1.32825529028978e-06,9.36352871750623e-07,4.92806290373941e-06,0.00182607607257523,0.00166834013271,-0.00022160008938954,6.22532070337911e-05,0.00284514783288614
223,0.000161171543759053,NA,0.445805305420674,-0.578270776175579,0.185517387409401,-0.263851393662876,-3.3892178464998,5.36504901431063e-07,2.97126458099629e-06,-1.58072906490156e-06,7.85251437741538e-07,4.57302851087455e-06,0.000761730802878446,0.0015154876109591,-0.000103200363810174,-2.0022525859531e-05,0.0017424935094823
224,0.000156993456315924,NA,0.44580576793776,-0.578267212282956,0.185516022521334,-0.263850998868213,-3.38921366841236,4.62517085581463e-07,3.56389262308512e-06,-1.36488806764255e-06,3.94794663490423e-07,4.17808744296783e-06,-0.000283353642771544,0.00130158412048331,1.65130131790647e-05,-0.000105156914287363,0.000714714474270295
225,0.000153239483458467,NA,0.445806088557548,-0.578263286266787,0.185515194291311,-0.263851149638983,-3.3892099144395,3.2061978852427e-07,3.92601616890684e-06,-8.28230022689756e-07,-1.50770770577027e-07,3.75397285744053e-06,-0.00126841598557803,0.00104466664652136,0.000108308881863195,-0.000169522991200211,-0.000214510009755031
226,0.000149927720489718,NA,0.445806212914161,-0.578259223409863,0.185515018441447,-0.263851874851384,-3.38920660267653,1.24356612887153e-07,4.06285692432755e-06,-1.75849864379226e-07,-7.25212400201049e-07,3.31176296886454e-06,-0.00215826787552942,0.000763646426094056,0.000153102632793889,-0.000196525888895849,-0.00102689227787778
227,0.00014706530517028,NA,0.445806101063602,-0.578255231505089,0.185515405006237,-0.263853070663067,-3.38920374026121,-1.11850559237465e-07,3.99190477432291e-06,3.86564790276961e-07,-1.19581168360406e-06,2.862415319509e-06,-0.00292489346520597,0.000477385242447781,0.00014572663076251,-0.000180178858499858,-0.00171020246853004
228,0.000144648961759142,NA,0.445805727682325,-0.578251490439013,0.185516109555573,-0.263854528353832,-3.3892013239178,-3.7338127684628e-07,3.74106607595167e-06,7.04549335777899e-07,-1.45769076500758e-06,2.4163434111824e-06,-0.00354827648152423,0.000203608010451717,9.4860865829105e-05,-0.000125734800349164,-0.00225823669097736
229,0.000142665892425065,NA,0.445805081640737,-0.578248144187033,0.185516818520457,-0.26385598682041,-3.38919934084847,-6.46041588130784e-07,3.34625197996481e-06,7.08964884701376e-07,-1.45846657803398e-06,1.98306933393907e-06,-0.00401645479541912,-4.21607637690613e-05,1.95001348402002e-05,-4.74574335385114e-05,-0.00267027417066856
230,0.000141094918462592,-417.635836735401,0.445804165046113,-0.578245295702759,0.185517243624818,-0.263857194740664,-3.3891977698745,-9.16594623362658e-07,2.84848427371695e-06,4.25104360443176e-07,-1.20792025413242e-06,1.57097396260454e-06,-0.00432498950431182,-0.000247612206294434,-5.69178837395157e-05,3.56408236257266e-05,-0.00295015070150839
231,0.000139907765098091,NA,0.445802991878436,-0.578243004928655,0.185517200320198,-0.263857966242369,-3.38919658272114,-1.1731676771532e-06,2.290774104518e-06,-4.33046198122101e-08,-7.71501704836067e-07,1.18715336458015e-06,-0.00447594800334628,-0.000404352249461226,-0.000112973452814913,0.000104869855022116,-0.00310510074541526
232,0.000139070403900377,NA,0.445801586340448,-0.578241289915805,0.185516651273489,-0.263858216917915,-3.38919574535994,-1.40553798784675e-06,1.71501284913236e-06,-5.49046708751755e-07,-2.50675545252295e-07,8.37361197582778e-07,-0.0044767750750907,-0.000508277366861876,-0.000134655238070991,0.000146390561894805,-0.00314474903007067
233,0.000138544384611805,NA,0.445799981032106,-0.578240130710606,0.185515706676052,-0.263857973115684,-3.38919521934065,-1.60530834272923e-06,1.15920519975157e-06,-9.44597437100247e-07,2.43802230985569e-07,5.26019288573986e-07,-0.0043391713688834,-0.000559467707716976,-0.000118338334686996,0.000154103645400028,-0.00308024311834743
234,0.000138288123272989,NA,0.445798215035449,-0.57823947545559,0.185514584779404,-0.263857354563178,-3.38919496307931,-1.76599665681455e-06,6.5525501547523e-07,-1.1218966486188e-06,6.18552505699438e-07,2.56261339033219e-07,-0.0040781600318951,-0.000561731212656014,-7.08740799382213e-05,0.000130393118524808,-0.00292377876576211
235,0.000138258134453118,NA,0.445796331973302,-0.578239247935483,0.185513546312635,-0.263856537066665,-3.38919493309049,-1.88306214637192e-06,2.27520106963525e-07,-1.03846676843184e-06,8.17496513307032e-07,2.99888198588527e-08,-0.00371134888155211,-0.000521766878591734,-6.90533852321096e-06,8.46750936034368e-05,-0.00268836856776034
236,0.00013841021378358,NA,0.445794378082975,-0.578239355772081,0.18551282199129,-0.263855706367307,-3.38919508516982,-1.9538903278772e-06,-1.07836597882002e-07,-7.24321344983483e-07,8.30699357473768e-07,-1.52079330371399e-07,-0.00325840801451704,-0.000448193304691813,5.55809265279095e-05,3.03418801195221e-05,-0.00238784309658513
237,0.00013870057655474,NA,0.445792400341089,-0.578239698491124,0.185512552795225,-0.263855015215712,-3.3891953755326,-1.97774188591834e-06,-3.42719042449715e-07,-2.69196064776434e-07,6.9115159533494e-07,-2.90362771171764e-07,-0.00274056787930022,-0.000350507889379514,0.00010024962193711,-1.89209004020086e-05,-0.00203685431188205
238,0.000139086953986567,NA,0.445790444673109,-0.578240174864003,0.185512757687837,-0.263854553889166,-3.38919576191003,-1.95566797978357e-06,-4.76372879344413e-07,2.04892612050946e-07,4.61326545736822e-07,-3.86377431642002e-07,-0.00218011223296344,-0.000238208599512291,0.000116540945782617,-5.2551740736817e-05,-0.00165083122283249
239,0.000139529627999124,NA,0.445788554289515,-0.578240689119641,0.185513335321004,-0.263854339840363,-3.38919620458404,-1.89038359353977e-06,-5.14255637727665e-07,5.77633166079449e-07,2.14048803119428e-07,-4.42674012450794e-07,-0.001599730126145,-0.000120118670565716,0.000101998125501268,-6.5339804677933e-05,-0.00124566327031062
240,0.000139992374933229,-417.635836887856,0.445786768201213,-0.578241155848832,0.185514096877995,-0.263854326810942,-3.38919666733097,-1.78608830267642e-06,-4.66729191440795e-07,7.61556991183865e-07,1.30294206833323e-08,-4.62746933945388e-07,-0.00102169053661783,-3.98642896470847e-06,6.22958395979367e-05,-5.80729420107673e-05,-0.000837226252770051
241,0.00014044327116336,NA,0.445785119970397,-0.578241503602416,0.185514819236353,-0.263854428765631,-3.3891971182272,-1.64823081536853e-06,-3.47753583981961e-07,7.22358358424557e-07,-1.01954688758244e-07,-4.50896230292932e-07,-0.000466917526864563,0.000103680690699548,9.13701114768628e-06,-3.65861296813819e-05,-0.000440646203969663
242,0.000140855313447652,NA,0.445783636755478,-0.57824167730579,0.185515303262232,-0.263854550667229,-3.38919753026949,-1.48321491923402e-06,-1.73703373995569e-07,4.84025878513786e-07,-1.2190159839847e-07,-4.12042284096459e-07,4.60210003438988e-05,0.000197608756025147,-4.32203250966268e-05,-9.60710622166516e-06,-6.95115431881277e-05
243,0.000141206815669204,NA,0.445782338690755,-0.578241639669504,0.185515421787162,-0.263854617286728,-3.38919788177171,-1.29806472331473e-06,3.763628584362e-08,1.18524929861183e-07,-6.66194984423678e-08,-3.51502221663236e-07,0.00050175799515273,0.000273652744908759,-8.18369016997167e-05,1.38822997541865e-05,0.000264848836195597
244,0.000141481560850476,NA,0.445781238627783,-0.578241371728451,0.185515145630268,-0.263854592596501,-3.38919815651689,-1.10006297150999e-06,2.67941053378039e-07,-2.76156893501036e-07,2.46902263862623e-08,-2.74745181149581e-07,0.000888837803358911,0.000328735154653259,-9.83220616035396e-05,2.70910049948725e-05,0.000553901600142126
245,0.000141668710468945,NA,0.445780342233162,-0.578240872623797,0.18551454274653,-0.26385448570008,-3.38919834366651,-8.96394621434396e-07,4.99104653705994e-07,-6.02883738583597e-07,1.06896421420743e-07,-1.87149618663812e-07,0.00120004756354319,0.000360793137588189,-9.05907882042811e-05,2.69767497229623e-05,0.000792162495599769
246,0.000141762496857378,NA,0.445779648411219,-0.578240158625138,0.185513752867846,-0.263854343093513,-3.3891984374529,-6.93821942416665e-07,7.13998659627982e-07,-7.89878683726619e-07,1.42606566768581e-07,-9.37863886077293e-08,0.00143241038585984,0.000368873998013441,-6.28585894446587e-05,1.46872025652556e-05,0.000977134959612158
247,0.000141761746736968,NA,0.445779149995604,-0.578239261390125,0.185512946176861,-0.263854230853126,-3.38919843670278,-4.98415615764433e-07,8.97235012961509e-07,-8.06690985093935e-07,1.12240386969801e-07,7.50120387739193e-10,0.00158683576501062,0.000353230120708758,-2.40044073507306e-05,-5.20401499670697e-06,0.00110892756310932
248,0.000141669290622204,NA,0.445778834638245,-0.57823822543946,0.185512278087416,-0.263854212687354,-3.38919834424666,-3.15357358618523e-07,1.03595066496201e-06,-6.68089444768706e-07,1.81657716278535e-08,9.24561149649767e-08,0.00166751419783395,0.000315440047415905,1.515502390248e-05,-2.63037236436503e-05,0.00118972934615158
249,0.000141491316255848,NA,0.445778685817739,-0.578237104898613,0.185511852169742,-0.263854330221842,-3.3891981662723,-1.48820506277754e-07,1.12054084692796e-06,-4.25917674153504e-07,-1.17534487785878e-07,1.7797436623112e-07,0.0016811537761896,0.000258428940469457,4.48443415734801e-05,-4.23034407504019e-05,0.00122317885598022
250,0.000141236713973036,-417.635836996086,0.445778683893437,-0.578235959617293,0.185511700079444,-0.26385459083686,-3.38919791167001,-1.92430162030948e-09,1.1452813202264e-06,-1.52090298029987e-07,-2.60615017978237e-07,2.54602282987388e-07,0.00163618551596301,0.000186399233825796,5.87618842473603e-05,-4.87233364765416e-05,0.00121380082873657
251,0.000140916448606809,NA,0.445778807144793,-0.578234850908161,0.185511782335445,-0.263854965744419,-3.38919759140465,1.23251356262007e-07,1.10870913176742e-06,8.22560012489261e-08,-3.74907558885642e-07,3.20265366095952e-07,0.00154205395119789,0.000104566879599588,5.54319967704942e-05,-4.39689529230236e-05,0.00116656110549229
252,0.000140542973710911,NA,0.445779032749873,-0.578233837240224,0.185512007626727,-0.26385539800926,-3.38919721792975,2.25605079651676e-07,1.01366793702294e-06,2.25291282015844e-07,-4.32264840938237e-07,3.73474895965375e-07,0.00140862141506659,1.8739001461654e-05,3.80805431632325e-05,-2.95204927169834e-05,0.00108662618458766
253,0.000140129691477142,NA,0.445779337676686,-0.578232970240708,0.185512263955673,-0.263855817568618,-3.38919680464752,3.04926812532402e-07,8.66999515477573e-07,2.56328946318465e-07,-4.19559358170544e-07,4.13282233615657e-07,0.00124576729376713,-6.51732534606708e-05,1.33559296955355e-05,-9.28139343159273e-06,0.000979264882516873
254,0.000139690451599339,NA,0.445779699470604,-0.578232291366159,0.18551245220414,-0.263856158616439,-3.38919636540764,3.61793917897596e-07,6.78874549600272e-07,1.88248466322868e-07,-3.41047820634014e-07,4.39239877903867e-07,0.00106307879832457,-0.000141692453325959,-1.07797859527636e-05,1.16818910100847e-05,0.000849876755637524
255,0.000139239081926146,NA,0.445780096933367,-0.578231829551375,0.185512512765945,-0.263856374650413,-3.38919591403797,3.97462763723148e-07,4.61814784082362e-07,6.05618055400084e-08,-2.16033973842263e-07,4.51369673384779e-07,0.000869675318426744,-0.000206282493309118,-2.73479372481233e-05,2.85456280835206e-05,0.000704033595866349
256,0.0001387889451272,NA,0.445780510689897,-0.578231599971036,0.185512438734236,-0.263856447288284,-3.38919546390117,4.13756529651248e-07,2.29580338287011e-07,-7.40317091679339e-08,-7.26378710735701e-08,4.501367988553e-07,0.000674038460601878,-0.000255653276326484,-3.21381321555236e-05,3.80077835870907e-05,0.000547511831427983
257,0.000138352525339336,NA,0.445780923640491,-0.578231603956454,0.185512273265717,-0.263856387190479,-3.38919502748138,4.12950594147869e-07,-3.9854174898081e-09,-1.6546851860169e-07,6.00978049548991e-08,4.36419787852391e-07,0.000483856297250895,-0.000287953412225761,-2.45984210778261e-05,3.89763954444788e-05,0.000386207830160856
258,0.000137941058366842,NA,0.445781321293027,-0.578231829948823,0.185512093056244,-0.263856227666155,-3.38919461601441,3.97652535757433e-07,-2.25992369346139e-07,-1.80209473838061e-07,1.59524323455582e-07,4.11466972528057e-07,0.000305830667457485,-0.000302746911984286,-7.69944108469645e-06,3.26059534927481e-05,0.000225927578867413
259,0.000137564221857289,NA,0.445781691968789,-0.578232255274552,0.185511983637101,-0.263856013430898,-3.3891942391779,3.70675761969677e-07,-4.25325728636782e-07,-1.09419142409385e-07,2.14235257348513e-07,3.76836509467711e-07,0.000145468561640882,-0.000300844362755015,1.31831257021986e-05,2.17318074646755e-05,7.21263404557249e-05
260,0.000137229905663006,-417.635836899227,0.445782026878641,-0.578232848438054,0.185512013924182,-0.263855787939823,-3.3891939048617,3.34909851880341e-07,-5.93163502703515e-07,3.0287081240416e-08,2.25491074486212e-07,3.34316194401065e-07,6.90590695739957e-06,-0.000283985741589277,3.19363380185678e-05,9.94305082713254e-06,-7.04164904163918e-05
261,0.00013694407806053,NA,0.445782320068372,-0.578233571675587,0.185512216994278,-0.263855583000609,-3.3891936190341,2.93189731673971e-07,-7.23237532767738e-07,2.03070095725237e-07,2.04939213998238e-07,2.85827602570005e-07,-0.000107244773062121,-0.00025455221930315,4.34226876677712e-05,4.78053152619395e-07,-0.000197886151909188
262,0.000136710751948765,NA,0.445782568243911,-0.57823438350146,0.185512581839401,-0.263855413149071,-3.38919338570799,2.48175538509432e-07,-8.11825872322154e-07,3.64845123083829e-07,1.69851538652136e-07,2.33326111706024e-07,-0.000195903453459323,-0.000215231352740375,4.47909087597509e-05,-4.60204319097102e-06,-0.000307591676573793
263,0.0001365320497273,NA,0.445782770492896,-0.578235241093504,0.185513057562257,-0.263855275750924,-3.38919320700577,2.02248984931562e-07,-8.57592044682901e-07,4.75722855335642e-07,1.37398147115441e-07,1.78702221646721e-07,-0.000259449279838009,-0.000168806764122564,3.60756757800118e-05,-4.83851181343198e-06,-0.000398060251427523
264,0.000136408349009631,NA,0.445782927929016,-0.578236102410666,0.185513567963839,-0.263855156150279,-3.38919308330505,1.57436120629043e-07,-8.61317161948885e-07,5.10401582529684e-07,1.19600644318589e-07,1.23700717890019e-07,-0.000299510247714352,-0.000117992158266134,1.99628402697272e-05,-1.32160948851379e-06,-0.000468921825813595
265,0.000136338486943721,NA,0.44578304329223,-0.578236928014443,0.185514031821236,-0.26385503572259,-3.38919301344298,1.15363213180888e-07,-8.25603776746418e-07,4.63857397049401e-07,1.20427689800755e-07,6.98620659829605e-08,-0.000318644310937088,-6.53591314403457e-05,8.58904058986809e-07,3.82840426027542e-06,-0.000520718685947941
266,0.000136319995675205,NA,0.445783120535556,-0.578237682630886,0.185514382885943,-0.263854900171377,-3.38919299495172,7.72433259313051e-08,-7.54616442625893e-07,3.51064706825616e-07,1.3555121279587e-07,1.84912686288569e-08,-0.000320014805765823,-1.33491084852722e-05,-1.64499169841292e-05,8.19511569716269e-06,-0.000554625216864224
267,0.000136349346038678,NA,0.445783164429641,-0.578238336457021,0.185514584410946,-0.263854745572307,-3.38919302430208,4.38940849912668e-08,-6.53826135319551e-07,2.01525002961457e-07,1.54599069938577e-07,-2.93503634000966e-08,-0.000307028358292882,3.57539420292596e-05,-2.80743961411645e-05,9.81970060820458e-06,-0.000572194380765723
268,0.000136422178227846,NA,0.4457831802083,-0.578238866226878,0.185514634764985,-0.263854580462825,-3.38919309713427,1.57786592950783e-08,-5.29769857542306e-07,5.0354039200123e-08,1.65109481812755e-07,-7.28321893856748e-08,-0.000283035888060112,7.9834876487439e-05,-3.19806758852792e-05,7.77845343691297e-06,-0.000575100216337887
269,0.000136533510619596,NA,0.445783173268438,-0.578239256022929,0.185514563507965,-0.263854423738208,-3.38919320846666,-6.93986173584653e-09,-3.89796050303413e-07,-7.1257019789258e-08,1.56724617126196e-07,-1.11332391968912e-07,-0.000251126834882598,0.000116995693133504,-2.8334738999547e-05,2.36127561947796e-06,-0.000565011646358471
270,0.000136677922987438,-417.635836892157,0.445783148930118,-0.578239497769977,0.185514419803628,-0.263854299205076,-3.38919335287903,-2.43383197289498e-08,-2.41747048400239e-07,-1.43704337350776e-07,1.24533132284168e-07,-1.44412367732985e-07,-0.000214000692722038,0.00014566978734365,-1.92511606655899e-05,-5.07384356751572e-06,-0.000543519718121388
271,0.000136849719630572,NA,0.445783112253601,-0.578239591368258,0.18551425702844,-0.263854228672776,-3.38919352467567,-3.66765177403004e-08,-9.35982811036748e-08,-1.62775187572507e-07,7.05322996986973e-08,-1.71796643017076e-07,-0.000173939156411507,0.000164716880135529,-8.02117483544862e-06,-1.25794485938968e-05,-0.00051217568852735
272,0.000137043079199817,NA,0.445783067905494,-0.57823954439227,0.185514118132002,-0.263854225766248,-3.38919371803524,-4.43481069081721e-08,4.69759880297866e-08,-1.3889643808058e-07,2.90652777460652e-09,-1.93359569354548e-07,-0.000132837385535822,0.00017356228454446,1.90880200534593e-06,-1.82376425073016e-05,-0.000472550709673669
273,0.000137252195728355,NA,0.445783020066801,-0.578239371337384,0.185514025724462,-0.263854292051935,-3.38919392715177,-4.7838692179955e-08,1.73054886603472e-07,-9.24075398127653e-08,-6.62856873643821e-08,-2.09116528362727e-07,-9.22364051803015e-05,0.000172270802067942,7.91374077380169e-06,-2.06580352823948e-05,-0.000426275050813274
274,0.000137471418824475,NA,0.445782972373458,-0.57823909244834,0.185513979051276,-0.263854416685959,-3.38919414637486,-4.7693343677463e-08,2.78889043382933e-07,-4.66731864750867e-08,-1.24634023698967e-07,-2.19223096012808e-07,-5.33890442966367e-05,0.000161553543875925,8.81186679180246e-06,-1.9401795725571e-05,-0.000375124500351376
275,0.000137695389184067,NA,0.445782927883754,-0.578238732197618,0.185513957934767,-0.26385457933134,-3.38919437034522,-4.44897034990583e-08,3.60250722307054e-07,-2.11165088930272e-08,-1.62645381401557e-07,-2.23970359666657e-07,-1.72911995832692e-05,0.000142725866680848,5.03064256918151e-06,-1.49992729348014e-05,-0.000320970912071061
276,0.000137919163662126,NA,0.445782889070935,-0.578238317543524,0.185513932033191,-0.26385475534559,-3.3891945941197,-3.88128188273614e-08,4.14654093783744e-07,-2.59015758879785e-08,-1.7601424941589e-07,-2.23774477942627e-07,1.53261225932511e-05,0.000117576064440073,-1.64106950251153e-06,-8.73797034728341e-06,-0.000265705466517829
277,0.000138138324632386,NA,0.445782857838387,-0.578237876141633,0.185513872069518,-0.263854921722838,-3.38919481328067,-3.12325485495704e-08,4.41401891393223e-07,-5.99636728434861e-08,-1.66377247878141e-07,-2.19160970218417e-07,4.39928271589451e-05,8.81618689163588e-05,-8.74194938660366e-06,-2.27032614930067e-06,-0.00021116193238413
278,0.000138349061461263,NA,0.445782835557434,-0.578237434644559,0.185513759779017,-0.26385506198928,-3.3891950240175,-2.22809528479882e-08,4.41497074235839e-07,-1.12290501003163e-07,-1.40266441943016e-07,-2.1073682891442e-07,6.85230361341382e-05,5.66376456845319e-05,-1.38737732413574e-05,2.90242496703286e-06,-0.000158950683726289
279,0.000138548220163681,NA,0.44578282312505,-0.578237017231796,0.185513593751291,-0.26385516887245,-3.3891952231762,-1.24323843891029e-08,4.17412762678913e-07,-1.66027726311354e-07,-1.06883169928343e-07,-1.99158702600447e-07,8.90065621206304e-05,2.50577159022214e-05,-1.54022927745245e-05,5.80826053919736e-06,-0.000110380256046483
280,0.000138733320769191,-417.635836912402,0.445782821036179,-0.578236644491421,0.185513389804777,-0.26385524424591,-3.38919540827681,-2.08887039712467e-09,3.7274037524034e-07,-2.03946514395444e-07,-7.53734606775254e-08,-1.85100605557525e-07,0.000105767412605928,-4.81009010400157e-06,-1.28682131617097e-05,6.21071194473188e-06,-6.64169874653453e-05
281,0.000138902541506614,NA,0.445782829464688,-0.578236332663098,0.185513176302643,-0.263855296512152,-3.38919557749755,8.4285091893084e-09,3.11828322513346e-07,-2.13502133967235e-07,-5.22662415247731e-08,-1.69220737564621e-07,0.00011930865184695,-3.15384340865421e-05,-7.00538294040598e-06,4.63217020296725e-06,-2.76395439868793e-05
282,0.000139054678257811,NA,0.445782848343083,-0.578236093254917,0.185512986122484,-0.263855336581883,-3.3891957296343,1.88783949602631e-08,2.39408181192671e-07,-1.90180158532241e-07,-4.00697310958835e-08,-1.52136751126633e-07,0.000130206672110944,-5.40990185982082e-05,5.58770807401743e-07,2.07933226192836e-06,5.69457370147575e-06
283,0.000139189089044311,NA,0.44578287743275,-0.578235932986443,0.185512847801317,-0.263855373660598,-3.38919586404508,2.90896670256785e-08,1.60268473937052e-07,-1.38321167352195e-07,-3.70787154767735e-08,-1.34410786407026e-07,0.000139013991429238,-7.18443970981752e-05,7.8296125138877e-06,-2.76827449852135e-07,3.3557512324478e-05
284,0.000139305632453457,NA,0.445782916377563,-0.578235854000752,0.185512778384151,-0.263855412178578,-3.38919598058849,3.89448128544093e-08,7.89856907179814e-08,-6.94171655936996e-08,-3.85179799223166e-08,-1.16543409177949e-07,0.000146166598824493,-8.44715941639151e-05,1.30251009977655e-05,-1.48872913996456e-06,5.60595481147175e-05
285,0.000139404606463334,NA,0.445782964737284,-0.578235854259867,0.18551277992808,-0.263855450628657,-3.3891960795625,4.83597207292774e-08,-2.59114552852525e-10,1.54392875352136e-09,-3.84500782089461e-08,-9.89740099829952e-08,0.000151925405589282,-9.19425247047911e-05,1.50714640767546e-05,-1.08627773443004e-06,7.33774641048512e-05
286,0.000139486693566226,NA,0.445783022000203,-0.578235928076657,0.185512840237906,-0.26385548251882,-3.38919616164961,5.72629187755454e-08,-7.38167903123904e-08,6.03098262518504e-08,-3.18901630082213e-08,-8.20871029456083e-08,0.00015634896044503,-9.44442035688553e-05,1.38152245199308e-05,8.12860889709555e-07,8.5682927419839e-05
287,0.000139552910768614,NA,0.445783087579512,-0.578236066724521,0.185512937355404,-0.263855498957634,-3.38919622786681,6.55793093863143e-08,-1.38647863828319e-07,9.71174973040408e-08,-1.64388139965844e-08,-6.62172024717624e-08,0.000159323576554016,-9.2328491518856e-05,9.99932581180474e-06,3.58909346687142e-06,9.31521526581491e-05
288,0.000139604564131091,NA,0.445783160799297,-0.578236259108244,0.185513046140608,-0.263855491974701,-3.38919627952017,7.32197844672429e-08,-1.92383722596681e-07,1.08785204036606e-07,6.98293254764546e-09,-5.16533625231975e-08,0.000160613922162156,-8.60990212459001e-05,4.95219865115359e-06,6.34031493973453e-06,9.59641965891933e-05
289,0.00013964320271187,NA,0.445783240877891,-0.578236492475599,0.185513144920817,-0.263855457496815,-3.38919631815875,8.00785948188907e-08,-2.33367355261242e-07,9.87802092756357e-08,3.44778854951186e-08,-3.863858059427e-08,0.000159940896082844,-7.63913021728513e-05,1.58024704433046e-07,8.17692580312723e-06,9.43566647038097e-05
290,0.000139670568904293,-417.635836917134,0.445783326915786,-0.578236753151067,0.185513220457363,-0.263855397076728,-3.38919634552494,8.60378945762224e-08,-2.60675468119551e-07,7.55365463380684e-08,6.04200879819713e-08,-2.7366192496345e-08,0.000157060640049167,-6.39528252577293e-05,-3.15026227326598e-06,8.49297521199333e-06,8.86615225681453e-05
291,0.000139688542950545,NA,0.445783417891367,-0.578237027288103,0.185513269849137,-0.263855317899086,-3.38919636349899,9.09755806015975e-08,-2.74137035939642e-07,4.93917741158622e-08,7.91776414386604e-08,-1.7974046054949e-08,0.000151806602843862,-4.96402208227664e-05,-4.3473846744746e-06,7.13612280378584e-06,7.93346544014639e-05
292,0.000139699081036948,NA,0.44578351266882,-0.578237301598165,0.185513299350743,-0.26385523116,-3.38919637403708,9.47774529725726e-08,-2.74310062580514e-07,2.95016061940799e-08,8.67390863680072e-08,-1.05380864889003e-08,0.00014414638371818,-3.43675310432445e-05,-3.48450157616753e-06,4.42412328993669e-06,6.69683686282951e-05
293,0.000139704150487141,NA,0.44578361001596,-0.578237564029114,0.185513320657207,-0.263855149339052,-3.38919637910653,9.73471407796512e-08,-2.62430948820766e-07,2.13064632301246e-08,8.18209480086839e-08,-5.06945027071314e-09,0.000134168658405542,-1.9068124856858e-05,-1.22497567645041e-06,1.03682396002114e-06,5.22561549587408e-05
294,0.000139705665004097,NA,0.445783708631371,-0.57823780432832,0.185513346119443,-0.263855083204169,-3.38919638062104,9.86154103170724e-08,-2.40299205457861e-07,2.54622365754464e-08,6.61348830343311e-08,-1.51451701644172e-09,0.000122086021292489,-4.60659066447988e-06,1.4421175364987e-06,-2.19756657315884e-06,3.59602836397244e-05
295,0.000139705426248415,NA,0.445783807175287,-0.578238014480957,0.185513384319417,-0.26385503939729,-3.38919638038229,9.85439165983603e-08,-2.10152637559219e-07,3.81999733481633e-08,4.38068786753623e-08,2.38755593963885e-10,0.000108181552604947,8.24684320832603e-06,3.51008111465489e-06,-4.53951543022413e-06,1.88373405762832e-05
296,0.000139705074289953,NA,0.445783904303023,-0.578238188969487,0.18551343735133,-0.263855019311648,-3.38919638003033,9.7127735252508e-08,-1.74488529845791e-07,5.30319132515069e-08,2.00856420988354e-08,3.51958323874055e-10,9.27985865928349e-05,1.88987314686528e-05,4.27235136157833e-06,-5.55701262783259e-06,1.60127910930896e-06
297,0.000139706050814148,NA,0.445783998697828,-0.578238324839264,0.185513500429635,-0.263855019403072,-3.38919638100685,9.4394805456023e-08,-1.35869776933866e-07,6.30783048318299e-08,-9.14241080178168e-11,-9.76524340622849e-10,7.63083107813145e-05,2.69716338152648e-05,3.50041773344856e-06,-5.19946752319811e-06,-1.51317181007471e-05
298,0.000139709575764257,NA,0.445784089102618,-0.578238421594894,0.185513563702517,-0.263855032781546,-3.3891963845318,9.04047896357252e-08,-9.6755630121593e-08,6.32728823139871e-08,-1.33784738251338e-08,-3.52495005678552e-09,5.91023763263365e-05,3.22950199915795e-05,1.46371803566581e-06,-3.79031916963868e-06,-3.08648395730415e-05
299,0.000139716634345532,NA,0.445784174350526,-0.578238480930093,0.185513615545513,-0.263855051484458,-3.38919639159039,8.52479087436758e-08,-5.93351990604135e-08,5.18429961770859e-08,-1.87029120952786e-08,-7.05858113484806e-09,4.1591192712076e-05,3.49206175087602e-05,-1.19143805932254e-06,-1.88890680874465e-06,-4.51990445071715e-05
300,0.000139727972870318,-417.635836910155,0.44578425339525,-0.57823850635076,0.185513646221375,-0.263855068804026,-3.38919640292891,7.90447231132555e-08,-2.54206671743719e-08,3.06758621799432e-08,-1.73195680792084e-08,-1.13385245861581e-08,2.42130226979498e-05,3.50661366610439e-05,-3.66640051652212e-06,-1.29034560814034e-07,-5.78262415729114e-05
301,0.000139744101866235,NA,0.445784325342178,-0.578238502729224,0.185513650727994,-0.263855080952013,-3.38919641905791,7.19469287922736e-08,3.62153653950585e-09,4.50661855367082e-09,-1.21479871415368e-08,-1.61289960330968e-08,7.44478256820003e-06,3.30794591718586e-05,-5.27165866515134e-06,9.83391146291979e-07,-6.85201939631952e-05
302,0.000139765301141903,NA,0.445784389478442,-0.578238475828793,0.185513630101401,-0.263855087597956,-3.38919644025718,6.41362638388462e-08,2.69004310775613e-08,-2.06265925182646e-08,-6.64594302269533e-09,-2.11992756529373e-08,-8.21842149889562e-06,2.93971424980555e-05,-5.61044544156175e-06,1.21872290037572e-06,-7.70825181461987e-05
303,0.000139791629931718,NA,0.445784445300388,-0.578238431855814,0.185513590821965,-0.263855091376136,-3.38919646658597,5.58219455905974e-08,4.39729792263584e-08,-3.92794363781018e-08,-3.77818019493481e-09,-2.63287896786543e-08,-2.22809148908709e-05,2.44762077272753e-05,-4.69015049020527e-06,6.25277607468888e-07,-8.33807689559762e-05
304,0.000139822937540224,NA,0.445784492536639,-0.578238377057032,0.185513542766803,-0.263855096497583,-3.38919649789358,4.72362509205261e-08,5.47987813515669e-08,-4.80551622892266e-08,-5.12144666583954e-09,-3.13076087199886e-08,-3.42697603628039e-05,1.87685600394616e-05,-2.86036083707586e-06,-4.83169060316868e-07,-8.73006911206176e-05
305,0.000139858878302146,NA,0.445784531162461,-0.578238317360165,0.185513496319971,-0.263855106992748,-3.38919653383434,3.86258224476401e-08,5.96968668564508e-08,-4.64468319466393e-08,-1.04951651861906e-08,-3.5940762101547e-08,-4.37864855484804e-05,1.27181465359172e-05,-7.03721525496803e-07,-1.6530066204723e-06,-8.87905571289593e-05
306,0.00013989893122357,NA,0.445784561404212,-0.57823825809864,0.185513459681431,-0.263855125161164,-3.38919657388726,3.02417511652816e-08,5.92615250763736e-08,-3.66385398074536e-08,-1.81684160811109e-08,-4.00529214000041e-08,-5.05292518937495e-05,6.70524968882091e-06,1.18234311230481e-06,-2.44369857682614e-06,-8.78696937434142e-05
307,0.000139942425045003,NA,0.44578458372985,-0.578238203796125,0.185513436976024,-0.263855150711365,-3.38919661738109,2.23256377445697e-08,5.43025155803206e-08,-2.27054073243975e-08,-2.55502002871731e-08,-4.34938214554021e-08,-5.43468559044413e-05,1.06695097201737e-06,2.32546426559566e-06,-2.56875409831991e-06,-8.4641555986309e-05
308,0.000139988570396987,NA,0.445784598825656,-0.578238158012708,0.185513427782463,-0.263855180766281,-3.38919666352644,1.50958061017912e-08,4.57834164501731e-08,-9.19356108514243e-09,-3.0054916105847e-08,-4.61453518434321e-08,-5.52506662643282e-05,-3.91196408600081e-06,2.53407961281482e-06,-1.96223481907509e-06,-7.93181698099943e-05
309,0.000140036495601681,NA,0.445784607562205,-0.57823812325959,0.185513428015463,-0.263855210676873,-3.38919671145164,8.7365492009803e-09,3.47531182636783e-08,2.33000295898793e-10,-2.99105918258343e-08,-4.79252048913523e-08,-5.33947286385228e-05,-8.01435362518532e-06,1.91107574210037e-06,-7.84439180279151e-07,-7.21877313480945e-05
310,0.000140085285479596,-417.635836908994,0.44578461094984,-0.578238100975598,0.185513431760969,-0.263855235417104,-3.38919676024152,3.38763427531425e-09,2.2283991468537e-08,3.74550609025821e-09,-2.47402313547679e-08,-4.87898777926282e-08,-4.90831553179305e-05,-1.10901510197436e-05,7.91260390542448e-07,6.21298568148632e-07,-6.36106278761872e-05
311,0.000140134020620852,NA,0.44578461009023,-0.578238091569281,0.18551343336468,-0.263855251002326,-3.38919680897666,-8.59609210103421e-10,9.40631742424025e-09,1.60371143053531e-09,-1.55852224704775e-08,-4.87351411827241e-08,-4.27081658926909e-05,-1.30677335619112e-05,-3.96198629459832e-07,1.86958004633198e-06,-5.39932898391271e-05
312,0.000140181813917728,NA,0.445784606125905,-0.57823809449743,0.185513429260833,-0.2638552555349,-3.38919685676996,-3.9643250818269e-09,-2.9281490273198e-09,-4.1038474549684e-09,-4.53257381556643e-09,-4.77932970044633e-08,-3.47330342265195e-05,-1.39255007525207e-05,-1.23748122859979e-06,2.64265054283896e-06,-4.37518110629753e-05
313,0.000140227842225116,NA,0.445784600191541,-0.578238108421174,0.185513418827922,-0.263855249650816,-3.38919690279827,-5.93436450649886e-09,-1.39237438070008e-08,-1.04329108271867e-08,5.88408416343301e-09,-4.6028307184082e-08,-2.56522980635054e-05,-1.37458755489206e-05,-1.4983925211709e-06,2.76259015663527e-06,-3.32846639139461e-05
314,0.000140271371351641,NA,0.44578459337138,-0.578238131388387,0.185513404295499,-0.263855236203601,-3.38919694632739,-6.82016070879655e-09,-2.29672132433534e-08,-1.45324233689313e-08,1.3447215206975e-08,-4.35291263198814e-08,-1.59423052537022e-05,-1.26613031170564e-05,-1.13857367978198e-06,2.25156782107661e-06,-2.29471197599196e-05
315,0.000140311774904589,NA,0.445784586661824,-0.578238161044424,0.185513389679548,-0.263855219373215,-3.38919698673095,-6.70955599630448e-09,-2.96560372772224e-08,-1.46159509614825e-08,1.6830386184604e-08,-4.04035527293265e-08,-6.06519279244822e-06,-1.08593667391688e-05,-3.35376171278767e-07,1.29887212096946e-06,-1.30501121020643e-05
316,0.000140348546442848,NA,0.445784580940699,-0.578238194850976,0.185513379277214,-0.263855203457201,-3.38919702350248,-5.72112551734843e-09,-3.3806551598382e-08,-1.04023341414932e-08,1.59160140020372e-08,-3.67715382929098e-08,3.5527136788005e-06,-8.5611873146263e-06,6.14477357885335e-07,2.04067873710301e-07,-3.84773102268809e-06
317,0.000140381307369264,NA,0.445784576943574,-0.578238230298863,0.185513376137508,-0.263855191776786,-3.38919705626341,-3.99712458631344e-09,-3.54478868740372e-08,-3.13970572780019e-09,1.16804149818098e-08,-3.27609262274529e-08,1.25317001220537e-05,-6.00493876845576e-06,1.37845290737459e-06,-7.3441697168164e-07,4.44231318397215e-06
318,0.000140409808671027,NA,0.445784575247119,-0.578238265084878,0.185513381132751,-0.263855185955899,-3.38919708476471,-1.69645526667484e-09,-3.47860148584076e-08,4.99524300178603e-09,5.82088649053049e-09,-2.8501301890192e-08,2.05454853130504e-05,-3.40889982908266e-06,1.72576619661413e-06,-1.29318777908338e-06,1.16642695502378e-05
319,0.000140433930209571,NA,0.445784576257889,-0.578238297249444,0.185513392738655,-0.26385518571739,-3.38919710888625,1.01077012933015e-09,-3.21645662341705e-08,1.16059041916616e-08,2.38509495187299e-10,-2.41215386858459e-08,2.73109890258638e-05,-9.63495949690696e-07,1.56319401867222e-06,-1.37276856548851e-06,1.76891035152948e-05
320,0.000140453677925034,-417.635836913973,0.445784580207117,-0.578238325277783,0.185513407606581,-0.263855189301452,-3.38919712863397,3.94922780722692e-09,-2.80283386196328e-08,1.48679259348837e-08,-3.58406211081378e-09,-1.97477156261394e-08,3.25997007166734e-05,1.16983756015543e-06,9.67474989010952e-07,-1.03909769677557e-06,2.2412791622628e-05
321,0.000140469176398206,NA,0.44578458715329,-0.578238348150904,0.185513421678274,-0.263855194229893,-3.38919714413244,6.9461731935365e-09,-2.28731214626973e-08,1.40716929958942e-08,-4.9284409572196e-09,-1.54984732003108e-08,3.62626906280639e-05,2.87911916529993e-06,1.46087586472277e-07,-4.63273863715585e-07,2.57870169662056e-05
322,0.000140480657790043,NA,0.445784596991611,-0.578238365343865,0.185513431428997,-0.263855198154182,-3.38919715561383,9.83832067019668e-09,-1.71929613141938e-08,9.75072266752077e-09,-3.92428891433348e-09,-1.14813919961615e-08,3.82283360522706e-05,4.11034761782503e-06,-6.42899067315739e-07,1.41540112963412e-07,2.78123479802161e-05
323,0.000140488449264176,NA,0.445784609469936,-0.578238376809306,0.185513434872095,-0.263855199594435,-3.3891971634053,1.24783253437699e-08,-1.14654404769751e-08,3.44309776718115e-09,-1.44025357708088e-09,-7.79147421547751e-09,3.85045950679341e-05,4.82771156384842e-06,-1.16870069177821e-06,5.70707925362512e-07,2.85183432424674e-05
324,0.000140492954515903,NA,0.445784624211484,-0.57823838291472,0.18551343203716,-0.263855198284579,-3.38919716791056,1.47415482584723e-08,-6.10541385268337e-09,-2.83493488775189e-09,1.30985603508291e-09,-4.50525186556522e-09,3.71881014871178e-05,5.05281150253722e-06,-1.29546151583781e-06,7.08268999005668e-07,2.80135736829834e-05
325,0.0001404946344854,NA,0.445784640742913,-0.578238384377648,0.185513424721583,-0.263855195140577,-3.38919716959053,1.65314290422794e-08,-1.46292846078644e-09,-7.31557640435244e-09,3.14400236285166e-09,-1.67996948186433e-09,3.44556383424788e-05,4.81691131426487e-06,-1.03625552583253e-06,5.32054400537163e-07,2.64350319412188e-05
326,0.000140493984641665,NA,0.445784658526936,-0.578238382173599,0.185513415850198,-0.263855191776425,-3.38919716894068,1.77840223708927e-08,2.20404874454979e-09,-8.87138526791685e-09,3.36415215132983e-09,6.49843590077473e-10,3.05601588479476e-05,4.19106527260737e-06,-4.9453774408903e-07,1.43245415529236e-07,2.3977690943866e-05
327,0.000140491514478036,NA,0.445784676993669,-0.578238377446845,0.185513408451637,-0.263855189932447,-3.38919716647052,1.84667334802626e-08,4.72675448196449e-09,-7.39856103799043e-09,1.843977350708e-09,2.47016381648547e-09,2.5773374545679e-05,3.25314886140404e-06,1.3017142919125e-07,-3.21165316563565e-07,2.08353867492406e-05
328,0.000140487726526306,NA,0.445784695573388,-0.578238371414649,0.185513404734033,-0.263855190838107,-3.38919716268257,1.8579718766475e-08,6.0321957426678e-09,-3.71760372184955e-09,-9.0566016353908e-10,3.78795173617994e-09,2.04124717129162e-05,2.09865902434103e-06,6.3948846218409e-07,-6.92352841724642e-07,1.72281033883337e-05
329,0.00014048309848258,NA,0.445784713724329,-0.57823836526689,0.185513405523847,-0.263855194818912,-3.38919715805452,1.81509407537483e-08,6.1477590667157e-09,7.89813726510458e-10,-3.98080489371656e-09,4.62804389189944e-09,1.47741729961126e-05,8.39008862385526e-07,8.95283847057726e-07,-8.51514414534904e-07,1.33627509057987e-05
330,0.000140478068608285,-417.635836912478,0.445784730956721,-0.57823836007777,0.185513410197933,-0.263855201197024,-3.38919715302465,1.72323923852526e-08,5.18912011590156e-09,4.67408613840571e-09,-6.37811197032544e-09,5.02987413972743e-09,9.14212705538375e-06,-4.17799128626939e-07,8.54925019666553e-07,-7.4919626058545e-07,9.42804945225362e-06
331,0.000140473024986321,NA,0.44578474684989,-0.578238356733277,0.185513417027325,-0.263855208541659,-3.38919714798103,1.58931689027501e-08,3.34449268567515e-09,6.82939164791738e-09,-7.34463462774797e-09,5.04362207909329e-09,3.7499603422475e-06,-1.57285739987856e-06,5.63318280910607e-07,-4.27462509833276e-07,5.58486590307439e-06
332,0.000140468298165164,NA,0.445784761065125,-0.578238355873404,0.185513423869389,-0.263855215127454,-3.38919714325421,1.42152352344989e-08,8.59873227221947e-10,6.84206430080012e-09,-6.5857949083647e-09,4.72682119539359e-09,-1.19712240120862e-06,-2.53692178375786e-06,1.47224454849493e-07,9.66338120633736e-09,1.96735072677257e-06
333,0.000140464157457831,NA,0.445784773350969,-0.578238357854999,0.185513428912596,-0.263855219431339,-3.3891971391135,1.22858440425419e-08,-1.98159521114792e-09,5.04320732299535e-09,-4.30388567679143e-09,4.14070727502445e-09,-5.56156010134146e-06,-3.23893800668884e-06,-2.41584530158434e-07,4.36557456851006e-07,-1.32331479107961e-06
334,0.000140460808476739,NA,0.445784783546392,-0.578238362745483,0.185513431215041,-0.263855220562528,-3.38919713576452,1.01954223988184e-08,-4.89048400500502e-09,2.30244500796897e-09,-1.13118842236476e-09,3.34898128196393e-09,-9.22341314435471e-06,-3.64025254384615e-06,-4.80895323562436e-07,7.33280103304423e-07,-4.19618118030485e-06
335,0.000140458394137344,NA,0.445784791577908,-0.578238370341232,0.185513430925549,-0.263855218476152,-3.38919713335018,8.03151599154364e-09,-7.59574866869539e-09,-2.89492815626752e-10,2.0863762382245e-09,2.41433919179324e-09,-1.21235643746331e-05,-3.73063357983483e-06,-5.05906427861191e-07,8.27071744424757e-07,-6.59611032460816e-06
336,0.00014045699595,NA,0.445784797455165,-0.578238380207443,0.185513429123045,-0.263855213879068,-3.38919713195199,5.87725714702038e-09,-9.86621142804996e-09,-1.80250368080917e-09,4.59708346733946e-09,1.39818719359693e-09,-1.42222233989742e-05,-3.52713414031314e-06,-3.29123395204078e-07,7.21911419532262e-07,-8.47251158120343e-06
337,0.000140456637557129,NA,0.445784801262675,-0.578238391729294,0.185513427356598,-0.263855207981991,-3.3891971315936,3.80751024030344e-09,-1.15218504555703e-08,-1.76644665678708e-09,5.89707740954278e-09,3.5839290313505e-10,-1.55245061250753e-05,-3.06442871078616e-06,-3.01270119962282e-08,4.6497916628141e-07,-9.80094227998052e-06
338,0.000140457289901086,NA,0.445784803150167,-0.578238404177307,0.185513427062453,-0.263855202120236,-3.38919713224594,1.88749215509657e-09,-1.24480135476093e-08,-2.94144905464387e-10,5.86175434632143e-09,-6.52343796847485e-10,-1.60582658281783e-05,-2.39936071011471e-06,2.76259015663527e-07,1.44382283906452e-07,-1.05785602499964e-05
339,0.000140458877142979,NA,0.445784803320252,-0.578238416771036,0.185513429088202,-0.263855197362176,-3.38919713383318,1.70085002119352e-10,-1.25937289093305e-08,2.02574904691473e-09,4.75806026531093e-09,-1.58724175156681e-09,-1.58888724399731e-05,-1.59388946485706e-06,4.86579665448517e-07,-1.3926637620898e-07,-1.08161657408345e-05
340,0.000140461285057736,-417.63583691157,0.445784802014952,-0.578238428747622,0.185513433413225,-0.263855194291407,-3.3891971362411,-1.30530047296924e-09,-1.1976585798888e-08,4.32502237578993e-09,3.07076874442362e-09,-2.40791479619034e-09,-1.51055701280711e-05,-7.2247985372087e-07,5.29780663782731e-07,-3.21733750752173e-07,-1.05575281850179e-05
341,0.00014046437052917,NA,0.445784799501292,-0.578238439404919,0.185513439168269,-0.263855192892822,-3.38919713932657,-2.5136592768804e-09,-1.06572971270104e-08,5.75504450581917e-09,1.39858534280100e-09,-3.08547139042989e-09,-1.38203404276283e-05,1.62572177941911e-07,3.92788024328183e-07,-3.60955709766131e-07,-9.86688064585906e-06
342,0.000140467971470937,NA,0.4457847960567,-0.578238448150516,0.185513444945941,-0.263855192725411,-3.38919714292751,-3.44459224935578e-09,-8.74559640966786e-09,5.77767204818364e-09,1.67411041063954e-10,-3.60094159121595e-09,-1.21610810310813e-05,9.97602001007181e-07,1.2448708730517e-07,-2.87627699435689e-07,-8.82266704138601e-06
343,0.000140471915663465,NA,0.44578479195558,-0.578238454526121,0.185513449314003,-0.263855193111347,-3.3891971468717,-4.10111994905022e-09,-6.3756050147995e-09,4.36806221695096e-09,-3.85936326183707e-10,-3.94419269126393e-09,-1.02573949334328e-05,1.74225078808377e-06,-1.77351466845721e-07,-1.40971678774804e-07,-7.50162598706083e-06
344,0.000140476031526227,NA,0.445784787456358,-0.578238458235709,0.185513451165265,-0.263855193439771,-3.38919715098757,-4.49922226975652e-09,-3.70958798606548e-09,1.8512613712945e-09,-3.28424056474396e-10,-4.11586292885503e-09,-8.24684320832603e-06,2.3493385015172e-06,-4.39399627794046e-07,5.11590769747272e-09,-6.01005467615323e-06
345,0.000140480154659173,NA,0.445784782792527,-0.578238459142023,0.185513450130062,-0.263855193344859,-3.3891971551107,-4.66383088126390e-09,-9.06313758194254e-10,-1.03520264210553e-09,9.49128784620332e-11,-4.12313309736523e-09,-6.23799678578507e-06,2.80522272078088e-06,-5.6843418860808e-07,1.02318153949454e-07,-4.41957581642782e-06
346,0.000140484134372176,NA,0.445784778165117,-0.578238457282799,0.185513446566508,-0.263855192828451,-3.38919715909041,-4.62741005230321e-09,1.85922345054274e-09,-3.56355422996062e-09,5.16407111888207e-10,-3.97971285966815e-09,-4.33317381975939e-06,3.0740920919925e-06,-5.51949597138446e-07,1.125499693444e-07,-2.80806489172392e-06
347,0.000140487838395487,NA,0.445784773739334,-0.578238452851898,0.185513441413703,-0.263855192199415,-3.38919716279444,-4.42578285595368e-09,4.43090076177846e-09,-5.15280475609247e-09,6.29036254934592e-10,-3.70402318640707e-09,-2.59888111031614e-06,3.1587887860951e-06,-4.06430444854777e-07,4.2632564145606e-08,-1.24032339954283e-06
348,0.000140491155249389,NA,0.445784769642325,-0.57823844619369,0.185513435893048,-0.263855191935809,-3.38919716611129,-4.09700943587491e-09,6.65820806392242e-09,-5.5206549099424e-09,2.6360657286521e-10,-3.31685387204626e-09,-1.09309894469334e-06,3.04908098769374e-06,-1.83035808731802e-07,-7.90123522165231e-08,2.39310793404002e-07
349,0.000140493995499646,NA,0.445784765964855,-0.578238437768207,0.185513431090262,-0.263855192487704,-3.38919716895154,-3.67746980469642e-09,8.42548281250987e-09,-4.80278651834655e-09,-5.51895048898074e-10,-2.84025015868686e-09,1.64277480507735e-07,2.76884293270996e-06,3.63797880709171e-08,-2.05204742087517e-07,1.59616320161149e-06
350,0.000140496292696302,-417.635836912446,0.445784762763539,-0.578238428130545,0.185513427682257,-0.263855194102567,-3.38919717124874,-3.20131588674596e-09,9.63766198752533e-09,-3.40800442389159e-09,-1.61486382284617e-09,-2.29719680711007e-09,1.1607426131377e-06,2.32944330491591e-06,1.92130755749531e-07,-2.89901436190121e-07,2.79783307632897e-06
351,0.000140498002687561,NA,0.44578476006463,-0.57823841787978,0.185513425781867,-0.263855196745642,-3.38919717295873,-2.69890866473763e-09,1.02507652728603e-08,-1.90039070750317e-09,-2.64307452001885e-09,-1.70999145205523e-09,1.90198079508264e-06,1.77919901034329e-06,2.43858266912866e-07,-3.07522896036971e-07,3.82840426027542e-06
352,0.000140499102955882,NA,0.445784757868172,-0.578238407620626,0.185513425010003,-0.263855200071466,-3.389197174059,-2.19645868581864e-09,1.02591541547096e-08,-7.71863239761919e-10,-3.32582416632113e-09,-1.10026826871885e-09,2.40106601268053e-06,1.15733200800605e-06,1.9554136088118e-07,-2.43858266912866e-07,4.67252903035842e-06
353,0.000140499592727661,NA,0.445784756152476,-0.578238397927134,0.185513424681473,-0.263855203562983,-3.38919717454877,-1.71569592071654e-09,9.69349191670814e-09,-3.28530424084178e-10,-3.49151712300938e-09,-4.89771768390638e-10,2.67846189672127e-06,5.04769559483975e-07,7.61701812734827e-08,-1.2732925824821e-07,5.30747001903364e-06
354,0.000140499489747814,NA,0.445784754879528,-0.578238389294172,0.185513424129941,-0.263855206657695,-3.38919717444579,-1.27294772371727e-09,8.63296166437718e-09,-5.51531584776975e-10,-3.09471152415364e-09,1.02979969712785e-10,2.76827449852135e-06,-1.19939613796305e-07,-5.28643795405515e-08,1.36424205265939e-08,5.74573277845047e-06
355,0.000140498830005775,NA,0.445784753998303,-0.578238382116452,0.185513422914881,-0.263855208926203,-3.38919717378605,-8.8122455741027e-10,7.17772016561985e-09,-1.21506014203286e-09,-2.26850830973697e-09,6.59741878510959e-10,2.68869371211622e-06,-6.84394763084128e-07,-1.48361323226709e-07,1.34150468511507e-07,5.97196958551649e-06
356,0.00014049766420321,NA,0.445784753449518,-0.578238376668423,0.185513420995758,-0.263855210165734,-3.38919717262024,-5.48785726711371e-10,5.448028945616e-09,-1.91912295837681e-09,-1.23953097552062e-09,1.16580272450163e-09,2.47553089138819e-06,-1.15505827125162e-06,-1.69961822393816e-07,2.06910044653341e-07,6.00550720264437e-06
357,0.000140496054283012,NA,0.445784753170499,-0.57823837309049,0.18551341870547,-0.263855210407569,-3.38919717101032,-2.79018356137345e-10,3.57793304971658e-09,-2.2902878042091e-09,-2.41835201136223e-10,1.60992039311149e-09,2.17028173210565e-06,-1.50350842886837e-06,-1.1539214028744e-07,2.24531504500192e-07,5.86851456318982e-06
358,0.000140494070397068,NA,0.445784753098025,-0.578238371399651,0.185513416643544,-0.263855209883966,-3.38919716902644,-7.24742463332195e-11,1.69083943205837e-09,-2.06192682732949e-09,5.23603179543875e-10,1.98388610006688e-09,1.79852577275597e-06,-1.72747149917996e-06,5.6843418860808e-10,1.89857018995099e-07,5.58202373213135e-06
359,0.000140491787342878,NA,0.445784753172253,-0.578238371494017,0.185513415449231,-0.26385520890707,-3.38919716674338,7.42283426863032e-11,-9.43660633719310e-11,-1.19431295859106e-09,9.76896196698958e-10,2.28305399453951e-09,1.39948497235309e-06,-1.81898940354586e-06,1.36424205265939e-07,1.29034560814034e-07,5.17559328727657e-06
360,0.000140489280953116,-417.635836912367,0.44578475333865,-0.578238373181672,0.185513415570657,-0.263855207776894,-3.38919716423699,1.6639652742348e-10,-1.68765549207367e-09,1.21426066785293e-10,1.13017561779855e-09,2.50638997979125e-09,9.95896698441356e-07,-1.79795733856736e-06,2.45563569478691e-07,6.3664629124105e-08,4.68276084575336e-06
361,0.0001404866251975,NA,0.445784753549624,-0.578238376195643,0.185513417102426,-0.263855206684416,-3.38919716158124,2.10974362789166e-10,-3.01397056852109e-09,1.53176945805083e-09,1.09247835411689e-09,2.65575576825698e-09,6.09361450187862e-07,-1.67176494869636e-06,2.91038304567337e-07,1.87583282240666e-08,4.13308498536935e-06
362,0.00014048389053789,NA,0.445784753765336,-0.57823838022167,0.185513419793861,-0.263855205710739,-3.38919715884658,2.15712137529322e-10,-4.02602688125693e-09,2.69143490177444e-09,9.73676760833029e-10,2.73465972626617e-09,2.5465851649642e-07,-1.46371803566581e-06,2.67732502834406e-07,-2.8421709430404e-09,3.5458924685372e-06
363,0.000140481141611026,NA,0.445784753953634,-0.578238384913203,0.185513423139883,-0.263855204797167,-3.38919715609765,1.88297709078372e-10,-4.69153290059452e-09,3.34602198532061e-09,9.1357264027097e-10,2.74892707432852e-09,-6.13908923696727e-08,-1.18575371743646e-06,1.87583282240666e-07,9.09494701772928e-09,2.94903657049872e-06
364,0.000140478436764901,NA,0.445784754089029,-0.578238389918247,0.185513426468916,-0.263855203827838,-3.38919715339281,1.3539536562761e-10,-5.0050445163372e-09,3.32903294962508e-09,9.69328384765803e-10,2.70484608118903e-09,-3.41628947353456e-07,-8.6458840087289e-07,6.3664629124105e-08,3.69482222595252e-08,2.35331754083745e-06
365,0.000140475827142161,NA,0.445784754152347,-0.578238394891975,0.185513429232273,-0.263855202695703,-3.38919715078318,6.33171656738667e-11,-4.9737282221049e-09,2.7633569466728e-09,1.13213547117918e-09,2.60962291982014e-09,-5.8321347751189e-07,-5.13864506501704e-07,-4.83169060316868e-08,6.53699316899292e-08,1.77465153683443e-06
366,0.000140473355895843,NA,0.44578475412903,-0.578238399516361,0.185513431101577,-0.263855201355636,-3.38919714831194,-2.3316843192384e-11,-4.62438599664446e-09,1.86930378754733e-09,1.34006635268571e-09,2.47124622789689e-09,-7.96944732428528e-07,-1.56319401867222e-07,-1.26192389870994e-07,8.07176547823474e-08,1.22838628158206e-06
367,0.000140471059402625,NA,0.4457847540083,-0.578238403524678,0.185513432034849,-0.263855199890708,-3.38919714601544,-1.2072988332472e-10,-4.0083168749079e-09,9.33272265868444e-10,1.46492808087012e-09,2.296493197998e-09,-9.86801751423627e-07,1.77919901034329e-07,-1.52340362546965e-07,6.48014975013211e-08,7.09974301571492e-07
368,0.000140468965324381,NA,0.445784753782449,-0.578238406703224,0.185513432241111,-0.263855198450497,-3.38919714392136,-2.2585052282996e-10,-3.17854543951654e-09,2.06261569127518e-10,1.44021168250445e-09,2.09407803940185e-09,-1.15619513962884e-06,4.81463757751044e-07,-1.28466126625426e-07,3.01270119962282e-08,2.46132003667299e-07
369,0.000140467093497243,NA,0.445784753446089,-0.578238408907829,0.185513432063974,-0.263855197240375,-3.38919714204954,-3.36360727590836e-10,-2.20460569696467e-09,-1.77136189003369e-10,1.21012180571519e-09,1.8718273391611e-09,-1.30967237055302e-06,7.30437932361383e-07,-7.33280103304423e-08,-2.21689333557151e-08,-1.63709046319127e-07
370,0.000140465455347627,-417.635836912176,0.44578475299708,-0.578238410059827,0.185513431870465,-0.263855196425772,-3.38919714041139,-4.49008581339945e-10,-1.15199752034192e-09,-1.93509780514684e-10,8.14603155262002e-10,1.63814971777879e-09,-1.43586476042401e-06,9.22000253922306e-07,-6.82121026329696e-09,-6.93489710101858e-08,-5.05906427861191e-07
371,0.000140464054413147,NA,0.445784752434959,-0.57823841015945,0.18551343190215,-0.263855196099715,-3.38919713901045,-5.62120931453812e-10,-9.96227332467585e-11,3.16850907096471e-11,3.26056334054403e-10,1.40093436945093e-09,-1.54727786139119e-06,1.03455022326671e-06,4.14956957683899e-08,-1.02318153949454e-07,-7.77617970015854e-07
372,0.000140462886476289,NA,0.445784751761819,-0.578238409270655,0.185513432216359,-0.263855196255614,-3.38919713784252,-6.73139921339554e-10,8.88794609853937e-10,3.14209712852876e-10,-1.5589901951248e-10,1.16793680625669e-09,-1.63367985805962e-06,1.0766143532237e-06,5.74118530494161e-08,-1.125499693444e-07,-9.72590896708425e-07
373,0.000140461940847381,NA,0.445784750982072,-0.578238407518777,0.185513432669568,-0.263855196792084,-3.38919713689689,-7.79747444934526e-10,1.75187842428444e-09,4.53208243768873e-10,-5.36470011401337e-10,9.45628723656446e-10,-1.6950707504293e-06,1.04421360447304e-06,3.41060513164848e-08,-9.89075488178059e-08,-1.09650954982499e-06
374,0.000140461200858422,NA,0.445784750101998,-0.578238405072879,0.185513433018527,-0.263855197556017,-3.3891971361569,-8.80073925942099e-10,2.44589751204172e-09,3.48959272064093e-10,-7.63932810409471e-10,7.399887950716e-10,-1.73372427525464e-06,9.5042196335271e-07,-1.19371179607697e-08,-6.99174051987939e-08,-1.14823706098832e-06
375,0.000140460645421836,NA,0.445784749130506,-0.578238402124064,0.185513433000599,-0.263855198372495,-3.38919713560146,-9.71491984054809e-10,2.94881503115387e-09,-1.79281457385453e-11,-8.16477513615636e-10,5.55436767772331e-10,-1.74054548551794e-06,8.14566192275379e-07,-6.65068000671454e-08,-3.18323145620525e-08,-1.13800524559338e-06
376,0.000140460250217966,NA,0.445784748078888,-0.57823839887568,0.185513432474936,-0.263855199108499,-3.38919713520626,-1.05161762595179e-09,3.24838387646014e-09,-5.25662707158746e-10,-7.36004450043131e-10,3.95203953683117e-10,-1.71553438121919e-06,6.45172804070171e-07,-1.01749719760846e-07,0,-1.07377218228066e-06
377,0.000140459989164121,NA,0.445784746960135,-0.578238395524552,0.185513431428051,-0.263855199703257,-3.3891971349452,-1.11875325916438e-09,3.35112789454185e-09,-1.04688553606183e-09,-5.94757880512983e-10,2.61053762350287e-10,-1.66323843586724e-06,4.61568561149761e-07,-1.14255271910224e-07,1.70530256582424e-08,-9.67474989010952e-07
378,0.000140459835521245,NA,0.445784745789013,-0.578238392249686,0.185513430018915,-0.263855200138467,-3.38919713479156,-1.17112151253082e-09,3.27486640201347e-09,-1.40913579779221e-09,-4.35209690929478e-10,1.53642928519588e-10,-1.58138391270768e-06,2.76827449852135e-07,-9.26547727431171e-08,2.50111042987555e-08,-8.28777046990581e-07
379,0.000140459762391743,NA,0.445784744582669,-0.578238389204099,0.185513428491279,-0.26385520048483,-3.38919713471843,-1.20634465735953e-09,3.04558699541372e-09,-1.5276354442739e-09,-3.4636321441708e-10,7.31294999085994e-11,-1.46258116728859e-06,1.01749719760846e-07,-5.11590769747272e-08,1.13686837721616e-08,-6.62225829728413e-07
380,0.000140459743228849,-417.635836912178,0.445784743359293,-0.578238386509489,0.185513427151467,-0.263855200797051,-3.38919713469927,-1.22337572075231e-09,2.69460977430607e-09,-1.33981185989892e-09,-3.12220884594323e-10,1.91629268856665e-11,-1.31763044919353e-06,-5.51381162949838e-08,7.38964445190504e-09,0,-4.72937244921923e-07
381,0.000140459752691946,NA,0.445784742139268,-0.578238384251378,0.18551342621629,-0.263855201133806,-3.38919713470873,-1.22002478924851e-09,2.25811093906279e-09,-9.35177480401685e-10,-3.36754906301222e-10,-9.4630329207283e-12,-1.13459464046173e-06,-1.85309545486234e-07,5.40012479177676e-08,-1.36424205265939e-08,-2.70006239588838e-07
382,0.000140459767423717,NA,0.445784740943145,-0.57823838248151,0.185513425764109,-0.263855201488146,-3.38919713472346,-1.19612323429085e-09,1.76986851181468e-09,-4.52181023007908e-10,-3.54340094809773e-10,-1.47316495783412e-11,-9.31095200940035e-07,-2.87627699435689e-07,7.73070496506989e-08,-1.25055521493778e-08,-6.25277607468888e-08
383,0.000140459766078571,NA,0.445784739791518,-0.578238381217902,0.185513425750805,-0.263855201821425,-3.38919713472212,-1.15162713778177e-09,1.26360798934671e-09,-1.33035254941728e-11,-3.3327976137521e-10,1.34530086044323e-12,-7.08268999005668e-07,-3.58681973011699e-07,7.7875483839307e-08,-3.41060513164848e-09,1.47224454849493e-07
384,0.000140459730537223,NA,0.445784738704322,-0.578238380446455,0.185513426029959,-0.263855202070906,-3.38919713468658,-1.08719593079748e-09,7.71446900848412e-10,2.7915314374448e-10,-2.49480710415663e-10,3.55413055667026e-11,-4.72937244921923e-07,-3.9676706364844e-07,5.74118530494161e-08,1.25055521493778e-08,3.45039552485105e-07
385,0.000140459646614577,NA,0.445784737699662,-0.578238380130304,0.185513426414399,-0.263855202163597,-3.38919713460266,-1.00465949737687e-09,3.16150855699475e-10,3.84440340074924e-10,-9.26907868917339e-11,8.39225369157214e-11,-2.37037056649569e-07,-4.0870418160921e-07,2.61479726759717e-08,3.24007487506606e-08,5.20685716765001e-07
386,0.000140459502944612,NA,0.445784736793403,-0.578238380205081,0.185513426743587,-0.26385520204971,-3.38919713445899,-9.06259306489647e-10,-7.47775966872303e-11,3.29187618670081e-10,1.13887376352135e-10,1.43669943200567e-10,-6.25277607468888e-09,-3.87103682442103e-07,-3.41060513164848e-09,4.83169060316868e-08,6.81552592141088e-07
387,0.000140459293550332,NA,0.445784735997369,-0.578238380593124,0.185513426895509,-0.263855201756282,-3.38919713424959,-7.9603459895547e-10,-3.88042175395604e-10,1.51922606356241e-10,2.93427122931114e-10,2.09394316693088e-10,2.00088834390044e-07,-3.44471118296497e-07,-2.8421709430404e-08,4.66116034658626e-08,7.99218469182961e-07
388,0.000140459015511851,NA,0.445784735320205,-0.57823838120469,0.185513426872915,-0.263855201326352,-3.38919713397155,-6.77163366853105e-10,-6.11566746598159e-10,-2.25944229524449e-11,4.29930689470211e-10,2.78038578869605e-10,3.86535248253495e-07,-2.80806489172392e-07,-3.12638803734444e-08,4.03588273911737e-08,8.91873241926078e-07
389,0.000140458670443433,NA,0.445784734766317,-0.578238381945435,0.185513426759582,-0.263855200847799,-3.38919713362648,-5.5388814509405e-10,-7.40744296928339e-10,-1.13332855035221e-10,4.78553062889986e-10,3.45068404924684e-10,5.40012479177676e-07,-2.02931005333085e-07,-1.81898940354586e-08,2.21689333557151e-08,9.41895450523589e-07
390,0.0001404582630391,-417.635836912263,0.445784734335553,-0.578238382727427,0.185513426683611,-0.263855200407084,-3.38919713321908,-4.30764184322111e-10,-7.81992808913701e-10,-7.59704729522875e-11,4.40715111883576e-10,4.07404177108781e-10,6.53699316899292e-07,-1.22213350550737e-07,5.11590769747272e-09,2.27373675443232e-09,9.59516910370439e-07
391,0.000140457800727134,NA,0.445784734023636,-0.57823838347224,0.185513426749186,-0.263855200054304,-3.38919713275677,-3.1191699580855e-10,-7.44812880594696e-10,6.55742337453644e-11,3.52779941643086e-10,4.62312017306437e-10,7.27595761418343e-07,-4.2632564145606e-08,2.61479726759717e-08,-1.08002495835535e-08,9.45306055655237e-07
392,0.000140457293586138,NA,0.44578473382279,-0.578238384116413,0.185513427003847,-0.263855199832438,-3.38919713224963,-2.00845625378525e-10,-6.44172810958356e-10,2.54661427282954e-10,2.21866048136106e-10,5.07141049242553e-10,7.6397554948926e-07,2.89901436190121e-08,3.80850906367414e-08,-2.33058017329313e-08,8.97557583812159e-07
393,0.000140456753468854,NA,0.445784733721589,-0.578238384618024,0.185513427405865,-0.263855199738118,-3.38919713170951,-1.01201076632709e-10,-5.01610874342776e-10,4.02017837168693e-10,9.43200765197144e-11,5.40117112375559e-10,7.58291207603179e-07,8.41282599139959e-08,3.35376171278767e-08,-2.55795384873636e-08,8.22524270915892e-07
394,0.000140456192806671,NA,0.445784733706373,-0.578238384949824,0.18551342787949,-0.263855199726004,-3.38919713114885,-1.52157429550337e-11,-3.31799743840171e-10,4.73625409211509e-10,1.21137302726721e-11,5.60662305634222e-10,7.20774551155046e-07,1.27897692436818e-07,2.1600499167107e-08,-1.76214598468505e-08,7.30437932361383e-07
395,0.000140455624904057,NA,0.445784733760976,-0.578238385108017,0.185513428300543,-0.263855199769258,-3.38919713058094,5.46025182631986e-11,-1.58192873468134e-10,4.21052844508393e-10,-4.3254693184123e-11,5.67902743636131e-10,6.46878106635995e-07,1.49498191603925e-07,-1.13686837721616e-09,-1.30739863379858e-08,6.17887963016983e-07
396,0.000140455062883404,NA,0.445784733868274,-0.578238385100923,0.185513428591971,-0.263855199808247,-3.38919713001892,1.07298403207772e-10,7.09355396045292e-12,2.91427372793699e-10,-3.89888623972251e-11,5.62020797784014e-10,5.49107426195405e-07,1.58593138621654e-07,-1.70530256582424e-08,0,4.9453774408903e-07
397,0.000140454519534483,NA,0.445784734010515,-0.578238384950526,0.185513428692891,-0.263855199829215,-3.38919712947557,1.42240270837146e-10,1.50397461953541e-10,1.00920694231212e-10,-2.09680410351625e-11,5.43349084809715e-10,4.29736246587709e-07,1.52340362546965e-07,-3.12638803734444e-08,3.41060513164848e-09,3.62092578143347e-07
398,0.000140454006310797,NA,0.445784734170328,-0.578238384683116,0.185513428615955,-0.263855199812622,-3.38919712896235,1.59813419118992e-10,2.6741007144136e-10,-7.69358649730595e-11,1.65929937673659e-11,5.13223578235234e-10,2.97859514830634e-07,1.3926637620898e-07,-3.24007487506606e-08,8.5265128291212e-09,2.30784280574881e-07
399,0.000140453534040574,NA,0.44578473433117,-0.578238384333209,0.185513428419751,-0.263855199781077,-3.38919712849008,1.60842471933446e-10,3.49906561779587e-10,-1.96204274461287e-10,3.15450611969244e-11,4.72270358500138e-10,1.58024704433046e-07,1.14823706098832e-07,-2.44426701101474e-08,3.97903932025656e-09,9.49285094975494e-08
400,0.000140453110902161,-417.635836912205,0.445784734478568,-0.578238383935228,0.185513428195625,-0.263855199752644,-3.38919712806694,1.47397879293461e-10,3.9798145147072e-10,-2.24126326388164e-10,2.84336934381345e-11,4.23138595621353e-10,2.27373675443232e-08,8.69704308570363e-08,-9.09494701772928e-09,0,-2.50111042987555e-08
