"iter","err","ll","dens_0","conn_0","conn_X1","conn_X2","g0_1","step_dens_0","step_conn_0","step_conn_X1","step_conn_X2","step_g0_1","grad_dens_0","grad_conn_0","grad_conn_X1","grad_conn_X2","grad_g0_1"
1,1.59094332504478,-973.228534317255,-0.980000000000833,-1.97000000000541,0.0299999999748671,-0.0299999999808686,-4.98000000000082,0.019999999999167,0.0299999999945879,0.0299999999748671,-0.0299999999808686,0.0199999999991762,240.098141321141,55.431818782381,11.93654927647,-15.6810348346426,242.791845910233
2,1.57094394315954,NA,-0.960001261789044,-1.94000563454864,0.0598290260999018,-0.0598761470622286,-4.96000061811558,0.019998738211789,0.0299943654567762,0.0298290261250347,-0.02987614708136,0.0199993818852452,239.524287159156,55.0466652828163,10.4415847647488,-14.1112626545237,242.505758192237
3,1.5509456033302,NA,-0.940004702987931,-1.91002312694204,0.089323801150582,-0.0895182550751173,-4.94000227828624,0.019996558801113,0.029982507606599,0.0294947750506802,-0.0296421080128887,0.0199983398293391,238.925472483515,54.5446750277279,8.92332252988126,-12.5166773875662,242.215460730222
4,1.53094875901767,NA,-0.920011300759667,-1.88006058842307,0.118271807923006,-0.11879042517489,-4.92000543397371,0.0199934022282636,0.029962538518963,0.0289480067724238,-0.029272170099773,0.0199968443125307,238.30075796468,53.9293401845953,7.39219268325542,-10.906424664654,241.914552166236
5,1.51095391160423,NA,-0.900022093475983,-1.85012797369422,0.146400720446671,-0.147526780131956,-4.90001058656027,0.0199892072836847,0.0299326147288549,0.0281289125236657,-0.0287363549570652,0.0199948474134368,237.64920655708,53.2070661847683,5.86114028806151,-9.29073822248938,241.59625151583
6,1.49096163000997,NA,-0.880038182296811,-1.82023695354223,0.17336971286982,-0.175527478234381,-4.88001830496601,0.0199839111791715,0.0298910201519938,0.0269689924231482,-0.0280006981024258,0.0199922815942596,236.969885584131,52.3875072155988,4.34606210546917,-7.68092389989761,241.253487771473
7,1.47097257088427,NA,-0.860060732662113,-1.79040068721263,0.198766960010781,-0.20255580200397,-4.86002924584031,0.0199774496346985,0.0298362663295961,0.0253972471409614,-0.0270283237695885,0.0199890591257013,236.261866294853,51.4837883224573,2.8661195017321,-6.08931417559688,240.879062436079
8,1.4509874983232,NA,-0.840090975719512,-1.76063348258508,0.222119578440163,-0.228337529255175,-4.84004417327924,0.0199697569426002,0.0297672046275477,0.0233526184293815,-0.0257817272512053,0.019985072561069,235.524219409626,50.5124892561071,1.44371620876882,-4.52920207294483,240.465912767149
9,1.43100730155395,NA,-0.820130209733778,-1.7309503449202,0.242922353292134,-0.252564196913086,-4.82006397650999,0.0199607659857341,0.0296831376648819,0.0208027748519714,-0.0242266676579109,0.0199801967692542,234.756005385179,49.4932181345575,0.103851798485266,-3.01478324786331,240.007497394572
10,1.41103300854042,-870.666219659004,-0.800179801552046,-1.70136643632028,0.260687249405907,-0.274902054960569,-4.80008968349646,0.0199504081817322,0.0295839085999187,0.0177648961137734,-0.0223378580474833,0.0199742930135245,233.956258509807,48.4476033284409,-1.12741733914845,-1.56114659148443,239.498296937199
11,1.39106579326809,NA,-0.780241188224146,-1.6718964950673,0.275006069728954,-0.295008138613291,-4.78012246822413,0.0199386133279002,0.029469941252984,0.0143188203230464,-0.0201060836527216,0.0199672152723318,233.123965474533,47.3976421108091,-2.22543904328631,-0.184325845111744,238.934361790371
12,1.37110697491083,NA,-0.760315878892061,-1.64255428738008,0.285608280945747,-0.312553589244625,-4.76016364986687,0.0199253093320854,0.0293422076872157,0.010602211216793,-0.0175454506313335,0.0199588183572623,232.258040840634,46.3635892299408,-3.16989944622037,1.09866562638672,238.313763036331
13,1.35115800835621,NA,-0.740405457058458,-1.61335217138675,0.292393931485049,-0.327252048653255,-4.74021468331225,0.0199104218336027,0.029202115993335,0.00678565053930217,-0.0146984594086301,0.0199489665546168,231.35730345075,45.3618455355809,-3.94730757307116,2.27000759991824,237.636763691853
14,1.33122046740468,NA,-0.720511583319935,-1.58430083740389,0.295432035048514,-0.338888302278214,-4.72027714236072,0.0198938737385227,0.0290513339828604,0.00303810356346529,-0.0116362536249592,0.0199375409515315,230.420458065055,44.403405072444,-4.5520800176746,3.31166053001652,236.905585253453
15,1.31129602366725,NA,-0.700635998611045,-1.55540925550287,0.294930593060713,-0.347340830843047,-4.70035269862329,0.01987558470889,0.0288915819010187,-0.000501441987801218,-0.00845252856483267,0.0199244437374326,229.446085410245,43.4932198118076,-4.98587154538654,4.20640779452697,236.123791719365
16,1.2913864250626,NA,-0.680780527957121,-1.52668482493084,0.29119391807849,-0.352592949148472,-4.68044310001864,0.0198554706539244,0.0287244305720302,-0.00373667498222352,-0.00525211830542522,0.0199095986046508,228.432642365988,42.630480987782,-5.25561941003616,4.9391284471767,235.295460639691
17,1.27149347759411,NA,-0.660947084683982,-1.49813369236733,0.284581992816429,-0.35473072065689,-4.66055015255015,0.0198334432731386,0.0285511325635033,-0.00661192526206054,-0.00213777150841832,0.0198929474684831,227.378472628743,41.8095484042169,-5.37121589673006,5.49793072082139,234.42436756568
18,1.25161903301926,NA,-0.641137674987575,-1.46976119143452,0.275479924667146,-0.35393002097159,-4.6406757079753,0.0198094096964074,0.0283725009328088,-0.00910206814928302,0.00080069968530025,0.0198744445748556,226.281826843433,41.0211951032124,-5.34360502570053,5.87486717790853,233.51336311066
19,1.23176498360712,NA,-0.621354402732349,-1.44157235239492,0.264279152798701,-0.350437781036739,-4.62082165856316,0.0197832722552259,0.0281888390396057,-0.0112007718684448,0.00349223993485075,0.0198540494121367,225.140890072453,40.2539067113139,-5.18368346433817,6.06618851065832,232.564023501709
20,1.21193326387074,-766.231781248382,-0.601599474326478,-1.41357243460653,0.251368498747146,-0.34455265726239,-4.60098993882678,0.0197549284058705,0.0279999177883859,-0.012910654051555,0.00588512377434861,0.0198317197363794,223.953813965636,39.4950788358983,-4.90200774265759,6.0722957255166,231.576564606257
21,1.19212585821972,NA,-0.581875203514124,-1.38576744148712,0.23713205083278,-0.336608806673507,-4.58118253317576,0.019724270812354,0.0278049931194155,-0.0142364479143662,0.00794385058888307,0.0198074056510232,222.718751133471,38.7320398783686,-4.50911359735073,5.89761792639365,230.549955782635
22,1.17234481296809,NA,-0.562184015927225,-1.35816458590355,0.221951013032378,-0.326964346456705,-4.56140148792413,0.019691187586899,0.0276028555835655,-0.0151810378004017,0.0096444602168024,0.0197810452516254,221.433889726086,37.9528815278718,-4.01621021637766,5.55059063913177,229.482154578591
23,1.15259225098924,NA,-0.542528453250201,-1.33077268152637,0.206207106483803,-0.315994343538691,-4.54164892594528,0.0196555626770246,0.0273919043771826,-0.0157439065485751,0.0109700029180137,0.0197525619788526,220.097486541135,37.1471088385533,-3.43604084264371,5.04380549955386,228.370392492252
24,1.13287038742351,NA,-0.522911176871866,-1.30360244216899,0.190285461967718,-0.304087083093916,-4.52192706237955,0.019617276378335,0.0271702393573838,-0.0159216445160855,0.0119072604447752,0.0197218635657322,218.707896807473,36.3061317500524,-2.78373846981594,4.39430085293679,227.211460934313
25,1.11318154511327,NA,-0.503334970932111,-1.27666667658832,0.174575118415953,-0.291641792122445,-4.50223822006931,0.0195762059397553,0.0269357655806698,-0.0157103435517642,0.0124452909714706,0.0196888423102363,217.263598439104,35.4236160592336,-2.07752247433746,3.62388396411006,226.001964872466
26,1.09352816879386,NA,-0.483802744718429,-1.24998037123975,0.159465398023807,-0.27906576251405,-4.4825848437499,0.0195322262136817,0.0266863053485708,-0.0151097203921467,0.0125760296083956,0.0196533763194119,215.763208252611,34.495700581374,-1.3390783021805,2.75931922601558,224.738524692611
27,1.07391283747304,NA,-0.464317534428156,-1.22356065881385,0.145336840819979,-0.266768863019932,-4.46296951242908,0.0194852102902725,0.0264197124258988,-0.0141285572038275,0.0122968994941176,0.0196153313208198,214.205487812933,33.5210746004577,-0.593455633861595,1.83218153892994,223.417913751973
28,1.05433827487044,NA,-0.44488250437943,-1.19742667659673,0.132546332613184,-0.255153844853399,-4.44339494982648,0.0194350300487264,0.0261339822171183,-0.0127905082067952,0.0116150181665332,0.0195745626026023,212.589337666031,32.5009027244505,0.131658702002824,0.878171803151417,222.037122703114
29,1.0348073582359,NA,-0.425500947814273,-1.17159932580548,0.121407621624463,-0.244601789952824,-4.42386403319194,0.0193815565651572,0.0258273507912516,-0.0111387109887212,0.0105520549005755,0.019530916634539,210.913780800865,31.4385885258162,0.807356125278602,-0.064255262941515,220.593346509759
30,1.01532312626061,-670.278685737467,-0.406176287474882,-1.14610095024083,0.112170216399454,-0.235453542353142,-4.40437980121665,0.0193246603393906,0.0254983755646424,-0.0092374052250086,0.00914824759968142,0.019484231975288,209.177938717175,30.3393871922708,1.40552130460492,-0.955972549263606,219.083900555006
31,0.995888787037573,NA,-0.386912076135059,-1.12095495834584,0.105000867509969,-0.227989658510019,-4.38494546199361,0.0192642113398233,0.0251459918949976,-0.00716934888948486,0.00746388384312307,0.0194343392230369,207.381005731122,29.2099065063667,1.90116857652356,-1.75979943378479,217.506088621349
32,0.976507727022044,NA,-0.367711997231069,-1.09618541535185,0.0999716370614919,-0.222412593365249,-4.36556440197808,0.0192000789039895,0.0247695429939846,-0.00502923044847753,0.00557706514476966,0.0193810600155289,205.522227539632,28.0575639510516,2.27467670470105,-2.44328541953109,215.857061629094
33,0.957183521652303,NA,-0.348579865672317,-1.07181663063331,0.0970568198472827,-0.218834782425221,-4.34624019660834,0.0191321315587523,0.0243687847185447,-0.0029148172142092,0.00357781094002811,0.0193242053697407,203.600888351048,26.8900802848293,2.51348689289443,-2.98117091006134,214.133712738658
34,0.937919947780606,NA,-0.329519628847563,-1.04787276012931,0.0961385123003644,-0.217274832699044,-4.32697662273665,0.0190602368247536,0.0239438705039972,-0.000918307546918261,0.00155994972617776,0.0192635738716972,201.616307169843,25.7150762445235,2.61297526094495,-3.35708334091578,212.332645744482
35,0.918720997473192,NA,-0.310535367802851,-1.02437743655641,0.0970186521241351,-0.21766185354905,-4.30777767242923,0.0189842610447126,0.0234953235729024,0.000880139823770717,-0.000387020850006477,0.0191989503074139,199.567840005557,24.5398034053323,2.57644830298887,-3.56422858317273,210.450233096253
36,0.899590892220337,NA,-0.291631298567084,-1.00135343352781,0.0994346410000826,-0.219846092538728,-4.28864756717638,0.0189040692357667,0.0230240030285942,0.00241598887594751,-0.00218423898967802,0.019130105252855,197.454882552393,23.37099838428,2.41441997673064,-3.60510194809649,208.482756570447
37,0.880534096261644,NA,-0.272811773638325,-0.978822365420118,0.103076147693415,-0.22361321813554,-4.26959077121768,0.0188195249287591,0.0225310681076957,0.0036415066933321,-0.00376712559681215,0.0190567959586927,195.276867995062,22.2148202988137,2.14342893400499,-3.49045035591189,206.42660636895
38,0.861555327620601,NA,-0.254081283699582,-0.956804423450018,0.107601754751049,-0.228699846236194,-4.25061200257664,0.0187304899387425,0.0220179419700994,0.00452560705763426,-0.00508662810065348,0.0189787686410434,193.033257069146,21.076823676367,1.78463818770069,-3.2377974469,204.278506695346
39,0.842659565545511,NA,-0.23544445968352,-0.935318149345348,0.11265510846668,-0.23480877468836,-4.23171624050155,0.0186368240160626,0.02148627410467,0.0050533537156305,-0.00610892845216619,0.0188957620750901,190.723520757956,19.9619294789954,1.36237852984777,-2.86980653640967,202.035735920845
40,0.823852053332238,-587.593834368269,-0.21690607532806,-0.914380250016767,0.117880774057955,-0.241623319901792,-4.21290872828828,0.0185383843554594,0.0209378993285809,0.00522566559127572,-0.00681454521343196,0.0188075122132734,188.347119221817,18.8743757803422,0.902711640264897,-2.41266012608321,199.696313979985
41,0.805138295908519,NA,-0.198471050343227,-0.894005458509147,0.122939999747124,-0.24882078692017,-4.19419497086456,0.0184350249848332,0.0203747915076199,0.00505922568916855,-0.00719746701837803,0.0187137574237183,185.903482880576,17.8176481699666,0.432036072197661,-1.89453766324732,197.259136032244
42,0.78652405203737,NA,-0.180144454238019,-0.874206447266329,0.127526183345377,-0.25608533526431,-4.17558072699341,0.0183265961052086,0.019799011242818,0.00458618359825283,-0.00726454834414047,0.0186142438711494,183.39200249784,16.7944035297296,-0.0242519342918968,-1.34420897325072,194.7240386869
43,0.768015321494418,NA,-0.161931510740272,-0.854993798815538,0.13137926739429,-0.263120382669607,-4.15707199645046,0.0182129434977461,0.0192126484507918,0.00385308404891326,-0.00703504740529685,0.0185087305429517,180.812034518567,15.8064081847442,-0.443012668256415,-0.78973591371323,192.091792831661
44,0.749618328028427,NA,-0.143837602599085,-0.836376036223931,0.134297858768643,-0.269660360008778,-4.13867500298447,0.018093908141187,0.0186177625916064,0.00291859137435302,-0.00653997733917037,0.0183969934659907,178.162925794823,14.8545129331978,-0.804473991138366,-0.257279590414328,189.364026250587
45,0.731339499261276,NA,-0.125868276412673,-0.81835971141512,0.136147804455391,-0.275481267770067,-4.12039617421732,0.0179693261864128,0.0180163248088118,0.00184994568674846,-0.00582090776128896,0.0182788287671512,175.444058678522,13.9386830426247,-1.09312448671517,0.229969392648854,186.54308874261
46,0.713185444863436,NA,-0.108029247003586,-0.800949544386415,0.13686631634969,-0.280409249616438,-4.10224211981948,0.0178390294090866,0.0174101670287051,0.000718511894298354,-0.00492798184637114,0.0181540543978396,172.654913633323,13.0580919267231,-1.29832111838368,0.652699759484676,183.631881411657
47,0.695162934319505,NA,-0.0903264007910329,-0.784148601574052,0.13646138218076,-0.284326395841621,-4.08421960927555,0.0177028462125531,0.0168009428123623,-0.000404934168929554,-0.00391714622518287,0.0180225105439308,169.795143388001,12.2112743974867,-1.41457474455819,0.996178908962975,180.63367725631
48,0.677278875381365,NA,-0.0727657976011204,-0.767958498113088,0.135006864356145,-0.287173228447218,-4.06633555033741,0.0175606031899125,0.0161901034609644,-0.00145451782461537,-0.00284683260559753,0.0178840589381405,166.864650593652,11.3963229546243,-1.44151848189722,1.2506985433447,177.551960273377
49,0.659540293946121,NA,-0.055353670411063,-0.752379607271745,0.132634137429767,-0.288947713978313,-4.04859696890216,0.0174121271900574,0.0155788908413425,-0.00237272692637795,-0.00177448553109514,0.0177385814352434,163.863660598054,10.6111020932076,-1.38359927632337,1.41174004284039,174.390304106282
50,0.641954315678518,-520.988513201717,-0.0380964226323196,-0.737411261131102,0.129521252638548,-0.289701062483242,-4.03101099063456,0.0172572477787434,0.014968346140643,-0.0031128847912187,-0.000753348504928643,0.0175859782676036,160.792782049839,9.85345346066424,-1.24955003116156,1.47985748867541,171.152300370068
51,0.624528149315775,NA,-0.0210006226810705,-0.723051929279067,0.125880505990151,-0.28953087811005,-4.01358482427182,0.0170957999512491,0.0143593318520355,-0.00364074664839706,0.000170184373191456,0.0174261663627432,157.653050292765,9.12136932015528,-1.05169651419601,1.46030004657405,167.841534773743
52,0.607269071322401,NA,-0.00407299574125843,-0.709299366195407,0.121945074938912,-0.288572371851239,-3.99632574627844,0.0169276269398121,0.0137525630836593,-0.00393543105123944,0.00095850625881141,0.0172590779933736,154.445951079651,8.41312024022045,-0.805139118256193,1.36241191739828,164.461599115384
53,0.590184411436997,NA,0.0126795872255167,-0.696150722258152,0.117955227135842,-0.286988346991655,-3.97924108639304,0.0167525829667751,0.0131486439372549,-0.00398984780306913,0.00158402485958426,0.017084659885404,151.173424763442,7.72733308338047,-0.526835522123292,1.1988567410981,161.016122320348
54,0.573281538664454,NA,0.0292501230440855,-0.683602617173408,0.114144576994545,-0.284958586692662,-3.96233821362049,0.0165705358185688,0.012548105084744,-0.00381065014129783,0.00202976029899292,0.0169028727725425,147.837853245392,7.0630237109981,-0.234606367826018,0.98471592423266,157.508803981727
55,0.556567847372317,NA,0.0456314921946678,-0.671651177652993,0.110726967636237,-0.28266917978031,-3.94562452232836,0.0163813691505824,0.0119514395204153,-0.00341760935830798,0.00228940691235157,0.0167136912921368,144.442033425776,6.41959405641046,0.0539047857728292,0.736511187824362,153.943438567694
56,0.540050743287568,NA,0.0618164766669007,-0.660292043187736,0.107884708268442,-0.280302258176187,-3.92910741824361,0.0161849844722329,0.0113591344652574,-0.00284225936779448,0.00236692160412284,0.0165171040847496,140.989141616501,5.79680479575018,0.32226729786089,0.471203080678606,150.323925640805
57,0.523737629302813,NA,0.0777977794646842,-0.649520344921158,0.105758987454499,-0.278026593377877,-3.91279430425885,0.0159813027977835,0.0107716982665782,-0.00212572081394369,0.00227566479831047,0.0163131139847546,137.482693216384,5.19473326676234,0.556225609216199,0.205219625399877,146.654268220345
58,0.507635891049964,NA,0.0935680454410774,-0.639330663211564,0.10444321890104,-0.275989486397555,-3.896692566006,0.0157702659763932,0.0101896817095932,-0.00131576855345813,0.00203710698032227,0.0161017382528488,133.92650114838,4.61372295660567,0.744507663057448,-0.0464296914515216,142.938566181101
59,0.491752882175776,NA,0.109119883171895,-0.629716969790542,0.103979833547614,-0.274310350789777,-3.88080955713182,0.0155518377308175,0.00961369342102238,-0.000463385353426846,0.0016791356077774,0.015883008874188,130.32463529612,4.05432740421929,0.879405443470205,-0.270902251031657,139.181012927452
60,0.476095909177034,-472.364344584254,0.124445887610042,-0.620672560693061,0.104360664872755,-0.273076305869491,-3.86515258413307,0.0153260044381469,0.00904440909748088,0.000380831325141578,0.00123404492028618,0.0156569729987425,126.681383874256,3.51724900838235,0.957076322265493,-0.45808972629402,135.385901530185
61,0.460672215559854,NA,0.139538663292788,-0.612189986392095,0.105530688630077,-0.272339962399677,-3.84972889051589,0.0150927756827464,0.00848257430096632,0.00117002375732165,0.00073634346981375,0.01542369361718,123.001216852572,3.00327271645529,0.977548149876384,-0.600976016471577,131.557642522466
62,0.445488965016601,NA,0.154390847899784,-0.604260985729523,0.107394574379215,-0.272119414223603,-3.83454563997264,0.0148521846069958,0.00792900066257178,0.00186388574913865,0.000220548176074422,0.0151832505432525,119.288751355953,2.51319549818163,0.94444648254921,-0.695775318604319,127.700791150573
63,0.430553223294149,NA,0.168995135984339,-0.596876430142157,0.109825335837417,-0.272400278320216,-3.81960989825019,0.0146042880845547,0.00738455558736642,0.00243076145820152,-0.000280864096612734,0.0149357417224529,115.548719300591,2.04775414601954,0.864490170329191,-0.741858674473406,123.820078549102
64,0.415871938465886,NA,0.183344302733712,-0.590026284189544,0.112674322034454,-0.273139483209039,-3.80492861342193,0.0143491667493736,0.00685014595261259,0.00284898619703698,-0.000739204888823192,0.0146812848282626,111.785938473759,1.60755556066761,0.746817206049855,-0.741492876272787,119.920440358214
65,0.401451919409979,NA,0.197431227662916,-0.583699587445317,0.115781824954514,-0.274270410275712,-3.79050859436602,0.0140869249292035,0.00632669674422724,0.00310750292006004,-0.00113092706667325,0.0144200190559075,108.00528897903,1.19301435347552,0.602206864073196,-0.699427020549592,116.007036938868
66,0.387299812415868,NA,0.211248918215174,-0.577884461426169,0.118987640854908,-0.275708947240122,-3.77635648737191,0.0138176905522581,0.0058151260191479,0.00320581590039359,-0.00143853696441029,0.0141521069941103,104.211697415622,0.80430264347342,0.442260600834743,-0.622368219751479,112.085261643529
67,0.373422075967086,NA,0.224790533328324,-0.572568143512504,0.122140982067336,-0.277360008577269,-3.76247875092313,0.0135416151131497,0.00531631791366509,0.00315334121242819,-0.00165106133714696,0.0138777364487823,100.410130909268,0.441315952457444,0.278597409533177,-0.518389965122878,108.160736053264
68,0.359824953861068,NA,0.238049407119244,-0.567737047914501,0.125109192256698,-0.279124100922698,-3.74888162881711,0.0132588737909201,0.00483109559800294,0.00296821018936226,-0.00176409234542914,0.0135971221060177,96.6056020081396,0.10365768957854,0.122111796940771,-0.396315659827451,104.239293272599
69,0.346514446913615,NA,0.251019072923066,-0.563376851828052,0.12778478831473,-0.280903551233104,-3.73557112186966,0.0129696658038224,0.00436019608644883,0.00267559605803187,-0.00177945031040592,0.013310506947454,92.8031839276855,-0.209356919640413,-0.0176648802607815,-0.265116537434551,100.326951762213
70,0.333496283554747,-441.616408685281,0.263693287981686,-0.559472603193209,0.130090455643225,-0.282608066119751,-3.72255295851079,0.0126742150586197,0.00390424863484297,0.00230566732849479,-0.00170451488664692,0.013018163358867,89.008033698974,-0.498678446092526,-0.133067312049207,-0.133358520315596,96.4298825124388
71,0.320775889658269,NA,0.276066059091634,-0.556008845056403,0.131981767378634,-0.284159351444977,-3.70983256461431,0.012372771109948,0.00346375813680646,0.00189131173540963,-0.00155128532522533,0.012720393896479,85.2254191693191,-0.765484863904931,-0.218640767570832,-0.00872680516295077,92.5543720103406
72,0.308358357967729,NA,0.288131669485361,-0.552969750565106,0.133447570794293,-0.285494592528332,-3.69741503292377,0.0120656103937269,0.00303909449129668,0.00146580341565827,-0.00133524108335522,0.0124175316905395,81.4607447779281,-1.01113088362581,-0.271316280873179,0.102350136899076,88.7067826283783
73,0.296248417496592,NA,0.299884707132005,-0.550339262138944,0.134508161330835,-0.286568676485221,-3.68530509245263,0.0117530376466443,0.00263048842616229,0.00106059053654282,-0.00107408395688874,0.0121099404711368,77.7195708747058,-1.23708939042899,-0.290417787596198,0.19496296545185,84.8935110900584
74,0.284450403297583,NA,0.311320094512148,-0.548101228359961,0.135211519948882,-0.287355125232349,-3.67350707825362,0.0114353873801432,0.00223803377898314,0.000703358618046938,-0.000786448747128338,0.0117980141990098,74.0076220517949,-1.44488951434596,-0.277514159279235,0.265864360358137,81.1209448789896
75,0.272968227019438,NA,0.322433119761636,-0.546239532538873,0.135628004884962,-0.28784579361809,-3.66202490197548,0.0111130252494874,0.00186169582108729,0.000416484936079367,-0.000490668385740944,0.0114821762781444,70.3307813819265,-1.63605539512446,-0.236138290574672,0.313494609827103,77.395416027457
76,0.261805348696964,NA,0.33321946891045,-0.54473820763622,0.135843958908348,-0.28804946422927,-3.650862023653,0.0107863491488143,0.00150132490265376,0.000215954023386503,-0.000203670611179651,0.0111628783224746,66.6950691373813,-1.81204883915598,-0.171402141404542,0.337899254532203,73.7231518098724
77,0.250964750248468,NA,0.343675258783356,-0.543581533144029,0.135954723063676,-0.287989531756883,-3.64002142520451,0.0104557898729064,0.001156674492191,0.000110764155328256,5.9932472386914e-05,0.0108405984484954,63.106606388601,-1.97421820473664,-0.0895401149136887,0.340554540798621,70.1102221967176
78,0.240448911174189,NA,0.353797069993679,-0.542754110564403,0.136057546471247,-0.287701011519723,-3.62950558613023,0.010121811210323,0.000827422579625164,0.000102823407570474,0.000288520237159791,0.010515839074279,59.571565223564,-2.12375497937956,0.00258525517438102,0.32412068208032,66.5624847761137
79,0.230259786951942,NA,0.363581979362487,-0.542240915199092,0.136244856121849,-0.287227127685962,-3.61931646190798,0.00978490936880818,0.000513195365311843,0.000187309650602073,0.000473883833760944,0.0101891242222469,56.0961085233203,-2.2616590160851,0.0979816627477703,0.292145857088144,63.0855286254928
80,0.220398790603627,-425.768430435123,0.373027591035752,-0.54202732307437,0.13659830323548,-0.286615738342568,-3.60945546555967,0.00944561167326448,0.000213592124721256,0.000353447113630924,0.000611389343393723,0.00986099634831534,52.6863225849183,-2.38871328008372,0.189997404618225,0.248744753434949,59.6846194343925
81,0.210866777854841,NA,0.382132065553119,-0.542099112963327,0.137183933175127,-0.285915839572589,-3.59992345281088,0.00910447451736662,-7.1789888956718e-05,0.000585629939647293,0.000699898769979373,0.00953201274878619,49.3481460813427,-2.5054689206172,0.272734882287295,0.198274773310914,56.364648556837
82,0.201664036229089,NA,0.390894146140353,-0.542442444632992,0.138048734353327,-0.285174362209504,-3.59072071118513,0.00876208058723485,-0.000343331669665135,0.000864801178199646,0.000741477363084532,0.00920274162575205,46.0872986081995,-2.61224148914607,0.341383209843116,0.145030981002492,53.1300887956832
83,0.192790278314693,NA,0.399313181547138,-0.543043815618825,0.139218712169287,-0.284433436175543,-3.58184695327073,0.00841903540678472,-0.000601370985832358,0.00116997781595985,0.000740926033961377,0.00887375791439608,42.9092115791718,-2.70911896166126,0.392452428741308,0.0929774603264377,49.9849591625434
84,0.184244639323438,NA,0.40738914482902,-0.543889999951771,0.140698515948139,-0.283728251195683,-3.57330131427948,0.00807596328188214,-0.000846184332945997,0.00147980377885263,0.000705184979860266,0.00854563899125545,39.8189639560087,-2.79598164297568,0.423899870725108,0.0455288034117984,46.9328002782277
85,0.176025678937196,NA,0.415122647570161,-0.544967973256627,0.142472532389765,-0.283085592505523,-3.56508235389324,0.00773350274114099,-0.00107797330485676,0.00177401644162601,0.000642658690159926,0.00821896038624179,36.8212247514066,-2.87253328963288,0.435147877624331,0.00539061659310391,43.9766610287506
86,0.168131387321395,NA,0.422514949159556,-0.546264829405897,0.144507259969332,-0.282523079101169,-3.55718806227744,0.00739230158939493,-0.00129685614926998,0.00203472757956716,0.000562513404353499,0.00789429161580118,33.9202040680675,-2.9383418160478,0.427000251761456,-0.0255366660439904,41.1190962785213
87,0.160559195079431,NA,0.429567960862528,-0.547767694369752,0.146754703690529,-0.282049083628926,-3.54961587003547,0.00705301170297178,-0.00150286496385486,0.00224744372119692,0.000473995472242941,0.00757219224196351,31.1196140472703,-2.9928871009588,0.401471966142708,-0.0461911514548774,38.3621747857887
88,0.15330598683546,NA,0.436284244567881,-0.54946364299287,0.149156482022264,-0.281663270119714,-3.5423626617915,0.00671628370535282,-0.0016959486231176,0.00240177833173479,0.000385813509212077,0.00725320824397117,28.4226408371069,-3.03561274733966,0.361551607284127,-0.0563243770557165,35.7074959561032
89,0.14636811806671,NA,0.442667006232855,-0.551339624142541,0.151648316927119,-0.281357651191989,-3.53542479302275,0.00638276166497383,-0.00187598114967174,0.00249183490485498,0.000305618927724828,0.00693786876875067,25.831928204525,-3.06597838687139,0.31091883101908,-0.0564256896495863,33.1562138217123
90,0.139741434760888,-419.621253714007,0.448720084187227,-0.553382399025245,0.154164580505754,-0.281118041504604,-3.52879810971693,0.00605307795437233,-0.00204277488270332,0.00251626357863486,0.000239609687385151,0.00662668330582141,23.3495729685274,-3.08350908767352,0.253640065466243,-0.0476062359666685,30.7090665694432
91,0.133421295450715,NA,0.454447932583222,-0.555578496545217,0.156642593878108,-0.280925770184418,-3.52247797040676,0.00572784839599529,-0.00219609751997201,0.00247801337235389,0.000192271320186535,0.00632013931017328,20.9771315002172,-3.08783901232346,0.193864606217176,-0.0314546082336165,28.3664097702285
92,0.127402595175072,NA,0.459855600384799,-0.557914188433045,0.159026412195728,-0.2807595112973,-3.51645927013111,0.00540766780157639,-0.00233569188782841,0.00238381831762026,0.000166258887117457,0.00601870027564309,18.7156361448615,-3.07874683528553,0.135541103531978,-0.00987649116268585,26.1282515015182
93,0.121679790934321,NA,0.464948706368583,-0.560375485629128,0.161269881254131,-0.280597097576724,-3.51073646589036,0.00509310598378457,-0.00246129719608236,0.00224346905840233,0.000162413720576104,0.00572280424075124,16.5656195741803,-3.05618143045194,0.082171251847285,0.0150692932265883,23.9942875361976
94,0.116246928246374,NA,0.469733410655253,-0.562948156150231,0.163338812957512,-0.280417197132221,-3.50530360320241,0.00478470428667014,-0.00257267052110296,0.00206893170338151,0.000179900444503039,0.00543286268794665,14.5271446785955,-3.02027704549346,0.0366135122931155,0.041327044755235,21.9639346738632
95,0.111097668465586,NA,0.474216383304132,-0.565617763479255,0.165212195465795,-0.280200754031445,-3.50015434342163,0.00448297264887845,-0.00266960732902468,0.001873382508283,0.000216443100776381,0.00514925978078755,12.599837487528,-2.97135790447101,0.000945682927522284,0.0669830541255578,20.0363606205656
96,0.10622531659548,NA,0.47840477048776,-0.568369723477279,0.166882424331064,-0.279932119568773,-3.49528199155152,0.00418838718362882,-0.00275195999802366,0.00167022886526929,0.000268634462671363,0.00487235187010648,10.7829207189525,-2.90993291230279,-0.0236095723948893,0.0903794352780096,18.2105090232199
97,0.101622849402887,NA,0.482306158722745,-0.571189376971519,0.168354608461946,-0.279599829537484,-3.49067952435893,0.00390138823498437,-0.00281965349424035,0.00147218413088133,0.000332290031289581,0.00460246719259347,9.07524591184483,-2.83668164115625,-0.036696219467558,0.11019776025023,16.485118720766
98,0.0972829437176963,NA,0.485928537577508,-0.574062074542289,0.169645064239695,-0.27919701179171,-3.48633961867374,0.00362237885476318,-0.00287269757076952,0.00129045577774896,0.00040281774577336,0.00433990568519026,7.47532276818674,-2.7524330533879,-0.0387775560284354,0.125509866961693,14.8587368931885
99,0.0931980048720846,NA,0.489280261215444,-0.576973269644157,0.17077915876286,-0.278721435755936,-3.48225467982813,0.00335172363793647,-0.00291119510186825,0.00113409452316517,0.000475576035774661,0.00408493884561168,5.98134498090985,-2.65813876922039,-0.0310376429979442,0.135795748406053,13.329726382949
100,0.0893601952888248,-418.030552752923,0.492370009072357,-0.579908616023761,0.171788696486804,-0.278175239411392,-3.47841687024487,0.0030897478569122,-0.00293534637960462,0.00100953772394424,0.000546196344543769,0.00383780958326007,4.59121253186368,-2.55484257706939,-0.0152417391063864,0.14093085951572,11.8962680863888
101,0.0857614632665515,NA,0.495206745915252,-0.582854065459625,0.172709061139487,-0.277564388471108,-3.47481813822259,0.00283673684289507,-0.0029454494358637,0.000920364652682935,0.000610850940283433,0.00359873202227314,3.30255087646947,-2.44364816467169,0.00643186297111242,0.141146845749063,10.5563596690672
102,0.0823935720252145,NA,0.497799681492773,-0.585795962089808,0.173576327292165,-0.276897935670496,-3.47145024698125,0.0025929355775213,-0.00294189663018334,0.000867266152677548,0.000666452800612645,0.00336789124133715,2.11272803767315,-2.32568667115629,0.0315755653446104,0.136971554525189,9.30781238480449
103,0.079248129069255,NA,0.500158229963626,-0.588721130026255,0.174424543769001,-0.276187155240656,-3.4683048040253,0.00235854847085287,-0.00292516793644672,0.000848216476836015,0.000710780429839407,0.00314544295595928,1.01887052551319,-2.2020858631322,0.0577380882305079,0.129154741443926,8.14824772589873
104,0.0763166158992878,NA,0.502291969281317,-0.59161695152071,0.175283366331799,-0.275444628506643,-3.46537329085533,0.0021337393176916,-0.00289582149445522,0.000858822562798637,0.000742526734013557,0.00293151316996738,0.0178792834049091,-2.07394232290881,0.0825994681008524,0.118586548296662,7.07509572237086
105,0.0735904180593265,NA,0.504210600716702,-0.594471433637333,0.176176181563146,-0.274683351873955,-3.46264709301537,0.00191863143538428,-0.0028544821166226,0.000892815231347037,0.000761276632687306,0.00272619783996146,-0.893553441301265,-1.9422980130912,0.104124038102782,0.10621543083289,6.08559645968398
106,0.0710608554519165,NA,0.5059239087117,-0.597273262152406,0.17711882064254,-0.273915928981816,-3.46011753040796,0.00171330799499844,-0.00280182851507314,0.000942639079393612,0.000767422892139422,0.00252956260741005,-1.71892556011244,-1.80812221969973,0.120682398687677,0.0929717089093174,5.17680596601622
107,0.0687192127914034,NA,0.50744172127465,-0.600011842192991,0.178118913861513,-0.273153895743605,-3.45777588774744,0.00151781256294989,-0.00273858004058457,0.00100009321897355,0.000762033238211129,0.00234164266051334,-2.46190444102012,-1.67229949454395,0.131135902847745,0.0797017690956636,4.34560737403444
108,0.0665567700045653,NA,0.508773871146307,-0.602677325898124,0.179175888062664,-0.272407211578258,-3.45561344496061,0.00133214987165641,-0.00266548370513366,0.00105697420115084,0.000746684165347125,0.00216244278683792,-3.12630381642975,-1.53562384070938,0.134880349378363,0.0671167344989954,3.58872759761653
109,0.0645648323319428,NA,0.509930157982895,-0.605260628091596,0.180281563108398,-0.271683933827874,-3.45362150728798,0.00115628683658803,-0.00258330219347151,0.00110567504573354,0.000723277750383806,0.00199193767262248,-3.71605828831889,-1.39879898370054,0.131848476598861,0.0557578266580094,2.90275942859353
110,0.0651838346208133,-417.82873330004,0.510920311815441,-0.607753431538098,0.181421263462576,-0.270990076400833,-3.45179143479377,0.000990153832546777,-0.0024928034465021,0.00113970035417835,0.000693857427040655,0.00183007249421402,-4.2351956881248,-1.2624440739728,0.122473977626214,0.0459792227047728,2.28418849928858
111,0.0660174808574377,NA,0.511753958052066,-0.610148183781315,0.182575329481787,-0.270329639219116,-3.45011467096106,0.000833646236624388,-0.00239475224321674,0.0011540660192107,0.000660437181717234,0.0016767638327097,-4.68780764322219,-1.12710383291414,0.107622252016881,0.0379478370859943,1.72942418600996
112,0.0667041070948282,NA,0.512440584289456,-0.612438087811285,0.183720891814575,-0.269704783172962,-3.44858277003512,0.000686626237390461,-0.00228990402996994,0.00114556233278775,0.000624856046154311,0.00153190092594068,-5.07801892410953,-0.993261900816833,0.0884951680291124,0.0316580820935997,1.23483325239704
113,0.067253031995547,NA,0.512989509190175,-0.614617088863408,0.184833762212558,-0.269116116591922,-3.4471874227816,0.000548924900718814,-0.0021790010521232,0.0011128703979832,0.000588666581039324,0.00139534725351709,-5.40995628227847,-0.861355934489438,0.066518477410682,0.0269587889079048,0.796774830860159
114,0.0676733764694485,NA,0.513409853664077,-0.616679859531563,0.185890295191116,-0.268563054149548,-3.44592048034914,0.00042034447390153,-0.00206277066815491,0.00105653297855785,0.000553062442374042,0.0012669424324649,-5.68771750522501,-0.731793061277131,0.0432213016665628,0.0235887665667178,0.411635269301769
115,0.0679740373682695,NA,0.513710514562898,-0.61862178509368,0.186869086427983,-0.268044207704318,-3.44477397596599,0.000300660898820952,-0.00194192556211745,0.000978791236866997,0.000518846445230669,0.00114650438314289,-5.91534161458185,-0.604964301942346,0.0201169228830622,0.0212171414659679,0.075861311756853
116,0.0681636638646901,NA,0.513900141059318,-0.620438950531209,0.187752394311677,-0.267557770704355,-3.44374014425548,0.000189626496420607,-0.00181716543752914,0.000883307883694122,0.000486436999963085,0.00103383171051859,-6.09678100772726,-0.481256749367276,-0.0014064852393858,0.0194845245005126,-0.214009749015531
117,0.0682506366411093,NA,0.513987113835737,-0.622128130237884,0.188527198694331,-0.26710186283979,-3.44281143802156,8.69727764192451e-05,-0.00168917970667508,0.00077480438265455,0.000455907864564614,0.000928706233919776,-6.23587636198408,-0.361062731144557,-0.0201778561859101,0.0180414980377464,-0.461324168554711
118,0.068243049961499,NA,0.513979527156127,-0.623686780861176,0.189185843256354,-0.266674809027547,-3.4419805424307,-7.58667961026478e-06,-0.00155865062329129,0.000658644562023054,0.00042705381224266,0.000830895590855548,-6.33633497159281,-0.244785182985652,-0.0353124073626532,0.0165813793273628,-0.669291027293184
119,0.0681486966448723,NA,0.5138851738395,-0.625113037184393,0.189726242379942,-0.266275335715589,-3.44124038659246,-9.43533166266256e-05,-0.00142625632321703,0.000540399123587328,0.000399473311958579,0.000740155838241065,-6.40171299778558,-0.132839074922231,-0.0462544329593584,0.0148650070741496,-0.8409672415155
120,0.0679750559036421,-417.83045865594,0.51371153309827,-0.626405710457365,0.190151667254922,-0.265902677018676,-3.44058415261655,-0.000173640741230252,-0.00129267327297225,0.000425424874980082,0.000372658696913122,0.000656233975908734,-6.43540193493664,-0.0256488914374131,-0.0527924066773267,0.0127361829527217,-0.97924857527687
121,0.0677292839595889,NA,0.513465761154217,-0.627564288152035,0.190470156659742,-0.265556592385549,-3.4400052822912,-0.000245771944053222,-0.00115857769467038,0.00031848940482071,0.000346084633126376,0.000578870325351635,-6.44061921775574,0.0763575570772446,-0.0550471543192543,0.0101274309827204,-1.08686640999167
122,0.0674182073046857,NA,0.513154684499314,-0.628588933797538,0.190693623177272,-0.265237305722416,-3.43949748158307,-0.000311076654903102,-0.00102464564550259,0.000223466517529052,0.000319286663133789,0.000507800708126987,-6.42040283878487,0.172758361145497,-0.0534359179482635,0.00705646300502849,-1.16638972428973
123,0.0670483184378297,NA,0.512784795632458,-0.629480485342649,0.190836743926378,-0.264945382392268,-3.43905472320152,-0.000369888866856048,-0.00089155154511135,0.000143120749106152,0.000291923330147812,0.000442758381552837,-6.37760951406108,0.263149051420442,-0.0486167448343622,0.00361465595233312,-1.22023154631279
124,0.0666257738826505,NA,0.512362251077279,-0.630240450418601,0.190915735276748,-0.264681564871989,-3.4386712474943,-0.000422544555179227,-0.000759965075951848,7.89913503702303e-05,0.000263817520278744,0.000383475707214518,-6.31491581316368,0.347155541362554,-0.0414188036756968,-5.05872321809875e-05,-1.25065872339292
125,0.0661563942761454,NA,0.511892871470773,-0.630870996933153,0.190947113120358,-0.264446589875557,-3.43834156194998,-0.00046937960650506,-0.000630546514551748,3.13778436097889e-05,0.000234974996432082,0.000329685544325347,-6.23482160904132,0.424447493401203,-0.0327649627251958,-0.00375734771296266,-1.25980386769697
126,0.0656456663122532,NA,0.511382143506881,-0.631374937609214,0.190946534375015,-0.264241009442142,-3.43806043957424,-0.000510727963892223,-0.000503940676060907,-5.78745342847634e-07,0.000205580433415239,0.000281122375736037,-6.13965520074089,0.494751128599091,-0.0235931912584419,-0.00731216402982682,-1.24967831538925
127,0.0650987463283604,NA,0.510835223522988,-0.631755707374187,0.190927802531206,-0.264065036066051,-3.43782291638559,-0.000546919983892731,-0.000380769764972952,-1.87318438091227e-05,0.000175973376090308,0.000237523188655414,-6.03157943601218,0.557860547019118,-0.0147829160823676,-0.0105321419141546,-1.22218497324411
128,0.0645204653331902,NA,0.510256942527818,-0.632017332889381,0.190902101550538,-0.263918427765565,-3.43762428824122,-0.000578280995170205,-0.000261625515194444,-2.5700980667501e-05,0.000146608300486416,0.000198628144364498,-5.91259832503965,0.613646726606021,-0.00709172695678717,-0.0132641127947863,-1.1791300130426
129,0.063915335290617,NA,0.509651812485245,-0.63216439394074,0.19087750006146,-0.26380042359218,-3.43746010716401,-0.000605130042573265,-0.000147061051358635,-2.46014890786338e-05,0.000118004173385283,0.00016418107721211,-5.784563673501,0.662063637264509,-0.00110664529984206,-0.0153992175455642,-1.12223277596968
130,0.0632875564924479,-417.808231714171,0.509024033687076,-0.632201976884354,0.190858743559739,-0.263709734117655,-3.43732617729509,-0.000627778798169138,-3.7582943614561e-05,-1.87565017204706e-05,9.06894745247136e-05,0.000133929868918145,-5.64918146608306,0.703150950016607,0.00278726190572343,-0.0168819036616696,-1.05313324581857
131,0.0626410258732073,NA,0.508377503067835,-0.632135620785271,0.190847328293019,-0.263644585413296,-3.43721855055237,-0.000646530619240541,6.63560990836787e-05,-1.14152667199517e-05,6.51487043586629e-05,0.0001076267427226,-5.50801778558707,0.737033303153112,0.00441974577825022,-0.0177128333689325,-0.973396953440897
132,0.0619793461393577,NA,0.507715823333986,-0.631971257303543,0.190841828547228,-0.263602809569484,-3.43713352203213,-0.000661679733849604,0.000164363481727756,-5.49974579117853e-06,4.17758438127333e-05,8.50285202376239e-05,-5.36250419429507,0.763916122537012,0.0038300566984617,-0.017945852732737,-0.884517201598101
133,0.0613058356020951,NA,0.507042312796723,-0.631715145719909,0.190838430809257,-0.263581970459047,-3.43706762515629,-0.000673510537262619,0.000256111583634136,-3.3977379712334e-06,2.08391104366129e-05,6.58968758456416e-05,-5.21394265376784,0.784078358151419,0.00124522273381444,-0.0176798107531795,-0.787914968896075
134,0.060623538618345,NA,0.506360015812973,-0.631373804737586,0.19083161511653,-0.263579510396431,-3.43701762653935,-0.000682296983750098,0.00034134098232261,-6.81569272645291e-06,2.46006261606466e-06,4.99986169394227e-05,-5.06350997284244,0.797862664967397,-0.00295500683478167,-0.017046279481292,-0.684936788388768
135,0.0599352365537931,NA,0.505671713748421,-0.63095394283267,0.190814916384763,-0.263592901975582,-3.43698052053241,-0.000688302064551957,0.000419861904916115,-1.66987317672678e-05,-1.3391579151026e-05,3.71060069348029e-05,-4.91226212716356,0.80566370456836,-0.00828276085940161,-0.0161947241394955,-0.576851275013723
136,0.0592434591900369,NA,0.504979936384665,-0.630462388948628,0.190781697058559,-0.263619789593365,-3.43695352339357,-0.000691777363756097,0.000491553884042081,-3.32193262045711e-05,-2.68876177832973e-05,2.69971388400127e-05,-4.76113846104909,0.807915332075027,-0.0141917581686357,-0.0152766966721174,-0.464844873704351
137,0.0585504965003073,NA,0.504286973694935,-0.629906025248512,0.190725866605558,-0.263658106957083,-3.43693406703679,-0.000692962689729662,0.000556363700116182,-5.58304530002375e-05,-3.83173637172632e-05,1.94563567783591e-05,-4.61096612298206,0.805077429504308,-0.0201277362066321,-0.0144307085747641,-0.350017531900448
138,0.0578584107187502,NA,0.503594887913378,-0.629291723450094,0.190642492715064,-0.263706159868699,-3.43691979232233,-0.000692085781557132,0.000614301798417741,-8.33738904943075e-05,-4.80529116168572e-05,1.42747144646218e-05,-4.4624648376157,0.797623207517972,-0.0255752735256465,-0.013769167708233,-0.233378908092163
139,0.0571690486255118,NA,0.50290552582014,-0.628626286022629,0.190528262047977,-0.263762667578372,-3.43690854187025,-0.000689362093238479,0.000665437427465512,-0.000114230667087197,-5.65077096727214e-05,1.12504520800075e-05,-4.31625222574894,0.786027501362696,-0.0300976063272174,-0.0133686398839927,-0.115845707000517
140,0.056484053965669,-417.772830881111,0.502220531160297,-0.627916393203558,0.190381764121285,-0.263826760410501,-3.43689835240138,-0.000684994659842718,0.000709892819070756,-0.00014649792669169,-6.40928321283944e-05,1.01894688706205e-05,-4.17284977402232,0.77075672322735,-0.0333665605012357,-0.0132641520167454,0.00175947548086697
141,0.0558048799158363,NA,0.501541357110464,-0.627168556453873,0.190203588635426,-0.263897935805573,-3.43688744663502,-0.00067917404983273,0.000747836749684326,-0.000178175485859378,-7.1175395072383e-05,1.09057663545301e-05,-4.03268946740809,0.752260778540403,-0.035180952409064,-0.0134478875679633,0.118707515071037
142,0.0551328015082423,NA,0.50086927870287,-0.62638907863819,0.189996242832043,-0.263975979035704,-3.43687422479766,-0.000672078407594015,0.000779477815683741,-0.000207345803383058,-7.80432301315574e-05,1.32218373618974e-05,-3.89612108392612,0.730967074105138,-0.035472878607834,-0.0138722612064157,0.234360231843311
143,0.0544689279203701,NA,0.500205405114998,-0.625584020882107,0.189763910063469,-0.264060858057226,-3.43685725581899,-0.000663873587872277,0.000805057756083097,-0.000232332768574052,-8.48790215218996e-05,1.69689786727698e-05,-3.76342000777186,0.707276793150413,-0.0343023015147992,-0.0144567434290366,0.348166032040353
144,0.053814214538845,NA,0.499550691733473,-0.624759175787164,0.189512082464006,-0.264152604231209,-3.43683526830891,-0.000654713381525057,0.000824845094942142,-0.000251827599462781,-9.17461739824206e-05,2.19875100829452e-05,-3.63479540851586,0.681563175248812,-0.0318413532340855,-0.015097709820111,0.459653966800033
145,0.0531694747097771,NA,0.498905951904405,-0.623920046461494,0.189247108618412,-0.264251191607156,-3.43680714142158,-0.000644739829067872,0.000839129325670133,-0.000264973845593553,-9.85873759469341e-05,2.81268873230615e-05,-3.5103985828755,0.654171583960306,-0.0283505625020553,-0.0156801576167709,0.568426448808168
146,0.0525353910956273,NA,0.498271868290255,-0.623071830658502,0.188975701232022,-0.264356427168267,-3.43677189571599,-0.000634083614149858,0.000848215802992086,-0.000271407386390382,-0.000105235561111726,3.5245705595501e-05,-3.39033114983067,0.625421074573751,-0.0241495570207917,-0.0160900839318856,0.674151215775964
147,0.0519125265685099,NA,0.497649003763138,-0.622219409237483,0.188704449562071,-0.264467862960396,-3.43672868412102,-0.000622864527117387,0.000852421421019381,-0.000271251669951364,-0.00011143579212833,4.32115949681699e-05,-3.27465292627949,0.595606932165538,-0.0195853436935067,-0.0162263160063958,0.776552841443845
148,0.0513013345832647,NA,0.497037811777893,-0.621367338140913,0.188439377505791,-0.264584738527872,-3.43667678310467,-0.000611191985245124,0.000852071096569843,-0.000265072056279062,-0.000116875567475791,5.19010163542675e-05,-3.16338919844839,0.5650038008298,-0.0150009435628817,-0.0160106611701849,0.875404320481721
149,0.0507021689887779,NA,0.496438646183406,-0.620519843125105,0.188185581097916,-0.264705958879381,-3.4366155841315,-0.000599165594486867,0.000847495015807975,-0.000253796407875671,-0.000121220351508906,6.1198973168627e-05,-3.05653720999999,0.533868984575747,-0.0107070849253432,-0.0153954954384972,0.970519211023202
150,0.0501152932514688,-417.745628613264,0.495851770446097,-0.619680816586423,0.187946969665314,-0.264830109604186,-3.43654458547553,-0.000586875737309095,0.000839026538682171,-0.000238611432602214,-0.000124150724805686,7.09986559715057e-05,-2.95407177475226,0.502445454912959,-0.00695913513482083,-0.0143681597819523,1.0617445667549
151,0.0495408890811682,NA,0.495277366275796,-0.618853815952097,0.187726124018189,-0.264955507114411,-3.43646338443393,-0.00057440417030056,0.000827000634326003,-0.000220845647124378,-0.00012539751022435,8.12010415951117e-05,-2.85594988497451,0.470964359351456,-0.0039408206475855,-0.0129518645053395,1.14895503088519
152,0.0489790644641149,NA,0.494715541658743,-0.618042063267914,0.187524273899206,-0.265080278703733,-3.43637166996608,-0.000561824617053349,0.00081175268418278,-0.000201850118983238,-0.000124771589322102,9.17144678466825e-05,-2.76211435561891,0.439646714198716,-0.00175554873749206,-0.0112031955268321,1.23204817384703
153,0.0484298611207318,NA,0.49416633831536,-0.617248445780176,0.187341386368994,-0.265202464396509,-3.43626921576173,-0.000549203343383019,0.000793617487738386,-0.000182887530211682,-0.000122185692776744,0.000102454204349588,-2.67249653973067,0.408704183314512,-0.0004254803798176,-0.00920654940728127,1.31094114351527
154,0.0478932614160421,NA,0.49362973861067,-0.616475517454364,0.187176347909199,-0.265320130710245,-3.43615587372364,-0.000536599704689781,0.000772928325811512,-0.000165038459795267,-0.000117666313735385,0.000113342038095482,-2.58701823270258,0.378338993414218,0.000102294848147721,-0.00706615310264169,1.3855685949693
155,0.0473691947575817,NA,0.49310567195221,-0.615725501515792,0.187027216185784,-0.265431485650991,-3.4360315678361,-0.000524066658460412,0.000750015938572024,-0.00014913172341453,-0.000111354940745991,0.000124305887541174,-2.50559292567232,0.348742927940293,-5.64727997698355e-05,-0.00489656144964101,1.45588167299593
156,0.0468575435198432,NA,0.492594020714471,-0.61500029418592,0.186891513417371,-0.265534984358483,-3.43589628838023,-0.00051165123773852,0.000725207329871887,-0.00013570276841357,-0.000103498707491975,0.000135279455870124,-2.42812655983471,0.320095693382427,-0.000739754568712669,-0.00281245604583091,1.52184789783405
157,0.046693411495224,NA,0.492094625729943,-0.614301469855022,0.186766531968378,-0.265629416057997,-3.43575008645126,-0.000499394984527828,0.000698824330897849,-0.000124981448993229,-9.44316995142752e-05,0.000146201928962911,-2.3545179658413,0.292562758659187,-0.00175837897131714,-0.000918861360332812,1.58345166596519
158,0.0465363937765448,NA,0.491607291384284,-0.613630287944763,0.186649624227177,-0.265713964929758,-3.43559306873259,-0.000487334345659424,0.000671181910259485,-0.000116907741200583,-8.45488717612308e-05,0.000157017718678988,-2.28465921338739,0.266292996116135,-0.00291578203359677,0.000697440327712684,1.64069506240594
159,0.0463687175285812,NA,0.491131790349796,-0.612987701694152,0.18653845268009,-0.265788240099561,-3.43542539248462,-0.000475501034488013,0.000642586250611005,-0.000111171547087237,-7.42751698023073e-05,0.000167676247963766,-2.21843594033544,0.241416338440104,-0.00402652858610963,0.00197453971395589,1.69359871392771
160,0.0461905857569231,-417.728470477274,0.490667867984901,-0.612374369051487,0.186431181670136,-0.265852272949339,-3.43524726071296,-0.000463922364895074,0.000613332642664511,-0.000107271009953527,-6.40328497786332e-05,0.000178131771657926,-2.15572787624296,0.218041666357749,-0.00493213292429573,0.00287950683741656,1.74220248879919
161,0.0460022425343434,NA,0.490215246421473,-0.611790665769076,0.18632659928,-0.26590648295797,-3.43505891749038,-0.000452621563427673,0.000583703282411597,-0.000104582390136304,-5.42100086312857e-05,0.000188343222579652,-2.09640955404211,0.196255183482208,-0.00551287996586325,0.00340974452228693,1.7865657287075
162,0.0458039684608122,NA,0.489773628354967,-0.611236700696885,0.18622416506685,-0.265951616004883,-3.43486064341685,-0.000441618066506001,0.000553965072190943,-0.000102434213149656,-4.51330469125701e-05,0.000198274073531334,-2.04035130877855,0.176119418142662,-0.00569502390135312,0.00359165142072015,1.82676702877416
163,0.0455960762573069,NA,0.489342700546319,-0.61071233316847,0.186123986516007,-0.265988661484251,-3.43465275121335,-0.00043092780864822,0.000524367528414679,-0.000100178550843417,-3.70454793678849e-05,0.000207892203505455,-1.98742053726164,0.157672915293006,-0.00545307841548492,0.00347669754319213,1.86290336444017
164,0.045378906499097,NA,0.488922137039901,-0.61021719226691,0.186026733309555,-0.266018756165608,-3.43443558145514,-0.000420563506417617,0.000495140901560152,-9.7253206451657e-05,-3.00946813572829e-05,0.000217169758210054,-1.93748317144582,0.140930685574858,-0.00480746734865534,0.00313552504849213,1.89508862604271
165,0.0451528235021459,NA,0.48851160209924,-0.609750697663083,0.185933503494565,-0.266043083592092,-3.43420949845819,-0.000410534940661783,0.000466494603827113,-9.32298149905268e-05,-2.43274264832996e-05,0.000226082996951087,-1.89040525754081,0.125885394481884,-0.0038180911587915,0.00265065693838551,1.92345163611662
166,0.0449182113820896,NA,0.488110752860692,-0.609312081648277,0.1858456587542,-0.266062777842141,-3.43397488633813,-0.00040084923854792,0.000438616014806446,-8.78447403648098e-05,-1.9694250049347e-05,0.000234612120056128,-1.84605458855458,0.112509172822683,-0.00257487556609703,0.00210852817872365,1.94813374889691
167,0.0446754703091106,NA,0.487719241706306,-0.608900411929737,0.185764647367407,-0.266078839654631,-3.43373214526515,-0.000391511154385397,0.000411669718539534,-8.10113867932776e-05,-1.60618124900323e-05,0.00024274107297907,-1.80430224475003,0.100755969469901,-0.00118637331070204,0.00159164528668043,1.96928612979264
168,0.0444250129815096,NA,0.487336718359504,-0.608514614735356,0.18569183297665,-0.266092071485496,-3.43348168793755,-0.000382523346801905,0.000385797194381006,-7.28143907568251e-05,-1.32318308651545e-05,0.000250457327600771,-1.76502395163425,0.09056426904408,0.000232342358685855,0.00117150193545967,1.9870669757438
169,0.0441672613390032,NA,0.486962831711242,-0.608153497779085,0.185628345050034,-0.266103035977732,-3.43322393629504,-0.000373886648262053,0.00036111695627132,-6.34879266158378e-05,-1.09644922358543e-05,0.000257751642506527,-1.72810114975164,0.0818600028651417,0.00157121803567861,0.000902960550774878,2.00163876058923
170,0.0439026435320669,-417.715876567435,0.486597231388881,-0.607815772663989,0.185574963559673,-0.266112040038631,-3.43295931848811,-0.00036560032236143,0.000337725115095694,-5.33814903609975e-05,-9.00406089958105e-06,0.000264617806936344,-1.69342172569031,0.0745595190210224,0.0027352746201359,0.000820435843706946,2.01316569928167
171,0.0436315911574638,NA,0.486239569085102,-0.607500076350591,0.185532045992936,-0.266119144293277,-3.4326882661135,-0.000357662303779071,0.000315696313398027,-4.29175667367498e-05,-7.10425464529901e-06,0.000271052374603179,-1.66088035200573,0.0685724336335625,0.00365226583198819,0.000936166770770797,2.02181154861591
172,0.0433545367630246,NA,0.485889499668901,-0.607204991385081,0.185499500119947,-0.266124195373112,-3.43241121171907,-0.000350069416200764,0.000295084965509619,-3.25458729892085e-05,-5.05107983564825e-06,0.000277054394439176,-1.63037844060909,0.0638042325817878,0.0042775025121955,0.00124064001738589,2.02773782859822
173,0.0430719116174729,NA,0.485546682104832,-0.606929064655802,0.185476801222402,-0.266126876602744,-3.43212858657351,-0.000342817564069024,0.000275926729279543,-2.2698897545332e-05,-2.68122963176712e-06,0.000282625145551677,-1.6018237232629,0.0601585452386644,0.00459557611520722,0.00170494502071961,2.03110251163707
174,0.0427841437342238,NA,0.485210780209109,-0.606670824531574,0.185463048342574,-0.266126771212036,-3.43184081869026,-0.000335901895723386,0.000258240124228127,-1.37528798278147e-05,1.05390708401433e-07,0.00028776788324925,-1.57512954501726,0.0575389810819615,0.00461912804894382,0.00228476949359901,2.03205918694493
175,0.0424916561321913,NA,0.484881463272933,-0.606428796299107,0.185457050873734,-0.266123431372829,-3.43154833108823,-0.000329316936175688,0.000242028232466531,-5.99746884037111e-06,3.33983920716707e-06,0.000292487602032535,-1.55021390298771,0.0558506224024313,0.00438507470335026,0.00292557785996905,2.03075667116082
176,0.042194865312339,NA,0.484558406582717,-0.606201515901469,0.185457434624886,-0.266116446221264,-3.43125154026838,-0.000323056690215672,0.000227280397638219,3.8375115252974e-07,6.98515156455881e-06,0.000296790819852559,-1.52699837087766,0.0550010099686915,0.00394884295928932,0.00356840075710352,2.02733899243412
177,0.0418941799261443,NA,0.484241291865297,-0.605987542026121,0.185462755528248,-0.26610550252994,-3.43095085488218,-0.000317114717419806,0.000213973875347334,5.32090336213368e-06,1.09436913237844e-05,0.000300685386194642,-1.50540696722601,0.0549008200323442,0.00337734434197046,0.00415566091760411,2.02194565815716
178,0.0415899996115798,NA,0.483929807682514,-0.605785466636691,0.185471609489945,-0.266090432702769,-3.43064667456762,-0.00031148418278364,0.000202075389430643,8.85396169702599e-06,1.50698271718245e-05,0.000304180314564442,-1.48536510380382,0.0554642167571728,0.00274152739621059,0.00463654089344345,2.01471209379633
179,0.0412827139729153,NA,0.483623649795581,-0.6055939240713,0.185482728254279,-0.266071246292233,-3.43033938892896,-0.000306157886932424,0.000191542565391346,1.11187643333409e-05,1.91864105354753e-05,0.000307285638664586,-1.46679864712951,0.0566089647691115,0.00210923758459103,0.00497135488330969,2.00577017380965
180,0.0409727016828474,-417.704789078814,0.483322521514017,-0.605411598843144,0.185495053435115,-0.266048142929054,-3.43002937663889,-0.000301128281564042,0.000182325228155456,1.2325180836725e-05,2.3103363179382e-05,0.000310012290067671,-1.4496332124736,0.0582563876605491,0.00153908047195728,0.00513467000473611,1.99524874801682
181,0.0406603296896195,NA,0.483026134038924,-0.605237232273501,0.185507783644469,-0.26602150647185,-3.42971700464566,-0.000296387475093077,0.000174366569642984,1.27302093540208e-05,2.66364572035671e-05,0.000312371993227651,-1.43379367727903,0.0603312810198986,0.00107574521734932,0.00511685755100189,1.98327403097665
182,0.0403459525158283,NA,0.482734206804279,-0.605069628084833,0.185520392808698,-0.265991881922568,-3.42940262747187,-0.000291927234645397,0.000167604188667804,1.26091642286992e-05,2.96245492819114e-05,0.000314377173791078,-1.41920400608342,0.0627617657755764,0.000747193666938983,0.00492410151764489,1.96996984016096
183,0.0400299116396114,NA,0.48244646781608,-0.604907657059936,0.18553262067037,-0.265959938135305,-3.42908658659565,-0.000287738988198603,0.000161971024897682,1.22278616719727e-05,3.19437872631036e-05,0.000316040876216668,-1.40578727837237,0.0654792023624395,0.000563711637369124,0.00457697353795083,1.95545766530358
184,0.0397125349527787,NA,0.482162653984504,-0.604750260841784,0.18554443930205,-0.265926420525229,-3.42876920990882,-0.00028381383157618,0.000157396218151356,1.18186316803637e-05,3.35176100760371e-05,0.000317376686832727,-1.39346598928114,0.0684182356280871,0.000518918454872619,0.00410774305237283,1.93985655641882
185,0.0393941362954657,NA,0.48188251144192,-0.604596454943735,0.185556001263596,-0.265892098679649,-3.42845081125151,-0.000280142542584316,0.000153805898049401,1.15619615451218e-05,3.43218455798753e-05,0.000318398657312941,-1.38216250434198,0.0715168260967403,0.000592198716731218,0.00355677116203879,1.92328274238207
186,0.0390750150672909,NA,0.481605795838101,-0.604445330997452,0.185567576586624,-0.265857713917333,-3.42813169002333,-0.000276715603819023,0.000151123946283401,1.15753230281661e-05,3.43847623160095e-05,0.000319121228174633,-1.37179963417111,0.0747164972381142,0.000752476125853718,0.0029684281344089,1.90584923416282
187,0.0387554559185888,NA,0.481332272603082,-0.604296058271034,0.185579486033871,-0.265823931583687,-3.42781213087463,-0.000273523235018893,0.000149272726417133,1.19094472475182e-05,3.37823336457125e-05,0.000319559148702153,-1.36230129783144,0.0779625321456479,0.000962553485805984,0.002386881305938,1.88766521887374
188,0.0384357285242158,NA,0.481061717169982,-0.604147884462224,0.185592037854562,-0.265791302118203,-3.42749240348026,-0.000270555433100295,0.000148173808810297,1.25518206911953e-05,3.26294654842237e-05,0.000319727394372936,-1.35359312139371,0.0812043151654507,0.00118370280688396,0.0018522041500546,1.8688355072527
189,0.0381160874429547,NA,0.480793915151265,-0.604000135776063,0.185605474253324,-0.265760233866527,-3.427172762399,-0.000267802018716223,0.000147748686161553,1.34363987619889e-05,3.10682516757639e-05,0.000319641081260984,-1.34560300296016,0.0843956382823308,0.00137997801630263,0.00139713279168063,1.8494599441965
190,0.0377967720634578,-417.694779708775,0.480528662464376,-0.6038522162967,0.185619932095282,-0.265730979373212,-3.4268534470195,-0.000265252686889814,0.000147919479362954,1.4457841957576e-05,2.9254493315676e-05,0.00031931537949674,-1.33826156513805,0.0874949955687043,0.00152174152390216,0.00104469393136242,1.82963293468674
191,0.0374780066359786,NA,0.480265765405677,-0.60370360666933,0.185635420627752,-0.265703635458598,-3.42653468159202,-0.000262897058698788,0.000148609627369554,1.54885324702723e-05,2.7343914613907e-05,0.000318765427479341,-1.33150245119396,0.0904658298850336,0.00158828299845482,0.000806958269095048,1.8094430720339
192,0.0371600003870709,NA,0.480005040674502,-0.603553862119323,0.185651816853852,-0.265678156152385,-3.42621667534311,-0.000260724731174832,0.000149744550007013,1.63962260993585e-05,2.5479306213093e-05,0.000318006248907846,-1.32526246204634,0.0932767005679125,0.00156917735694151,0.00068484325765894,1.78897289799806
193,0.036842947711873,NA,0.479746315351015,-0.603402609854551,0.185668877323062,-0.265654376416138,-3.42589962266791,-0.000258725323487079,0.000151252264772222,1.70604692101745e-05,2.37797362464434e-05,0.000317052675197998,-1.31948157275019,0.0959013203782888,0.00146445017890073,0.000668969164507871,1.76829883343999
194,0.0365270284367178,NA,0.47948942683429,-0.603249545901828,0.185686263527648,-0.265632043688802,-3.42558370339276,-0.000256888516724676,0.000153063952723081,1.73862045858339e-05,2.23327273364445e-05,0.000315919275155091,-1.31410277788291,0.0983185367431361,0.0012836466112276,0.000741435997042572,1.74749124994378
195,0.0362124081431574,NA,0.479234222747589,-0.603094431446889,0.185703576839913,-0.26561085381739,-3.4252690830992,-0.000255204086701382,0.000155114454938643,1.73133122650918e-05,2.11898714122447e-05,0.000314620293560484,-1.30907187269713,0.100512174867617,0.00104393393485225,0.000878215473676391,1.72661467786384
196,0.0358992385435579,NA,0.478980560818837,-0.602937088755269,0.185720398346096,-0.265590487734198,-3.4249559134996,-0.000253661928751801,0.000157342691620376,1.68215061833366e-05,2.03660831914426e-05,0.000313169599599273,-1.30433714275568,0.102470797287424,0.000767611254559597,0.00105195567812189,1.70572811498459
197,0.0355876578984966,NA,0.478728308743178,-0.602777396762331,0.185736328743246,-0.265570645498323,-3.42464433285454,-0.000252252075658666,0.000159691992937728,1.59303971502949e-05,1.98422358750534e-05,0.000311580645061489,-1.29984907914604,0.104187359397656,0.000479250843454793,0.0012348209565971,1.68488538122347
198,0.0352777914660116,NA,0.4784773440344,-0.602615286418784,0.185751023948173,-0.265551074749568,-3.42433446642205,-0.000250964708778585,0.000162110343546474,1.46952049266117e-05,1.95707487551553e-05,0.000309866432484932,-1.29556006527309,0.105658832012523,0.000202895193979202,0.00140119936986594,1.66413553188249
199,0.0349697519741041,NA,0.478227553869562,-0.602450735876164,0.185764222843321,-0.265531591429534,-3.42402642693014,-0.000249790164838021,0.000164550542620358,1.31988951476777e-05,1.94833200341543e-05,0.000308039491907349,-1.29142416938066,0.106885792092726,-4.04753563998383e-05,0.00152992924995488,1.6435232424783
200,0.0346636401091391,-417.685936292433,0.477978834929675,-0.602283765599868,0.185775764812819,-0.265512091502068,-3.42372031506518,-0.000248718939887079,0.000166970276296561,1.15419694978397e-05,1.94999274657463e-05,0.000306111864965098,-1.28739699960079,0.107871954355687,-0.000234874732996104,0.00160592946940596,1.62308916230813
201,0.0343595450144263,NA,0.477731093237156,-0.602114433482845,0.185785595910522,-0.265492553358827,-3.42341621997047,-0.00024774169251849,0.00016933211702248,9.83109770358285e-06,1.95381432409014e-05,0.000304095094712815,-1.28343566245803,0.108623745518344,-0.000370604311683564,0.00162111007284693,1.60287020946726
202,0.0340575447952252,NA,0.477484243988597,-0.601942830024213,0.185793763937334,-0.265473031525606,-3.42311421975127,-0.000246849248559023,0.000171603458632136,8.16802681190928e-06,1.95218332211253e-05,0.000302000219201163,-1.2794988396081,0.109149895592964,-0.00044469061322161,0.00157451950144605,1.58289978003268
203,0.0337577070274593,NA,0.477238211380015,-0.60176907363079,0.185800403811862,-0.265453643055036,-3.4228143819835,-0.000246032608582351,0.000173756393423228,6.63987452824962e-06,1.93884705697168e-05,0.000299837767765924,-1.27554694529408,0.109461036004177,-0.000460602791463316,0.00147180060139362,1.5632079146144
204,0.0334600892693158,NA,0.476992928420422,-0.601593306084811,0.185805715588371,-0.265434548587335,-3.42251676422536,-0.000245282959592578,0.000175767545978729,5.31177650823474e-06,1.90944677017251e-05,0.000297617758143316,-1.27154237020477,0.109569356823158,-0.000427281747761299,0.00132405034491967,1.54382136940967
205,0.0331647395756596,NA,0.476748336728807,-0.601415688217628,0.18580993804147,-0.265415930421662,-3.4222214145317,-0.000244591691614745,0.000177617867182674,4.22245309949245e-06,1.86181656729087e-05,0.000295349693656096,-1.2674497838816,0.10948826513868,-0.000357687781615823,0.00114624072011793,1.5247636474669
206,0.0328716970156142,NA,0.476504386309652,-0.601236395814897,0.185813321019401,-0.265397970053323,-3.42192837197165,-0.000243950419155288,0.000179292402731637,3.38297793078024e-06,1.7960368338991e-05,0.000293042560045472,-1.26323645645243,0.109232108798096,-0.000267017981059325,0.000955384393819259,1.50605500550682
207,0.0325809921939166,NA,0.476261035302828,-0.60105561577237,0.185816099601377,-0.265380827421824,-3.42163766714996,-0.000243351006823762,0.000180780042526378,2.77858197602607e-06,1.71426314983918e-05,0.000290704821697566,-1.25887256274382,0.108815926864736,-0.000170861653714383,0.000768706058806856,1.48771244425916
208,0.0322926477765724,NA,0.476018249704422,-0.600873542525217,0.185818472657482,-0.265364623871895,-3.42134932273261,-0.000242785598406365,0.0001820732471531,2.37305610551305e-06,1.62035499292012e-05,0.000288344417344104,-1.25433146536125,0.108255171653582,-8.34728552945307e-05,0.000601862666371744,1.46974969993607
209,0.0320066790197702,NA,0.47577600305669,-0.600690374755438,0.185820587740647,-0.265349430175187,-3.42106335397581,-0.000242246647731766,0.000183167769779793,2.11508316474473e-06,1.51936967080368e-05,0.00028596875680241,-1.24958992216762,0.107565526832332,-1.63277036335785e-05,0.000467567247142142,1.4521773209708
210,0.0317230943015372,-417.678212887025,0.475534276107065,-0.600506312392105,0.185822533347083,-0.265335260417521,-3.42077976925758,-0.000241726949625557,0.000184062363332567,1.94560643555394e-06,1.41697576659012e-05,0.000283584718233085,-1.24462820849658,0.106762668110605,2.28601493290626e-05,0.000374569708583294,1.43500271974517
211,0.0314418956540528,NA,0.475293056437456,-0.600321553910743,0.185824338681357,-0.2653220719298,-3.42049857061009,-0.000241219669608819,0.000184758481362267,1.80533427436955e-06,1.31884877214655e-05,0.000281198647484488,-1.23943016603789,0.105862067130147,3.06164338326198e-05,0.000327099201058445,1.41823031412969
212,0.0311630792933073,NA,0.475052338067012,-0.600136293935734,0.185825980299358,-0.265309770746183,-3.42021975424935,-0.000240718370443981,0.000185259975008755,1.64161800047082e-06,1.23011836171717e-05,0.000278816360745543,-1.23398314315182,0.104878808429021,7.71535724197747e-06,0.000324864117828838,1.40186174633072
213,0.0308866361436304,NA,0.474812121032647,-0.599950721152693,0.18582739418317,-0.265298221647305,-3.41994331109967,-0.00024021703436496,0.000185572783041115,1.4138838127848e-06,1.15490988778362e-05,0.000276443149676943,-1.22827785787649,0.103827389921207,-4.13507450502948e-05,0.000363436924999405,1.38589606990536
214,0.0306125523524363,NA,0.474572410952667,-0.599765016530597,0.185828491398042,-0.265287261446421,-3.41966922730848,-0.000239710079980214,0.000185704622095508,1.09721487186008e-06,1.09602008833008e-05,0.000274083791193894,-1.22230818703883,0.102721562598163,-0.000109226334643608,0.000435029505752027,1.37033006808451
215,0.0303408097916988,NA,0.474333218579702,-0.599579351844096,0.185829175256828,-0.265276713899363,-3.41939748474774,-0.000239192372965074,0.000185664686501766,6.83858785481821e-07,1.0547547058798e-05,0.000271742560737591,-1.21607088431119,0.101574225368495,-0.00018678122160054,0.000529584553987661,1.35515852775825
216,0.0300713865425259,NA,0.474094559348348,-0.599393888500691,0.185829357825574,-0.2652664047113,-3.41912806149857,-0.000238659231353461,0.000185463343404348,1.82568746415113e-07,1.03091880622132e-05,0.000269423249172828,-1.20956531361571,0.100397246569628,-0.000264361119661771,0.00063590277932235,1.34037453562996
217,0.029804257359753,NA,0.473856452923699,-0.599208776649012,0.185828973931558,-0.265256175152596,-3.41886093231579,-0.00023810642464944,0.000185111851679337,-3.83894016328536e-07,1.02295587044501e-05,0.000267129182772834,-1.2027931177272,0.0992014446410394,-0.000332948388859222,0.000742840597922623,1.32596975959132
218,0.0295393941137574,NA,0.473618922755853,-0.599024154559672,0.185827991264242,-0.265245893054903,-3.4185960690698,-0.000237530167845834,0.000184622089339902,-9.82667316185238e-07,1.02820976927044e-05,0.000264863245995776,-1.19575791757143,0.0979964966063562,-0.000385153953175177,0.000840398683976673,1.31193472611812
219,0.0292767662082878,NA,0.473381995644684,-0.598840148252773,0.185826415716864,-0.265235460378306,-3.41833344116433,-0.000236927111169254,0.000184006306899012,-1.57554737713159e-06,1.04326765976614e-05,0.000262627905469661,-1.18846503312398,0.0967909494420383,-0.000415940917264379,0.000920555294214864,1.29825902149605
220,0.029016340973238,-417.671500206509,0.47314570131755,-0.598656871348867,0.185824291672591,-0.26522481692689,-3.41807301592928,-0.000236294327133605,0.000183276903905994,-2.12404427292502e-06,1.06434514157346e-05,0.000260425235049892,-1.18092126967895,0.0955922297407596,-0.000423052597398055,0.000977842660176975,1.28493148906728
221,0.0287580840325572,NA,0.472910072022621,-0.598474425117176,0.185821697611658,-0.265213940201504,-3.4178147589886,-0.000235629294928791,0.000182446231690767,-2.59406093383349e-06,1.0876725386349e-05,0.000258256940680861,-1.17313469502278,0.0944066823649337,-0.000407047764383606,0.0010096215419253,1.27194035997036
222,0.0285019596479317,NA,0.472675142138886,-0.598292898685229,0.185818737906248,-0.265202841757807,-3.41755863460397,-0.000234929883734883,0.000181526431947698,-2.95970540941477e-06,1.10984436964986e-05,0.000256124384625335,-1.16511448936762,0.0932396756070375,-0.000371019837075437,0.00101605280633521,1.25927335716369
223,0.028247931039628,NA,0.472440947802945,-0.598112369389769,0.185815531990243,-0.265191560811269,-3.41730460599567,-0.000234194335941045,0.000180529295459765,-3.20591600489848e-06,1.12809465381959e-05,0.000254028608303743,-1.15687084303318,0.0920956375694004,-0.000320078470394947,0.000999746703200799,1.2469177534058
224,0.0279959606859439,NA,0.472207526552291,-0.597932903233871,0.185812202373521,-0.265180155963958,-3.41705263564198,-0.00023342125065451,0.000179466155898193,-3.32961672277731e-06,1.14048473112453e-05,0.00025197035368414,-1.1484148751606,0.0909781846303304,-0.000260601495938317,0.000965255821938626,1.23486041786691
225,0.0277460106025784,NA,0.471974916984634,-0.597754555428415,0.185808862947202,-0.265168696063853,-3.41680268555862,-0.000232609567656886,0.000178347805456037,-3.33942631850051e-06,1.14599001044996e-05,0.000249950083365489,-1.13975856322668,0.08989019420369,-0.000199426608560316,0.000918402065508417,1.22308786217218
226,0.0274980426039595,NA,0.47174315843256,-0.597577370996252,0.185805608904246,-0.265157251223922,-3.41655471756,-0.000231758552074409,0.000177184432162632,-3.2540429563725e-06,1.14448399307938e-05,0.000247967998618967,-1.13091468961102,0.0888338871618544,-0.00014304362139228,0.00086552347511315,1.21158623926476
227,0.0272520185469589,NA,0.471512290652562,-0.597401385422181,0.185802509301253,-0.265145884877373,-3.416308693503,-0.000230867779997415,0.00017598557407135,-3.09960299291484e-06,1.13663465490534e-05,0.00024602405700058,-1.1218968046478,0.0878108943425104,-9.6898702395265e-05,0.000812771645541943,1.20034141843917
228,0.027007900557606,NA,0.471282353528799,-0.597226625330705,0.185799602977999,-0.265134647504569,-3.41606457551365,-0.00022993712376304,0.000174760091476267,-2.90632325414819e-06,1.12373728041732e-05,0.000244117989353013,-1.11271912885513,0.0868223372663124,-6.4832192947506e-05,0.000765540448810498,1.18933904730056
229,0.0267656512417052,NA,0.471053386790862,-0.597053109193022,0.185796897983315,-0.265123572592967,-3.41582232619775,-0.000228966737937454,0.000173516137682483,-2.70499468400517e-06,1.10749116023775e-05,0.000242249315900837,-1.10339650802871,0.0858688116522899,-4.88176965518505e-05,0.000727912379261397,1.17856459382892
230,0.0265252338782944,-417.665692878059,0.470825429746889,-0.596880848046292,0.18579437439891,-0.265112674883505,-3.41558190883433,-0.000227957043972473,0.000172261146729923,-2.52358440503753e-06,1.08977094611843e-05,0.000240417363410617,-1.09394426885956,0.0849504698408055,-4.88472551296582e-05,0.000702464149071602,1.16800348848756
231,0.0262866125960222,NA,0.470598521032618,-0.596709846232737,0.185791989939156,-0.26510195090218,-3.41534328755206,-0.000226908714271651,0.000171001813555123,-2.38445975389964e-06,1.07239813257718e-05,0.00023862128227234,-1.08437810752093,0.0840669787294246,-6.31251850791159e-05,0.000690113211021526,1.15764120891981
232,0.0260497525312289,NA,0.470372698377785,-0.596540102148714,0.185789687530122,-0.265091381436501,-3.41510642748727,-0.000225822654832898,0.000169744084022545,-2.30240903361831e-06,1.05694656785315e-05,0.000236860064793258,-1.07471393448577,0.0832175680898217,-8.83966322362539e-05,0.000690228034727625,1.14746343172101
233,0.0258146199669782,NA,0.470147998391456,-0.596371609005842,0.185787403846318,-0.265080935471804,-3.41487129492302,-0.000224699986328602,0.000168493142872653,-2.28368380393201e-06,1.0445964697588e-05,0.000235132564250505,-1.06496770740705,0.0824010191990965,-0.000120447793960921,0.000700873670211877,1.13745616431515
234,0.0255811824525409,NA,0.469924456368063,-0.596204355598327,0.185785077793784,-0.265070575006575,-3.41463785740858,-0.000223542023393158,0.000167253407514619,-2.32605253383437e-06,1.03604652288524e-05,0.000233437514437099,-1.05515524694511,0.0816156949667857,-0.000154651047523657,0.00071916360866453,1.12760586489458
235,0.0253494089026631,NA,0.469702106114977,-0.596038327075195,0.185782657946951,-0.265060260125572,-3.4144060838587,-0.000222350253085811,0.000166028523132009,-2.41984683362992e-06,1.03148810024065e-05,0.000231773549877898,-1.04529209522752,0.0808595484613761,-0.0001865487320174,0.000741680992177862,1.11789957259134
236,0.0251192696769187,NA,0.469480979803308,-0.595873505707128,0.185780108207069,-0.26504995375635,-3.41417594463296,-0.000221126311669108,0.00016482136806727,-2.5497398815864e-06,1.03063692225218e-05,0.000230139225744535,-1.03539332883429,0.0801301797537235,-0.000212334043681039,0.000764904370953445,1.10832498819491
237,0.0248907366391724,NA,0.469261107842452,-0.595709871640846,0.185777411149635,-0.265039625646413,-3.41394741159521,-0.000219871960856144,0.000163634066281561,-2.69705743450808e-06,1.0328109937217e-05,0.000228533037746106,-1.02547342407888,0.0794248802549191,-0.000229251213568205,0.000785585143603384,1.09887056680691
238,0.0246637831983874,NA,0.469042518778479,-0.595547403625631,0.185774568910918,-0.265029255176106,-3.41372045815443,-0.00021858906397281,0.000162468015214875,-2.84223871710003e-06,1.03704703067238e-05,0.000226953440784937,-1.01554614388988,0.0787407242341942,-0.00023579957542097,0.000801094870439556,1.08952554569441
239,0.0244383843320466,NA,0.468825239216136,-0.595386079701822,0.185771601643635,-0.26501883284836,-3.41349505928809,-0.000217279562342675,0.000161323923809055,-2.96726728274196e-06,1.04223277458257e-05,0.000225398866340936,-1.00562444117713,0.0780746393047593,-0.000231839862863126,0.000809624793873809,1.0802799636167
240,0.0242145165935956,-417.660698702247,0.468609293763777,-0.59522587783612,0.185768543984648,-0.265008360426992,-3.41327119154964,-0.000215945452359647,0.000160201865702091,-3.05765898663723e-06,1.04724213679864e-05,0.000223867738450968,-0.99572038777751,0.07742350760509,-0.000218460627365857,0.000810295546216366,1.0711246665096
241,0.0239921581066387,NA,0.468394704999382,-0.595066776494062,0.185765440034068,-0.264997849863184,-3.41304883306268,-0.000214588764395045,0.000159101342058373,-3.10395057988459e-06,1.05105638081184e-05,0.000222358486957157,-0.985845164791499,0.0767842442428446,-0.000197789518097125,0.000803140665084356,1.06205123699965
242,0.0237712885471852,NA,0.468181493456503,-0.594908755133407,0.185762337605711,-0.264987321251932,-3.41282796350323,-0.000213211542878664,0.000158021360654818,-3.1024283569267e-06,1.05286112523015e-05,0.000220869559453259,-0.976009029045599,0.0761539143923073,-0.000172630620909331,0.000789003138379485,1.05305198530914
243,0.0235518891163395,NA,0.467969677628086,-0.594751794612796,0.185759282454435,-0.264976800123292,-3.41260856407238,-0.000211815828416928,0.000156960520611055,-3.05515127609938e-06,1.05211286392402e-05,0.000219399430845828,-0.966221328440042,0.0755298015064909,-0.000146095544550917,0.000769368284636585,1.04411987763342
244,0.0233339425052552,NA,0.467759273985987,-0.594595877511171,0.185756313171892,-0.2649663144633,-3.4123906174613,-0.000210403642099426,0.000155917101625216,-2.96928254368764e-06,1.0485659992548e-05,0.000217946611084202,-0.956490534349541,0.0749094715501997,-0.000121208358905278,0.000746109094507119,1.03524848213965
245,0.0231174328542965,NA,0.467550297014047,-0.594440988357437,0.185753457262852,-0.264955891797412,-3.41217410781034,-0.000208976971939982,0.000154889153733273,-2.85590903977677e-06,1.04226658874347e-05,0.00021650965095857,-0.946824281413683,0.0742908179063306,-0.000100579313766502,0.000721252604307665,1.02643190132312
246,0.0229023457071325,NA,0.467342759253195,-0.594287113768802,0.18575072884588,-0.264945556640341,-3.41195902066317,-0.000207537760851993,0.000153874588635239,-2.72841697208505e-06,1.03351570713897e-05,0.000215087147163839,-0.937229387432126,0.0736721113980821,-8.6093336904014e-05,0.000696746838002582,1.01766475722798
247,0.022688667961233,NA,0.467136671356278,-0.594134242510253,0.185748128053786,-0.264935328557063,-3.41174534291727,-0.000206087896916853,0.000152871258549135,-2.60079209389377e-06,1.02280832782144e-05,0.000213677745899229,-0.927711917597662,0.0730519775515859,-7.87861154094571e-05,0.000674252760290983,1.00894213574065
248,0.0224763878148586,NA,0.466932042151361,-0.593982365482228,0.185745642139172,-0.264925220958695,-3.4115330627709,-0.000204629204916962,0.000151877028025319,-2.48591461346847e-06,1.01075983676262e-05,0.000212280146374577,-0.918277208370455,0.0724293960274736,-7.87571252658381e-05,0.0006550112630066,1.00025959454797
249,0.0222654947114256,NA,0.466728878712425,-0.593831475650522,0.185743247984258,-0.264915240674364,-3.41132216966747,-0.000203163438935864,0.000150889831705601,-2.39415491454151e-06,9.98028433159399e-06,0.000210893103433133,-0.908929887373233,0.0718036602620487,-8.52554649100057e-05,0.000639764152765565,0.991613130167934
250,0.0220559792808199,-417.656431399079,0.466527186435752,-0.593681567930569,0.185740915648122,-0.264905388256118,-3.41111265423686,-0.000201692276672748,0.000149907719952812,-2.33233613535047e-06,9.85241824575907e-06,0.000209515430605685,-0.899673929666278,0.0711743405190646,-9.68179847404826e-05,0.000628735392638191,0.982999208076762
251,0.0218478332777727,NA,0.466326969121856,-0.593532639037243,0.185738612456415,-0.264895658882185,-3.41090450823381,-0.000200217313895992,0.000148928893326462,-2.30319170730839e-06,9.72937393293343e-06,0.00020814600304728,-0.890512644673436,0.0705412463730681,-0.000111497229227098,0.000621683398094319,0.974414766687914
252,0.0216410495174602,NA,0.466128229061644,-0.593384687319315,0.18573630708367,-0.264886043694351,-3.4106977244735,-0.000198740060212416,0.000147951717927632,-2.30537274550916e-06,9.61518783429384e-06,0.000206783760312611,-0.881448721088418,0.0699043431495738,-0.000127143948702724,0.000617984028394858,0.965857218488964
253,0.0214356218077674,NA,0.465930967126463,-0.593237712583956,0.185733973207055,-0.264876531332378,-3.41049229676381,-0.000197261935180657,0.00014697473535894,-2.33387661460566e-06,9.51236197236302e-06,0.000205427709692872,-0.872484230285409,0.0692637303245647,-0.000141644136419927,0.000616777811046632,0.957324486989819
254,0.0212315448789928,NA,0.465735182861468,-0.593091715922637,0.185731592285568,-0.264867109518649,-3.41028821983503,-0.000195784264995045,0.000145996661319331,-2.38092148655863e-06,9.42181372938975e-06,0.000204076928774629,-0.863620642235219,0.0686195869548101,-0.000153189603224746,0.000617066007180256,0.948814978301016
255,0.0210288143108017,NA,0.465540874581273,-0.592946699542035,0.185729155230224,-0.264857766467143,-3.41008548926684,-0.000194308280195435,0.000145016380601699,-2.43705534439939e-06,9.34305150546159e-06,0.000202730568190928,-0.854858865864117,0.0679721517826692,-0.000160451918418403,0.000617873752162268,0.940327598186741
256,0.0208274264572688,NA,0.465348039467643,-0.592802666607821,0.185726662859618,-0.264848491992585,-3.40988410141331,-0.000192835113629628,0.000144032934214002,-2.49237060652284e-06,9.27447455834346e-06,0.000201387853532828,-0.846199256443469,0.0673216800350929,-0.000162695528160839,0.000618352942183265,0.931861717958782
257,0.0206273783704463,NA,0.46515667366824,-0.592659621095217,0.185724125158326,-0.26483927824489,-3.40968405332649,-0.000191365799403138,0.000143045512604171,-2.53770129142956e-06,9.21374769478194e-06,0.000200048086822647,-0.837641659359178,0.0666684678662932,-0.000159827209245123,0.00061785669913661,0.923417156855066
258,0.0204286677237335,NA,0.464966772395496,-0.592517567649064,0.18572155954377,-0.264830120040752,-3.40948534267977,-0.000189901272743891,0.000142053446152808,-2.5656145560433e-06,9.15820413809003e-06,0.000198710646712836,-0.829185454449544,0.0660128347362843,-0.000152340362546965,0.000615984276919335,0.914994120648771
259,0.0202312927358164,NA,0.464778330024506,-0.592376511452311,0.18571898836361,-0.264821014813969,-3.40928796769186,-0.000188442370989853,0.00014105619675369,-2.57118016029815e-06,9.10522678314372e-06,0.000197374987917057,-0.820829613985552,0.065355123979316,-0.000141239979711827,0.000612591293247533,0.906593160152624
260,0.0200352520960272,-417.65280774395,0.464591340189579,-0.592236458093031,0.185716436064321,-0.264811962238421,-3.40909192705207,-0.000186989834927048,0.000140053359279107,-2.5522992882415e-06,9.05257554801845e-06,0.000196040639789348,-0.812572728250416,0.0646957482786092,-0.000127836869978637,0.000607774950367457,0.898215122333568
261,0.0198405448922481,NA,0.464405795878174,-0.592097413432019,0.185713926329471,-0.264802963638742,-3.40889721984829,-0.000185544311405424,0.00013904466101244,-2.50973485031546e-06,8.99859967909405e-06,0.000194707203779143,-0.804413076593846,0.0640351794345406,-0.000113598730422382,0.000601811507294769,0.889861084374388
262,0.0196471705425876,NA,0.464221689520999,-0.591959383469856,0.185711479509464,-0.264794021294398,-3.40870384549863,-0.000184106357174734,0.000138029962162769,-2.44682000693048e-06,8.94234434391919e-06,0.000193374349660293,-0.796348700760063,0.0633739529121158,-9.99744997898233e-05,0.00059509318361961,0.881532278071973
263,0.0194551287307942,NA,0.464039013078284,-0.591822374204663,0.185709110671634,-0.264785137731306,-3.40851180368683,-0.000182676442714397,0.000137009265192813,-2.36883783020835e-06,8.88356309216411e-06,0.000192041811793444,-0.788377424782993,0.062712711610402,-8.81999540069955e-05,0.000588066768614226,0.873230071647413
264,0.0192644193463121,NA,0.463857758120912,-0.591686391487117,0.185706828411882,-0.264776315117119,-3.40832109430235,-0.000181254957372426,0.000135982717546257,-2.28225975170967e-06,8.82261418663442e-06,0.000190709384482357,-0.780496936840791,0.0620521763039505,-7.91902721175575e-05,0.000581150629841432,0.864955905512943
265,0.0190750424294008,NA,0.463677915906384,-0.591551440874444,0.18570463451478,-0.264767554798925,-3.40813171738544,-0.000179842214527795,0.000134950612672857,-2.19389710252929e-06,8.76031819391948e-06,0.000189376916911212,-0.772704815403813,0.0613931376847177,-7.34559080228792e-05,0.000574700038669107,0.856711248502506
266,0.0188869981206339,NA,0.463499477449049,-0.591417527483691,0.185702524424818,-0.264758857048354,-3.40794367307667,-0.00017843845733574,0.000133913390752859,-2.11008996184723e-06,8.69775057098651e-06,0.000188044308766816,-0.764998581530563,0.0607364546567624,-7.10821268512518e-05,0.000568951463719714,0.848497606966703
267,0.0187002866152408,NA,0.463322433584688,-0.591284655848893,0.185700488436643,-0.264750220990782,-3.40775696157128,-0.000177043864360129,0.000132871634798347,-2.03598817537404e-06,8.63605757281044e-06,0.000186711505393176,-0.75737572046819,0.0600830310304445,-7.174037364166e-05,0.000564025981475424,0.840316480434922
268,0.018514908121916,NA,0.463146775029046,-0.59115282979084,0.185698513349927,-0.264741644748662,-3.40757158307796,-0.000175658555642617,0.00013182605805355,-1.97508671531784e-06,8.57624211933769e-06,0.000185378493324867,-0.749833728264093,0.0594337700476899,-7.47917283661081e-05,0.000559896307095187,0.832169357067869
269,0.0183308628253949,NA,0.462972492430839,-0.591022052302354,0.185696584379189,-0.264733125692118,-3.40738753778144,-0.000174282598206976,0.000130777488485507,-1.92897073855353e-06,8.5190565442418e-06,0.000184045296521378,-0.74237011290279,0.0587895539183592,-7.93784238339867e-05,0.000556449322175467,0.824057726731553
270,0.0181481508526118,-417.649749226717,0.462799576419128,-0.590892325452446,0.185694687079546,-0.264724660777095,-3.40720482580865,-0.000172916011710954,0.000129726849907788,-1.89729964252329e-06,8.46491502308167e-06,0.000182711972783035,-0.734982426138231,0.0581512199460121,-8.45409431349253e-05,0.000553493464394705,0.815983071902338
271,0.0179667722416297,NA,0.462628017645681,-0.590763650314631,0.185692809047793,-0.264716246916206,-3.40702344719767,-0.000171558773447127,0.000128675137815098,-1.87803175346221e-06,8.41386088888941e-06,0.000181378610982157,-0.727668258377889,0.0575195258534222,-8.93470541996066e-05,0.00055079226513044,0.80794689040431
272,0.0177867269134713,NA,0.46245780682201,-0.590636026922884,0.185690941184023,-0.264707881304745,-3.40684340186951,-0.000170210823671165,0.000127623391747266,-1.86786376992395e-06,8.36561146080537e-06,0.000180045328158261,-0.720425276199421,0.0568951219293012,-9.30180021896376e-05,0.00054811721383885,0.799950675514083
273,0.0176080146464228,NA,0.462288934751925,-0.590509454254492,0.185689078470676,-0.264699561675441,-3.40666468960246,-0.000168872070084526,0.000126572668392484,-1.86271334679079e-06,8.31962930455658e-06,0.000178712267048246,-0.713251206434506,0.0562785425017864,-9.49728473642608e-05,0.000545269358553924,0.791995923350441
274,0.0174306350522944,NA,0.462121392359516,-0.590383930239851,0.185687220128658,-0.264691286461773,-3.40648731000833,-0.000167542392408672,0.000125524014640691,-1.85834201842234e-06,8.27521366729306e-06,0.00017737959412839,-0.706143860043085,0.0556701940013227,-9.4926235760795e-05,0.000542098064215679,0.784084145948327
275,0.0172545875552439,NA,0.461955170712862,-0.590259451796263,0.185685369260416,-0.264683054830248,-3.40631126251128,-0.00016622164665465,0.000124478443588189,-1.85086824199409e-06,8.23163152493415e-06,0.000176047497050322,-0.699101137797697,0.0550703578028333,-9.2859409051016e-05,0.000538534550287295,0.776216832605314
276,0.0170798713726028,NA,0.46179026104378,-0.590136014884099,0.185683532032596,-0.264674866629829,-3.40613654632864,-0.000164909669082241,0.000123436912163776,-1.83722781966611e-06,8.18820041910276e-06,0.000174716182641045,-0.692121034262527,0.0544791879519835,-8.90162255018367e-05,0.000534566311216622,0.768395465229332
277,0.016906485498239,NA,0.461626654763616,-0.590013614578161,0.185681716531855,-0.26466672225524,-3.40596316045428,-0.000163606280163872,0.000122400305937586,-1.81550074122766e-06,8.14437458897838e-06,0.000173385874363826,-0.685201654846423,0.0538967367447185,-8.38537062008982e-05,0.000530244506080635,0.760621483095747
278,0.016734428688268,NA,0.461464343475529,-0.589892245151433,0.185679931501661,-0.264658622461846,-3.40579110364431,-0.000162311288087146,0.000121369426728394,-1.78503019402154e-06,8.09979339412058e-06,0.000172056809970823,-0.678341211255429,0.0533229621169085,-7.79471065470716e-05,0.000525662926520454,0.752896280573623
279,0.0165636994496876,NA,0.461303318982982,-0.589771900166332,0.18567818506234,-0.26465056816486,-3.40562037440573,-0.000161024492546309,0.000120344985100846,-1.74643932019564e-06,8.05429698585446e-06,0.000170729238580468,-0.671538049346054,0.0527577464026763,-7.19410309102386e-05,0.000520938101544743,0.745221169040633
280,0.016394296031462,-417.647183232191,0.461143573295261,-0.589652572567953,0.185676483642934,-0.264642560269984,-3.4054509709875,-0.000159745687720978,0.000119327598379269,-1.70141940678399e-06,8.00789487661799e-06,0.000169403418225391,-0.664790627524781,0.0522009202086338,-6.64294930174947e-05,0.000516177465215151,0.73759738654644
281,0.016226216418719,NA,0.4609850986297,-0.589534254774255,0.185674831178813,-0.26463459953746,-3.40528289137476,-0.000158474665561321,0.000118317793697886,-1.65246412063524e-06,7.96073252382427e-06,0.000168079612742903,-0.65809754289603,0.0516522862881175,-6.19172624283237e-05,0.000511475946041173,0.730026055748567
282,0.0160594583294751,NA,0.460827887411079,-0.589416938766981,0.185673228701725,-0.264626686521714,-3.40511613328552,-0.000157211218620616,0.000117316007273866,-1.60247708783243e-06,7.91301574556159e-06,0.000166758089244101,-0.651457523872523,0.0511116030565972,-5.87408521823818e-05,0.000506884703099786,0.722508198123251
283,0.0158940192143477,NA,0.460671932268452,-0.589300616170428,0.185671674276157,-0.264618821567441,-3.40495069417039,-0.000155955142627372,0.000116322596553375,-1.55442556792215e-06,7.86495427297158e-06,0.000165439115127465,-0.644869429606842,0.0505786465510027,-5.70742031413829e-05,0.000502419652548269,0.715044701564693
284,0.0157298962581156,NA,0.460517226030055,-0.58918527832645,0.185670163359159,-0.264611004867859,-3.40478657121416,-0.000154706238396486,0.000115337843977395,-1.51091699850496e-06,7.81669958260636e-06,0.000164122956232178,-0.638332230096239,0.050053175755238,-5.6872409004427e-05,0.000498054077979759,0.707636361880759
285,0.0155670863840558,NA,0.460363761715825,-0.589070916364205,0.185668689364919,-0.264603236574686,-3.4046237613401,-0.000153464314230463,0.000114361962245432,-1.47399423979354e-06,7.76829317278382e-06,0.000162809874059793,-0.631845035741208,0.0495349416951285,-5.7966076383309e-05,0.000493722041028377,0.700283831065462
286,0.0154055862595297,NA,0.460211532528815,-0.58895752125873,0.185667244495221,-0.264595516915524,-3.40446226121557,-0.000152229187010132,0.000113395105474472,-1.44486969809447e-06,7.7196591623311e-06,0.000161500124526182,-0.625407047323279,0.0490237181338671,-6.00203975409386e-05,0.000489345666210284,0.692987678121426
287,0.0152453923031572,NA,0.460060531845226,-0.588845083889909,0.185665820608796,-0.264587846318909,-3.4043020672592,-0.000151000683589193,0.000112437368821391,-1.42388642524741e-06,7.67059661492462e-06,0.000160193956372235,-0.619017573626479,0.0485192515498056,-6.26408791504218e-05,0.00048483457248949,0.685748368027816
288,0.0150865006930858,NA,0.459910753203541,-0.588733595094773,0.185664410069715,-0.264580225494833,-3.40414317564913,-0.00014977864168472,0.000111488795136447,-1.41053908042592e-06,7.62082407627895e-06,0.000158891610071346,-0.612676013815872,0.0480212946740721,-6.54029008728685e-05,0.000480121116197552,0.678566278793369
289,0.0149289073760053,NA,0.459762190293106,-0.588623045719299,0.185663006429834,-0.264572655506468,-3.40398558233205,-0.000148562910434778,0.000110549375473043,-1.40363988080518e-06,7.56998836478249e-06,0.000157593317080353,-0.606381845500437,0.0475295803425979,-6.79278855386656e-05,0.000475138790534402,0.671441713393506
290,0.0147726080763348,-417.64504326186,0.459614836942466,-0.588513426666793,0.185661604941891,-0.264565137749494,-3.40382928303238,-0.000147353350639941,0.000109619052506939,-1.40148794343645e-06,7.51775697326706e-06,0.000156299299670304,-0.600134612227521,0.0470438357069725,-6.98929625286837e-05,0.0004698796374214,0.664374924213007
291,0.0146175983061547,NA,0.459468687107496,-0.588404728947148,0.185660202801575,-0.264557673908402,-3.4036742732622,-0.000146149834970305,0.000108697719644488,-1.40214031637689e-06,7.46384109229293e-06,0.000155009770179908,-0.593933922345968,0.0465637634761151,-7.10912217982695e-05,0.000464352751805563,0.657366085761169
292,0.0144638733746345,NA,0.459323734859635,-0.588296943725051,0.185658799139603,-0.264550265839733,-3.40352054833067,-0.000144952247861153,0.000107785222096578,-1.40366197144899e-06,7.40806866908167e-06,0.0001537249315202,-0.5877794353637,0.0460890510112222,-7.14334191798116e-05,0.000458619524579262,0.650415350378353
293,0.0143114283977415,NA,0.459179974374205,-0.588190062364579,0.185657394776093,-0.264542915443357,-3.40336810335378,-0.000143760485430128,0.00010688136047211,-1.40436351001695e-06,7.35039637605289e-06,0.000152444976892998,-0.581670861947714,0.0456193828313189,-7.09530922904378e-05,0.000452756694357959,0.643522814129938
294,0.0141602583079221,NA,0.459037399918957,-0.588084076476488,0.185655991803819,-0.264535624501665,-3.40321693326396,-0.000142574455247741,0.000105985888091405,-1.40297227402483e-06,7.2909416924174e-06,0.000151170089819145,-0.575607956534441,0.0451544127599846,-6.97832547302824e-05,0.000446870558334922,0.636688530448737
295,0.0140103578635213,NA,0.458896005843239,-0.587978977956236,0.185654593069882,-0.264528394540918,-3.40306703281956,-0.000141394075717643,0.000105098520251702,-1.3987339366891e-06,7.22996074654199e-06,0.000149900444400571,-0.569590498571415,0.0446938190634683,-6.81285428072442e-05,0.000441062297795725,0.629912521503684
296,0.0138617216584742,NA,0.458755786566985,-0.587874759020033,0.185653201631416,-0.264521226704203,-3.40291839661451,-0.000140219276254201,0.000104218936203548,-1.39143846684964e-06,7.1678367147242e-06,0.000148636205047067,-0.563618324918025,0.0442372743236774,-6.62311094856705e-05,0.000435433662460127,0.62319475489403
297,0.0137143441319725,NA,0.458616736570442,-0.587771412234853,0.185651820217386,-0.264514121682316,-3.40277101908801,-0.00013904999654292,0.000103346785179629,-1.38141402966138e-06,7.10502188693806e-06,0.00014737752650188,-0.557691289486684,0.0437844653333741,-6.43552766632638e-05,0.000430055138167518,0.61653515672333
298,0.0135682195781404,NA,0.458478850384282,-0.587668930540553,0.185650450841238,-0.264507079694803,-3.40262489453418,-0.000137886186160422,0.000102481694299901,-1.36937614773366e-06,7.04198751345674e-06,0.000146124553831913,-0.551809275748383,0.0433351044648589,-6.27136387265637e-05,0.000424967652179475,0.609933610462576
299,0.0134233421559893,NA,0.458342122579953,-0.587567307262845,0.185649094532596,-0.264500100510698,-3.40248001711203,-0.000136727804328494,0.000101623277708388,-1.35630864241124e-06,6.97918410486971e-06,0.000144877422151088,-0.545972200711731,0.0428889387649178,-6.14761574979639e-05,0.000420186552219093,0.603389945013078
300,0.0132797058991097,-417.643269043131,0.458206547760835,-0.587466536118693,0.185647751241303,-0.26449318351908,-3.40233638085515,-0.000135574819118006,0.000100771144152003,-1.34329129269219e-06,6.91699161801258e-06,0.000143636256879685,-0.540179989343414,0.0424457465442174,-6.0737761486962e-05,0.000415692511523957,0.596903958580697
301,0.013137304725745,NA,0.458072120553753,-0.587366611214077,0.185646419908467,-0.264486327852734,-3.40219397968179,-0.000134427207082359,9.99249046160544e-05,-1.33133283602293e-06,6.85566634649337e-06,0.000142401173364788,-0.534432589915923,0.0420053407879095,-6.05132299824618e-05,0.000411426412938454,0.590475390822576
302,0.012996132448635,NA,0.457938835600899,-0.587267527032339,0.18564509864669,-0.264479532524324,-3.40205280740468,-0.000133284952854172,9.90841817379521e-05,-1.32126177712752e-06,6.7953284094271e-06,0.000141172277110141,-0.528729970596942,0.0415675805243154,-6.07587935519405e-05,0.000407313223149686,0.584103949563541
303,0.012856182785006,NA,0.457806687552763,-0.587169278417638,0.185643785053834,-0.264472796556069,-3.40191285774105,-0.000132148048135959,9.82486147011318e-05,-1.31359285569446e-06,6.7359682550166e-06,0.000139949663628832,-0.523072091027643,0.0411323537718999,-6.13550810157903e-05,0.000403273929805437,0.577789294879949
304,0.0127174493659692,NA,0.45767567106148,-0.587071860551834,0.185642476545427,-0.264466119100159,-3.40177412432201,-0.000131016491283002,9.74178658035452e-05,-1.30850840721238e-06,6.67745591008772e-06,0.000138733419036749,-0.517458923923186,0.0406995872026528,-6.21588469584822e-05,0.000399227815250924,0.571531072637299
305,0.0125799257459085,NA,0.457545780774967,-0.586975268927473,0.185641170702041,-0.264459499546553,-3.40163660070195,-0.000129890286512516,9.65916243611103e-05,-1.30584338625241e-06,6.61955360580003e-06,0.000137523620060587,-0.511890436882823,0.0402692364787072,-6.30041085969424e-05,0.000395095298699744,0.565328890616001
306,0.0124436054110948,NA,0.457417011331791,-0.586879499317805,0.185639865565708,-0.264452937549503,-3.40150028036714,-0.000128769443176338,9.57696096684218e-05,-1.3051363326406e-06,6.5619970502412e-06,0.000136320334813753,-0.506366591821461,0.0398412834101691,-6.37345465293038e-05,0.000390843979403144,0.559182353754295
307,0.0123084817880126,NA,0.457289357356792,-0.586784547744331,0.1856385598457,-0.264446433051835,-3.40136515674405,-0.000127653974999111,9.49515734739655e-05,-1.30572000794646e-06,6.50449766840497e-06,0.000135123623082122,-0.500887340422196,0.0394157348182489,-6.42256736682612e-05,0.000386441456612374,0.55309104538992
308,0.012174548251108,NA,0.457162813457298,-0.586690410447284,0.185637253044247,-0.264439986230153,-3.40123122320715,-0.000126543899494135,9.4137297046754e-05,-1.30680145318784e-06,6.4468216811966e-06,0.000133933536904428,-0.495452628683779,0.0389925986610251,-6.43836983726942e-05,0.00038190592022147,0.547054542039405
309,0.0120417981298497,NA,0.457037374220191,-0.586597083851907,0.18563594546025,-0.264433597430471,-3.40109847308589,-0.000125439237106787,9.33265953764348e-05,-1.3075839973501e-06,6.38879968201574e-06,0.000132750121258364,-0.490062382709766,0.0385719152973252,-6.41699671177776e-05,0.000377265223505674,0.541072420787714
310,0.0119102247150185,-417.641806543758,0.456913034209305,-0.586504564540106,0.185634638101428,-0.264427267063776,-3.40096689967106,-0.000124340010885746,9.25193118014239e-05,-1.30735882172884e-06,6.33036669562307e-06,0.00013157341483122,-0.484716528035278,0.0381537154225953,-6.35913011137745e-05,0.000372577346752223,0.535144266109455
311,0.0117798212647817,NA,0.456789787963303,-0.586412849220842,0.185633332508447,-0.264420995499005,-3.40083649622082,-0.000123246246001775,9.17153192642909e-05,-1.30559298050452e-06,6.27156477053223e-06,0.000130403450236616,-0.479414981668924,0.0377380479221756,-6.27022700427915e-05,0.000367908228326996,0.529269648268382
312,0.0116505810099792,NA,0.456667629994348,-0.586321934705743,0.18563203053332,-0.264414782959685,-3.40070725596602,-0.000122157968955079,9.09145150987206e-05,-1.301975127203e-06,6.21253932019482e-06,0.000129240254802439,-0.474157636745076,0.0373249508811568,-6.15881390331197e-05,0.000363327785635192,0.523448150033801
313,0.0115224971588979,NA,0.456546554786817,-0.586231817880912,0.185630734126755,-0.264408629440414,-3.40057917211494,-0.000121075207531119,9.01168248307367e-05,-1.29640656545964e-06,6.15351927138149e-06,0.000128083851081437,-0.468944391514015,0.0369144902379048,-6.03398575549363e-05,0.000358899114871747,0.517679357585621
314,0.0113955629019156,NA,0.456426556796281,-0.586142495686051,0.185629445105741,-0.264402534643978,-3.40045223785796,-0.000119997990536413,8.93221948613496e-05,-1.28902101410081e-06,6.09479643613579e-06,0.000126934256982359,-0.463775139678546,0.0365067108987205,-5.90677018408314e-05,0.000354676785718766,0.51196284573507
315,0.0112697714154311,NA,0.456307630448961,-0.586053965092425,0.185628164972422,-0.264396497974034,-3.40032644637147,-0.000118926347320169,8.85305936262258e-05,-1.28013331869938e-06,6.03666994384554e-06,0.000125791486484589,-0.458649760162189,0.0361016719807594,-5.78671688344912e-05,0.000350682967109606,0.506298204641098
316,0.011145115865872,NA,0.456189770140995,-0.585966223084293,0.185626894798061,-0.264390518561663,-3.40020179082191,-0.000117860307965955,8.77420081316128e-05,-1.27017436069434e-06,5.97941237043538e-06,0.000124655549559114,-0.453568143825578,0.0356994263484012,-5.68098812436801e-05,0.000346918227478454,0.500685007409629
317,0.0110215894128705,NA,0.456072970238395,-0.585879266635519,0.185625635209146,-0.264384595293718,-3.40007826436891,-0.000116799902599867,8.69564487740579e-05,-1.25958891502787e-06,5.92326794496477e-06,0.00012352645300131,-0.448530156518245,0.0353000564246031,-5.59225554752629e-05,0.000343380293088558,0.49512285045239
318,0.0108991852128355,NA,0.455957225076697,-0.585793092693666,0.185624386373307,-0.264378726925741,-3.39995586016888,-0.000115745161697345,8.61739418524908e-05,-1.24883583919759e-06,5.86836797728713e-06,0.000122404200034943,-0.443535678869011,0.0349036207580866,-5.52324763702927e-05,0.000340010615218489,0.48961130232783
319,0.0107778964217315,NA,0.455842528960843,-0.585707698162913,0.185623148095855,-0.264372912137616,-3.39983457137777,-0.00011469611585421,8.53945307530841e-05,-1.23827745199493e-06,5.81478812505475e-06,0.000121288791103916,-0.438584584685486,0.0345101898346911,-5.47134959560935e-05,0.000336780772158818,0.484149954900204
320,0.0106577161980397,-417.640607852965,0.455728876165425,-0.585623079886634,0.185621919928264,-0.264367149654902,-3.39971439115408,-0.000113652795417901,8.46182762795277e-05,-1.22816759133551e-06,5.76248271388735e-06,0.000120180223691958,-0.43367673413286,0.0341198426667688,-5.43292344445945e-05,0.000333616867465025,0.478738383549171
321,0.0105386377051233,NA,0.455616260934789,-0.585539234633483,0.185620701322724,-0.264361438315615,-3.39959531266116,-0.000112615230636166,8.38452531509945e-05,-1.21860553990231e-06,5.71133928739625e-06,0.000119078492916392,-0.428811994197531,0.0337326497401591,-5.40160272066714e-05,0.000330472857967834,0.473376180707419
322,0.0104206541137137,NA,0.455504677483481,-0.585456159086019,0.185619491737276,-0.26435577715673,-3.39947732906975,-0.000111583451307938,8.30755474639297e-05,-1.20958544776315e-06,5.66115888494171e-06,0.000117983591409725,-0.42399021822348,0.0333486758563595,-5.37272626388585e-05,0.000327286215906497,0.468062926870516
323,0.0103037586036634,NA,0.455394119996746,-0.585373849826775,0.185618290775948,-0.264350165442148,-3.3993604335597,-0.000110557486735649,8.23092592435751e-05,-1.20096132789977e-06,5.6117145816735e-06,0.000116895510050411,-0.419211257280949,0.0329680017330247,-5.33947286385228e-05,0.000324026814269018,0.462798227545136
324,0.0101879443656703,NA,0.455284582631266,-0.585292303331593,0.185617098256102,-0.264344602682004,-3.39924461932171,-0.000109537365479176,8.15464951827321e-05,-1.1925198463221e-06,5.56276014407066e-06,0.000115814237993066,-0.414474951639932,0.0325906813714028,-5.29792032466503e-05,0.000320668505082722,0.45758168539578
325,0.0100732046027154,NA,0.455176059515931,-0.585211515962761,0.185615914254409,-0.264339088604803,-3.39912987955876,-0.000108523115334975,8.07873688319545e-05,-1.18400169237744e-06,5.51407720039444e-06,0.000114739762954712,-0.409781139296683,0.0322167721833466,-5.24488541486789e-05,0.000317214130518551,0.452412911613465
326,0.00995953253127935,NA,0.455068544752926,-0.585131483964551,0.18561473909326,-0.264333623121526,-3.39901620748732,-0.000107514763004972,8.00319982101708e-05,-1.1751611492855e-06,5.46548327722416e-06,0.000113672071435929,-0.405129642899738,0.0318463236226307,-5.17985654369113e-05,0.000313673353957711,0.447291524210414
327,0.00984692138213639,NA,0.454962032418493,-0.585052203461431,0.185613573288339,-0.264328206268936,-3.39890359633818,-0.000106512334433637,7.92805031195795e-05,-1.16580492089544e-06,5.41685259007786e-06,0.000112611149143129,-0.400520296466311,0.0314793749112141,-5.10425479660626e-05,0.000310071186504501,0.442217157683444
328,0.00973536440110223,NA,0.454856516564263,-0.584973670458985,0.185612417489292,-0.264322838142016,-3.39879203935714,-0.000105515854229636,7.85330024461653e-05,-1.15579904720513e-06,5.36812692052694e-06,0.000111556981034012,-0.395952908434083,0.031115953902372,-5.0200696932734e-05,0.000306442871078616,0.437189448234676
329,0.00962485484942954,NA,0.454751991218224,-0.584895880846249,0.185611272395047,-0.26431751881465,-3.39868152980547,-0.00010452534603921,7.77896127353091e-05,-1.14509424536698e-06,5.31932736542442e-06,0.000110509551672548,-0.391427299177849,0.0307560816281693,-4.93076868224307e-05,0.000302835019283521,0.432208047413951
330,0.00951538600413881,-417.639630902949,0.45464845038609,-0.584818830398451,0.185610138660293,-0.264312248300041,-3.39857206096018,-0.000103540832134143,7.70504477988947e-05,-1.13373475406207e-06,5.270514608989e-06,0.000109468845290782,-0.386943269745643,0.0303997762785002,-4.84061501992983e-05,0.000299273779091891,0.427272610750151
331,0.00940695115821466,NA,0.454545888052205,-0.584742514785924,0.185609016812909,-0.264307026502077,-3.39846362611426,-0.000102562333884918,7.63156125265529e-05,-1.12184738361655e-06,5.22179796382928e-06,0.00010843484592423,-0.382500637101657,0.0300470276215492,-4.75375827591051e-05,0.000295793256555044,0.422382801161802
332,0.00929954362065288,NA,0.45444429818085,-0.584666929577386,0.185607907213526,-0.264301853176537,-3.39835621857669,-0.000101589871354539,7.55852085377168e-05,-1.10959938283466e-06,5.17332554064274e-06,0.000107407537561937,-0.378099199451754,0.0296978464575659,-4.672699560615e-05,0.000292424147119164,0.417538290093944
333,0.00919315671635612,NA,0.454343674717208,-0.584592070248855,0.185606810023482,-0.264296727952856,-3.3982498316724,-0.00010062346364274,7.48593285311118e-05,-1.09719004432386e-06,5.12522368096873e-06,0.000106386904296878,-0.373738765802045,0.0293522174388272,-4.59971261079772e-05,0.000289161334876553,0.412738758086562
334,0.00908778378630082,NA,0.454244011588518,-0.584517932191858,0.18560572519956,-0.264291650336569,-3.39814445874234,-9.96631286897263e-05,7.41380569975651e-05,-1.0848239215707e-06,5.07761628655662e-06,0.000105372930055211,-0.369419134926829,0.0290101246491759,-4.5359342948359e-05,0.000286010504169099,0.407983877153129
335,0.00898341818722415,NA,0.454145302705117,-0.584444510722561,0.18560465251069,-0.264286619756011,-3.39804009314326,-9.8708883400476e-05,7.34214692964689e-05,-1.07268887027791e-06,5.03058055837658e-06,0.000104365599076504,-0.36514010787414,0.0286715447828101,-4.48147829956724e-05,0.000282949486063444,0.403273342044486
336,0.0088800532915867,NA,0.454047541961484,-0.584371801091361,0.185603591605891,-0.264281635596471,-3.39793672824763,-9.77607436332099e-05,7.27096312005944e-05,-1.06090479882575e-06,4.98415953941338e-06,0.000103364895637616,-0.36090148284984,0.0283364488495863,-4.43395720139961e-05,0.000279961227533931,0.398606839553395
337,0.00877768248730781,NA,0.453950723237337,-0.584299798490399,0.185602542057826,-0.264276697248528,-3.39783435744335,-9.6818724147084e-05,7.2002600961837e-05,-1.04954806487045e-06,4.93834794308454e-06,0.000102370804279097,-0.356703053512319,0.0280048129752686,-4.39183622802375e-05,0.000277017875305319,0.39398406897817
338,0.00867629917757418,NA,0.453854840398755,-0.584228498061313,0.185601503433666,-0.264271804151018,-3.39773297413361,-9.58828385819585e-05,7.13004290861345e-05,-1.03862416014767e-06,4.89309751022786e-06,0.000101383309733431,-0.352544610109362,0.0276766093065817,-4.35210267824004e-05,0.000274092144536553,0.389404730185561
339,0.00857589678059378,NA,0.453759887299329,-0.584157894905817,0.185600475340089,-0.264266955827338,-3.39763257173663,-9.49530994257401e-05,7.0603155495579e-05,-1.02809357719436e-06,4.84832367990197e-06,0.000100402396980254,-0.348425938909713,0.0273517946425272,-4.31265334555064e-05,0.000271158455689147,0.384868528726656
340,0.00847646872928287,-417.638839096208,0.453665857781275,-0.584087984092956,0.185599457464161,-0.264262151913875,-3.39753314368532,-9.40295180537995e-05,6.99108128610103e-05,-1.01787592741937e-06,4.80391346361302e-06,9.9428051310782e-05,-0.34434682504525,0.0270303360139224,-4.2713850234577e-05,0.000268194071395556,0.380375176405323
341,0.00837800847086889,NA,0.453572745676817,-0.58401876066636,0.185598449597164,-0.264257392161072,-3.39743468342691,-9.31121044580212e-05,6.92234265956405e-05,-1.00786699712751e-06,4.75975280300609e-06,9.84602584140132e-05,-0.340307040005428,0.0267121976094131,-4.22681978307082e-05,0.000265191602011328,0.375924392415072
342,0.00828050946668002,NA,0.453480544809385,-0.583950219652969,0.185597451630773,-0.264252676432636,-3.39733718442272,-9.22008674323526e-05,6.85410133913913e-05,-9.97966391216802e-07,4.71572843569971e-06,9.74990041889256e-05,-0.336306359258742,0.0263973345226987,-4.17867340729572e-05,0.000262144794760388,0.371515891970375
343,0.00818396519174414,NA,0.453389248994966,-0.583882356070707,0.185596463542702,-0.264248004674456,-3.39724064014778,-9.12958144196485e-05,6.78635822623853e-05,-9.88088071300394e-07,4.671758180438e-06,9.65442749358485e-05,-0.332344549178742,0.0260857029843464,-4.12717326980783e-05,0.000259066155194887,0.367149401654387
344,0.00808836913423949,NA,0.45329885204358,-0.583815164933231,0.185595485391039,-0.264243376895674,-3.39714504409028,-9.03969513858522e-05,6.71911374759113e-05,-9.78151662764577e-07,4.62777878150457e-06,9.55960575046531e-05,-0.328421367612464,0.0257772688883051,-4.07220568376943e-05,0.000255962504525087,0.362824658282079
345,0.0079937147951985,NA,0.45320934776065,-0.583748641257458,0.185594517266412,-0.264238793123791,-3.39705038975124,-8.95042829293449e-05,6.65236757725163e-05,-9.68124627114711e-07,4.58377188309755e-06,9.46543390411537e-05,-0.324536572975376,0.0254719844861029,-4.01564648200292e-05,0.00025285771698691,0.358541392415646
346,0.0078999956881316,NA,0.453120729948439,-0.583682780069504,0.185593559247359,-0.264234253382453,-3.39695667064417,-8.86178122112481e-05,6.58611879544946e-05,-9.58019053394098e-07,4.53974133760743e-06,9.37191070667504e-05,-0.320689917430172,0.0251698060083072,-3.95942834074958e-05,0.000249764298132504,0.354299341438491
347,0.0078072053387821,NA,0.453032992407365,-0.583617576408512,0.18559261137574,-0.264229757659224,-3.39686388029482,-8.77375410744014e-05,6.52036609921957e-05,-9.47871618051828e-07,4.49572322905202e-06,9.27903493496463e-05,-0.316881154276416,0.0248706965066958,-3.90474497180548e-05,0.000246702143158473,0.350098241028718
348,0.00771533728456175,NA,0.45294612893758,-0.583553025330176,0.185591673638084,-0.264225305866073,-3.3967720122406,-8.68634697845246e-05,6.45510783358957e-05,-9.37737656485651e-07,4.45179315160889e-06,9.18680542204739e-05,-0.313110023171248,0.0245746190330465,-3.85261955671012e-05,0.00024369740003749,0.34593784334902
349,0.00762438507437757,NA,0.452860133340235,-0.583489121912651,0.185590745948609,-0.264220897847252,-3.39668106003042,-8.59955973448908e-05,6.39034175243909e-05,-9.27689475210821e-07,4.40801882068072e-06,9.0952210184296e-05,-0.309376272298323,0.0242815252704531,-3.80407527700299e-05,0.000240749500335369,0.341817888624973
350,0.00753434226848393,-417.63820087026,0.452774999418807,-0.583425861258353,0.185589828146096,-0.264216533364947,-3.39659101722452,-8.51339214283694e-05,6.32606542983711e-05,-9.17802512347549e-07,4.36448230524501e-06,9.00428058935885e-05,-0.305679644156953,0.0239913822497329,-3.75956688003498e-05,0.000237870949604257,0.337738118787456
351,0.00744520243823743,NA,0.452690720980492,-0.583363238497377,0.185588920010743,-0.264212212117979,-3.39650187739428,-8.42784383151411e-05,6.26227609758727e-05,-9.08135353291267e-07,4.32124696742192e-06,8.91398302464744e-05,-0.30201987556211,0.0237041496120582,-3.7186396184552e-05,0.000235054926633893,0.333698282588557
352,0.00735695916588286,NA,0.452607291837401,-0.583301248789046,0.185588021278185,-0.264207933746579,-3.39641363412192,-8.34291430909963e-05,6.1989708331171e-05,-8.98732557877921e-07,4.27837140016306e-06,8.82432723545016e-05,-0.298396707876236,0.0234197938198122,-3.68089558833162e-05,0.000232301999858464,0.329698130485667
353,0.00726960604462734,NA,0.452524705807801,-0.58323988732282,0.185587131665821,-0.264203697856375,-3.39632628100067,-8.25860295997711e-05,6.13614662260638e-05,-8.89612364210536e-07,4.23589020383736e-06,8.73531212554473e-05,-0.294809877914304,0.0231382836091143,-3.64531160812476e-05,0.000229600800594199,0.325737403841231
354,0.0071831366784294,NA,0.452442956717373,-0.583179149319984,0.185586250900411,-0.264199504044852,-3.39623981163447,-8.17490904281618e-05,6.07380028359504e-05,-8.80765409920782e-07,4.19381152363643e-06,8.64693661981219e-05,-0.291259119080678,0.0228595843054791,-3.61069396603853e-05,0.000226937117986381,0.321815857660113
355,0.00709754468204649,NA,0.452362038400424,-0.583119030033743,0.185585378750589,-0.264195351914062,-3.39615421963809,-8.09183169485473e-05,6.01192862404735e-05,-8.72149822502668e-07,4.15213079012924e-06,8.55919963830098e-05,-0.287744163642856,0.0225836674871971,-3.57550788976368e-05,0.00022430356239056,0.317933238989099
356,0.00701282368100475,NA,0.452281944700924,-0.58305952474882,0.18558451502653,-0.264191241094428,-3.39606949863705,-8.00936995004085e-05,5.9505284923515e-05,-8.63724058203856e-07,4.110819633869e-06,8.47210010416521e-05,-0.284264748415808,0.0223105070062957,-3.53958284904365e-05,0.000221685354517831,0.314089299990883
357,0.00692896731167369,NA,0.452202669473741,-0.583000628781675,0.185583659603365,-0.264187171255975,-3.39598564226771,-7.92752271828807e-05,5.88959671449814e-05,-8.55423165826836e-07,4.06983845282546e-06,8.38563693312305e-05,-0.28082059998269,0.0220400744410654,-3.5016682886635e-05,0.000219073967855365,0.310283790554422
358,0.00684596922146197,NA,0.452124206585717,-0.582942337481305,0.1855828124075,-0.264183142108146,-3.3959026441775,-7.84628880241565e-05,5.8291300370066e-05,-8.47195864825692e-07,4.02914782906983e-06,8.29980902117652e-05,-0.277411448905696,0.02177233909606,-3.46210526913637e-05,0.000216467128666409,0.306516457158068
359,0.00676382306870105,NA,0.452046549916811,-0.58288464622607,0.185581973435511,-0.264179153393975,-3.39582049802474,-7.76566689054431e-05,5.76912552350685e-05,-8.38971988571915e-07,3.9887141704817e-06,8.21461527610879e-05,-0.274037020631113,0.0215072867604249,-3.41981376550393e-05,0.000213865973819338,0.302787060491028
360,0.00668252252296897,-417.637689232752,0.451969693360989,-0.582827550424401,0.185581142707445,-0.264175204889571,-3.39573919747901,-7.68565558223225e-05,5.70958016684209e-05,-8.30728066510598e-07,3.94850440485559e-06,8.13005457318593e-05,-0.270697048563306,0.0212448884440164,-3.37661276716972e-05,0.000211268798011588,0.29909534532635
361,0.00660206126535057,NA,0.451893630827256,-0.582771045514401,0.18558032025331,-0.26417129640366,-3.39565873622139,-7.60625337331877e-05,5.65049100005345e-05,-8.22454134988843e-07,3.90848591018203e-06,8.04612576181901e-05,-0.267391258716998,0.0209851197041644,-3.33301386490348e-05,0.000208673895940592,0.29544105984769
362,0.00652243298849609,NA,0.451818356240647,-0.582715126961335,0.185579506108368,-0.264167427750549,-3.39557910794454,-7.5274586608823e-05,5.59185530660441e-05,-8.14144941619091e-07,3.86865311160635e-06,7.96282768546952e-05,-0.264119377106908,0.0207279651931458,-3.28918758896179e-05,0.000206095478461066,0.291823961333648
363,0.00644363139701021,NA,0.451743863543083,-0.582659790254859,0.185578700288722,-0.264163598735112,-3.39550030635305,-7.44926975639837e-05,5.53367064754144e-05,-8.05819645702431e-07,3.82901543680255e-06,7.88015914858031e-05,-0.260881133158364,0.0204734118369743,-3.24621396430302e-05,0.000203542072085838,0.288243795125709
364,0.00636565020777047,NA,0.45167014669428,-0.58260503090901,0.185577902784282,-0.264159809141091,-3.39542232516381,-7.37168488031311e-05,5.47593458497607e-05,-7.97504440811181e-07,3.78959402113903e-06,7.79811892396886e-05,-0.257676252886085,0.0202214363298481,-3.20449089485919e-05,0.000201021066459361,0.28470030997596
365,0.00628848315020258,NA,0.451597199672375,-0.582550844459623,0.185577113548574,-0.264156058733851,-3.39534515810624,-7.29470219045051e-05,5.41864493861757e-05,-7.89235707738602e-07,3.75040723941258e-06,7.71670575679677e-05,-0.254504471968175,0.0199720261662151,-3.1645868148189e-05,0.000198531893147447,0.281193256910228
366,0.00621212396672899,NA,0.451525016474747,-0.582497226463281,0.185576332498335,-0.264152347240837,-3.39526879892277,-7.21831976280592e-05,5.36179963424339e-05,-7.81050238342506e-07,3.7114930140368e-06,7.63591834734408e-05,-0.251365518124658,0.0197251637246154,-3.12667225443874e-05,0.000196087057702243,0.277722380701562
367,0.00613656641329152,NA,0.451453591118483,-0.582444172496381,0.185575559521985,-0.26414867436453,-3.39519324136933,-7.14253562645928e-05,5.30539669002266e-05,-7.72976350155211e-07,3.67287630712604e-06,7.55575534372777e-05,-0.248259131581108,0.0194808313835892,-3.09051984004327e-05,0.000193680875781865,0.274287423280839
368,0.00606180425971514,NA,0.451382917641054,-0.582391678152546,0.185574794487298,-0.264145039785542,-3.39511847921576,-7.06734774285818e-05,5.24943438349294e-05,-7.65034687642976e-07,3.6345789877351e-06,7.47621535762036e-05,-0.245185044605023,0.0192390189113212,-3.05590219795704e-05,0.000191312778952124,0.270888132831715
369,0.00598783129027902,NA,0.451312990100805,-0.582339739041688,0.185574037250895,-0.264141443159634,-3.39504450624632,-6.99275402494244e-05,5.19391108580919e-05,-7.57236402498297e-07,3.59662590811584e-06,7.39729694361647e-05,-0.242142996285111,0.0189997103916539,-3.02247826766688e-05,0.000188985609383963,0.267524249579765
370,0.00591464130406827,-417.637281283889,0.451243802577405,-0.582288350787947,0.1855732876885,-0.264137884133322,-3.39497131626011,-6.91875233991864e-05,5.1388253741126e-05,-7.49562395360155e-07,3.55902631197129e-06,7.31899862108421e-05,-0.239132726846947,0.0187628950243379,-2.98894065053901e-05,0.00018669140899874,0.264195522277078
371,0.00584222811575863,NA,0.451175349172258,-0.582237509030627,0.185572545684136,-0.264134362353207,-3.3948989030718,-6.8453405147266e-05,5.08417573191668e-05,-7.42004363977695e-07,3.52178011551121e-06,7.24131883094836e-05,-0.236153978789844,0.0185285506404398,-2.95568725050543e-05,0.00018442506188876,0.260901682622716
372,0.0057705855559802,NA,0.451107624008818,-0.582187209421752,0.185571811148439,-0.264130877478308,-3.39482726051202,-6.77251634396068e-05,5.02996088758417e-05,-7.34535696857778e-07,3.48487489901383e-06,7.1642559778628e-05,-0.233206498023719,0.0182966687134467,-2.92186541628325e-05,0.000182179178409569,0.257642478231901
373,0.00569970747168869,NA,0.451040621232965,-0.58213744762637,0.185571084017374,-0.264127429179635,-3.39475638242773,-6.70027758534019e-05,4.97617953816662e-05,-7.27131065110523e-07,3.44829867307694e-06,7.08780842916921e-05,-0.230290029321623,0.0180672304850304,-2.8874183044536e-05,0.00017995319012698,0.254417656719852
374,0.00562958772705624,NA,0.450974335013159,-0.582088219321068,0.185570364265181,-0.264124017140776,-3.3946862626831,-6.62862198063061e-05,4.92283053017208e-05,-7.19752192951594e-07,3.4120388590148e-06,7.01197446324835e-05,-0.227404325983116,0.0178402245865072,-2.85166379399016e-05,0.000177745960172615,0.251226945238159
375,0.00556022020388491,NA,0.450908759540795,-0.582039520195711,0.185569651881492,-0.264120641066221,-3.39461689515993,-6.55754723637059e-05,4.86991253577073e-05,-7.12383688528691e-07,3.37607455495301e-06,6.93675231711841e-05,-0.224549135054986,0.0176156271436412,-2.81545453617582e-05,0.000175551804204588,0.248070088559871
376,0.00549159880209693,NA,0.450843889030436,-0.581991345951839,0.185568946869863,-0.264117300682109,-3.39454827375814,-6.4870510359051e-05,4.81742438716066e-05,-7.0501162978462e-07,3.34038411181841e-06,6.86214017882026e-05,-0.221724208699925,0.0173934273561827,-2.7787905310106e-05,0.000173369016920333,0.244946828615866
377,0.00542371744037684,NA,0.450779717719947,-0.581943692303351,0.18556824924258,-0.264113995728141,-3.39448039239642,-6.4171310488715e-05,4.76536484880689e-05,-6.97627282459612e-07,3.30495396828357e-06,6.78813617201449e-05,-0.218929303628101,0.0171736058973693,-2.74184230875107e-05,0.000171201008924982,0.241856901084248
378,0.00535657005650325,NA,0.450716239870801,-0.581896554975883,0.185567559003071,-0.264110725944387,-3.39441324501254,-6.34778491467979e-05,4.71373274683681e-05,-6.90239509489559e-07,3.26978375350405e-06,6.71473838735977e-05,-0.216164171433775,0.0169561485563463,-2.70534883384244e-05,0.000169054601428797,0.238800053580235
379,0.00529015060810289,NA,0.450653449767991,-0.581849929708806,0.185566876141552,-0.264107491085749,-3.39434682556414,-6.27901028092495e-05,4.66252670767078e-05,-6.82861518286306e-07,3.23485863800567e-06,6.64194484003583e-05,-0.213428579058927,0.0167410308904437,-2.66953747996013e-05,0.000166921267918951,0.235776017234457
380,0.00522445307306585,-417.636957745117,0.450591341720425,-0.58180381225229,0.1855662006285,-0.264104290889014,-3.39428112802911,-6.21080475663051e-05,4.61174565154398e-05,-6.75513052427308e-07,3.20019673476117e-06,6.56975350368468e-05,-0.210722277529385,0.0165282477837536,-2.63474930761731e-05,0.000164819198289479,0.232784535683095
381,0.00515947145028006,NA,0.45052991006073,-0.581758198371145,0.185565532422957,-0.264101125101869,-3.39421614640632,-6.14316596947828e-05,4.56138811458614e-05,-6.68205543090896e-07,3.16578714556351e-06,6.49816227857782e-05,-0.208045040039906,0.0163177679723958,-2.60070009971969e-05,0.000162732476383098,0.229825340056777
382,0.00509519976008255,NA,0.45046914914561,-0.581713083842547,0.185564871455412,-0.26409799346399,-3.39415187471612,-6.07609151205046e-05,4.51145285971337e-05,-6.60967545017682e-07,3.13163787838217e-06,6.42716901976447e-05,-0.205396621595355,0.0161095834982916,-2.56818566413131e-05,0.000160671334015206,0.226898171717949
383,0.00503163204472745,NA,0.450409053355739,-0.581668464457976,0.185564217643445,-0.264094895707623,-3.39408830700077,-6.00957898704516e-05,4.46193845712096e-05,-6.53811966864001e-07,3.09775636779501e-06,6.35677153550387e-05,-0.202776794822057,0.0159036704872051,-2.53663756666356e-05,0.0001586357711858,0.224002771460619
384,0.00496876236896915,NA,0.450349617095913,-0.581624336022862,0.185563570886386,-0.26409183155316,-3.39402543732501,-5.94362598262664e-05,4.41284351143174e-05,-6.46757059420782e-07,3.06415446307671e-06,6.28696757583172e-05,-0.200185324956692,0.0157000135914132,-2.50634002441075e-05,0.000156628630065825,0.221138875531324
385,0.00490658482048945,NA,0.450290834795113,-0.581580694356448,0.18556293109175,-0.264088800721931,-3.39396325977653,-5.87823008001045e-05,4.36416664138759e-05,-6.39794635744154e-07,3.03083122861229e-06,6.217754847982e-05,-0.197621981214979,0.0154985968947585,-2.47621301241452e-05,0.000154643089445017,0.218306225860943
386,0.00484509351055884,NA,0.450232700906554,-0.581537535293963,0.185562298160049,-0.264085802926033,-3.3939017684666,-5.81338885589341e-05,4.31590624853929e-05,-6.32931700659145e-07,2.99779589832973e-06,6.14913099307694e-05,-0.195086535086375,0.0152993953861369,-2.44688180828234e-05,0.000152684833665262,0.215504555285406
387,0.00478428257456409,NA,0.450175209907632,-0.581494854687055,0.185561671998474,-0.264082837883874,-3.3938409575306,-5.74909989221066e-05,4.26806069079286e-05,-6.26161575038825e-07,2.96504215895358e-06,6.08109359946319e-05,-0.192578763176243,0.01510239030722,-2.41777797782561e-05,0.000150745336213731,0.21273360118812
388,0.00472414617209882,NA,0.450118356300112,-0.581452648402227,0.185561052535931,-0.264079905305499,-3.39378082112814,-5.68536075194833e-05,4.220628482787e-05,-6.19462543285782e-07,2.93257837441075e-06,6.01364024652347e-05,-0.190098434700303,0.0149075708577584,-2.38821940001799e-05,0.000148832555169065,0.209993118005514
389,0.00466467848772112,NA,0.450062134610134,-0.581410912323007,0.185560439717012,-0.264077004909098,-3.39372135344376,-5.62216899788025e-05,4.17360792194153e-05,-6.12818919111592e-07,2.9003964015473e-06,5.94676843775721e-05,-0.187645326832353,0.0147149120266477,-2.35837660511606e-05,0.000146937395584246,0.207282835162914
390,0.00460587373132437,-417.636702506895,0.450006539388249,-0.581369642351665,0.185559833496536,-0.264074136420048,-3.39366254868736,-5.55952218850297e-05,4.12699713422616e-05,-6.06220475752173e-07,2.86848904918914e-06,5.88047563967575e-05,-0.185219216746191,0.0145243899396519,-2.32842012337642e-05,0.000145059857459273,0.204602496296502
391,0.00454772613850007,NA,0.449951565209535,-0.58132883440822,0.185559233838552,-0.264071299570064,-3.39360440109454,-5.49741787135761e-05,4.08079434451167e-05,-5.99657983859855e-07,2.83684998417114e-06,5.81475928242126e-05,-0.182819880478746,0.0143359909543506,-2.29834995479905e-05,0.000143199940794148,0.201951845610893
392,0.004490229970882,NA,0.449897206673704,-0.581288484431295,0.185558640727302,-0.264068494097416,-3.39354690492692,-5.43585358305073e-05,4.03499769247988e-05,-5.93111249827922e-07,2.80547264788339e-06,5.74961676179537e-05,-0.180447095203817,0.0141496946071129,-2.26765450861421e-05,0.00014135707715468,0.199330628447569
393,0.00443337951654321,NA,0.44984345840509,-0.581248588379781,0.185558054129651,-0.264065719752146,-3.39349005447258,-5.37482686143401e-05,3.98960515145507e-05,-5.86597650895145e-07,2.77434527084772e-06,5.68504543386167e-05,-0.178100643779544,0.013965477023703,-2.23786855713115e-05,0.000139527855935739,0.196738588442713
394,0.00437716909025365,NA,0.449790315052903,-0.581209142232073,0.185557474028435,-0.264062976271743,-3.39343384404629,-5.31433521874766e-05,3.94461477073013e-05,-5.80101216315276e-07,2.74348040216555e-06,5.62104262895706e-05,-0.175780300537554,0.0137833234248319,-2.2076278582972e-05,0.000137725351123663,0.194175474916847
395,0.00432159303401702,NA,0.449737771291228,-0.581170141987865,0.185556900387826,-0.264060263406248,-3.39337826799006,-5.25437616743064e-05,3.90002442082554e-05,-5.73640609311441e-07,2.71286549517115e-06,5.55760562367214e-05,-0.173485850041288,0.0136032093678295,-2.17835349758388e-05,0.000135935920297925,0.191641026958678
396,0.00426664571701707,NA,0.449685821819158,-0.581131583666624,0.185556333157721,-0.264057580899813,-3.39332332067306,-5.19494720705004e-05,3.85583212415915e-05,-5.67230104916041e-07,2.68250643489806e-06,5.49473169998577e-05,-0.171217073443586,0.013425122915578,-2.14993178815348e-05,0.000134169226839731,0.189135006394281
397,0.00421232153616602,NA,0.449634461361049,-0.581093463308987,0.185555772290998,-0.264054928500156,-3.39326899649221,-5.13604581093235e-05,3.81203576364858e-05,-5.60866723102486e-07,2.65239965766576e-06,5.43241808510091e-05,-0.168973747918244,0.0132490413307096,-2.12168060897966e-05,0.000132420154841384,0.186657153449232
398,0.00415861491642255,NA,0.449583684666465,-0.581055776978349,0.185555217720585,-0.264052305959065,-3.39321528987246,-5.07766945834443e-05,3.76863306375569e-05,-5.54570412803831e-07,2.6225410910928e-06,5.37066197432617e-05,-0.166755663144613,0.0130749407389885,-2.09456629818305e-05,0.000130688135868695,0.18420721687562
399,0.00410552031087441,NA,0.449533486510378,-0.581018520759287,0.185554669385289,-0.264049713015705,-3.39316219526691,-5.01981560868262e-05,3.72562190623806e-05,-5.48335295520492e-07,2.59294335941731e-06,5.3094605548072e-05,-0.164562600843965,0.0129028092032968,-2.06756567422417e-05,0.000128982264868682,0.181784955088915
400,0.00405303220104347,-417.636502205255,0.449483861693475,-0.580981690757177,0.185554127209188,-0.264047149411801,-3.39310970715708,-4.96248169031168e-05,3.68300021101031e-05,-5.42176101367931e-07,2.56360390381284e-06,5.24881098309892e-05,-0.162394339326966,0.0127326308074771,-2.04153138838592e-05,0.000127294583762705,0.179390119114942
