"iter","err","ll","dens_0","conn_0","conn_X1","conn_X2","g0_1","step_dens_0","step_conn_0","step_conn_X1","step_conn_X2","step_g0_1","grad_dens_0","grad_conn_0","grad_conn_X1","grad_conn_X2","grad_g0_1"
1,1.59094332504478,-973.228534317255,-0.980000000000833,-1.97000000000541,0.0299999999748671,-0.0299999999808686,-4.98000000000082,0.019999999999167,0.0299999999945879,0.0299999999748671,-0.0299999999808686,0.0199999999991762,240.098141321141,55.431818782381,11.93654927647,-15.6810348346426,242.791845910233
2,1.57094394315954,NA,-0.960001261789044,-1.94000563454864,0.0598290260999018,-0.0598761470622286,-4.96000061811558,0.019998738211789,0.0299943654567762,0.0298290261250347,-0.02987614708136,0.0199993818852452,239.524287159156,55.0466652828163,10.4415847647488,-14.1112626545237,242.505758192237
3,1.5509456033302,NA,-0.940004702987931,-1.91002312694204,0.089323801150582,-0.0895182550751173,-4.94000227828624,0.019996558801113,0.029982507606599,0.0294947750506802,-0.0296421080128887,0.0199983398293391,238.925472483515,54.5446750277279,8.92332252988126,-12.5166773875662,242.215460730222
4,1.53094875901767,NA,-0.920011300759667,-1.88006058842307,0.118271807923006,-0.11879042517489,-4.92000543397371,0.0199934022282636,0.029962538518963,0.0289480067724238,-0.029272170099773,0.0199968443125307,238.30075796468,53.9293401845953,7.39219268325542,-10.906424664654,241.914552166236
5,1.51095391160423,NA,-0.900022093475983,-1.85012797369422,0.146400720446671,-0.147526780131956,-4.90001058656027,0.0199892072836847,0.0299326147288549,0.0281289125236657,-0.0287363549570652,0.0199948474134368,237.64920655708,53.2070661847683,5.86114028806151,-9.29073822248938,241.59625151583
6,1.49096163000997,NA,-0.880038182296811,-1.82023695354223,0.17336971286982,-0.175527478234381,-4.88001830496601,0.0199839111791715,0.0298910201519938,0.0269689924231482,-0.0280006981024258,0.0199922815942596,236.969885584131,52.3875072155988,4.34606210546917,-7.68092389989761,241.253487771473
7,1.47097257088427,NA,-0.860060732662113,-1.79040068721263,0.198766960010781,-0.20255580200397,-4.86002924584031,0.0199774496346985,0.0298362663295961,0.0253972471409614,-0.0270283237695885,0.0199890591257013,236.261866294853,51.4837883224573,2.8661195017321,-6.08931417559688,240.879062436079
8,1.4509874983232,NA,-0.840090975719512,-1.76063348258508,0.222119578440163,-0.228337529255175,-4.84004417327924,0.0199697569426002,0.0297672046275477,0.0233526184293815,-0.0257817272512053,0.019985072561069,235.524219409626,50.5124892561071,1.44371620876882,-4.52920207294483,240.465912767149
9,1.43100730155395,NA,-0.820130209733778,-1.7309503449202,0.242922353292134,-0.252564196913086,-4.82006397650999,0.0199607659857341,0.0296831376648819,0.0208027748519714,-0.0242266676579109,0.0199801967692542,234.756005385179,49.4932181345575,0.103851798485266,-3.01478324786331,240.007497394572
10,1.41103300854042,-870.666219659004,-0.800179801552046,-1.70136643632028,0.260687249405907,-0.274902054960569,-4.80008968349646,0.0199504081817322,0.0295839085999187,0.0177648961137734,-0.0223378580474833,0.0199742930135245,233.956258509807,48.4476033284409,-1.12741733914845,-1.56114659148443,239.498296937199
11,1.39106579326809,NA,-0.780241188224146,-1.6718964950673,0.275006069728954,-0.295008138613291,-4.78012246822413,0.0199386133279002,0.029469941252984,0.0143188203230464,-0.0201060836527216,0.0199672152723318,233.123965474533,47.3976421108091,-2.22543904328631,-0.184325845111744,238.934361790371
12,1.37110697491083,NA,-0.760315878892061,-1.64255428738008,0.285608280945747,-0.312553589244625,-4.76016364986687,0.0199253093320854,0.0293422076872157,0.010602211216793,-0.0175454506313335,0.0199588183572623,232.258040840634,46.3635892299408,-3.16989944622037,1.09866562638672,238.313763036331
13,1.35115800835621,NA,-0.740405457058458,-1.61335217138675,0.292393931485049,-0.327252048653255,-4.74021468331225,0.0199104218336027,0.029202115993335,0.00678565053930217,-0.0146984594086301,0.0199489665546168,231.35730345075,45.3618455355809,-3.94730757307116,2.27000759991824,237.636763691853
14,1.33122046740468,NA,-0.720511583319935,-1.58430083740389,0.295432035048514,-0.338888302278214,-4.72027714236072,0.0198938737385227,0.0290513339828604,0.00303810356346529,-0.0116362536249592,0.0199375409515315,230.420458065055,44.403405072444,-4.5520800176746,3.31166053001652,236.905585253453
15,1.31129602366725,NA,-0.700635998611045,-1.55540925550287,0.294930593060713,-0.347340830843047,-4.70035269862329,0.01987558470889,0.0288915819010187,-0.000501441987801218,-0.00845252856483267,0.0199244437374326,229.446085410245,43.4932198118076,-4.98587154538654,4.20640779452697,236.123791719365
16,1.2913864250626,NA,-0.680780527957121,-1.52668482493084,0.29119391807849,-0.352592949148472,-4.68044310001864,0.0198554706539244,0.0287244305720302,-0.00373667498222352,-0.00525211830542522,0.0199095986046508,228.432642365988,42.630480987782,-5.25561941003616,4.9391284471767,235.295460639691
17,1.27149347759411,NA,-0.660947084683982,-1.49813369236733,0.284581992816429,-0.35473072065689,-4.66055015255015,0.0198334432731386,0.0285511325635033,-0.00661192526206054,-0.00213777150841832,0.0198929474684831,227.378472628743,41.8095484042169,-5.37121589673006,5.49793072082139,234.42436756568
18,1.25161903301926,NA,-0.641137674987575,-1.46976119143452,0.275479924667146,-0.35393002097159,-4.6406757079753,0.0198094096964074,0.0283725009328088,-0.00910206814928302,0.00080069968530025,0.0198744445748556,226.281826843433,41.0211951032124,-5.34360502570053,5.87486717790853,233.51336311066
19,1.23176498360712,NA,-0.621354402732349,-1.44157235239492,0.264279152798701,-0.350437781036739,-4.62082165856316,0.0197832722552259,0.0281888390396057,-0.0112007718684448,0.00349223993485075,0.0198540494121367,225.140890072453,40.2539067113139,-5.18368346433817,6.06618851065832,232.564023501709
20,1.21193326387074,-766.231781248382,-0.601599474326478,-1.41357243460653,0.251368498747146,-0.34455265726239,-4.60098993882678,0.0197549284058705,0.0279999177883859,-0.012910654051555,0.00588512377434861,0.0198317197363794,223.953813965636,39.4950788358983,-4.90200774265759,6.0722957255166,231.576564606257
21,1.19212585821972,NA,-0.581875203514124,-1.38576744148712,0.23713205083278,-0.336608806673507,-4.58118253317576,0.019724270812354,0.0278049931194155,-0.0142364479143662,0.00794385058888307,0.0198074056510232,222.718751133471,38.7320398783686,-4.50911359735073,5.89761792639365,230.549955782635
22,1.17234481296809,NA,-0.562184015927225,-1.35816458590355,0.221951013032378,-0.326964346456705,-4.56140148792413,0.019691187586899,0.0276028555835655,-0.0151810378004017,0.0096444602168024,0.0197810452516254,221.433889726086,37.9528815278718,-4.01621021637766,5.55059063913177,229.482154578591
23,1.15259225098924,NA,-0.542528453250201,-1.33077268152637,0.206207106483803,-0.315994343538691,-4.54164892594528,0.0196555626770246,0.0273919043771826,-0.0157439065485751,0.0109700029180137,0.0197525619788526,220.097486541135,37.1471088385533,-3.43604084264371,5.04380549955386,228.370392492252
24,1.13287038742351,NA,-0.522911176871866,-1.30360244216899,0.190285461967718,-0.304087083093916,-4.52192706237955,0.019617276378335,0.0271702393573838,-0.0159216445160855,0.0119072604447752,0.0197218635657322,218.707896807473,36.3061317500524,-2.78373846981594,4.39430085293679,227.211460934313
25,1.11318154511327,NA,-0.503334970932111,-1.27666667658832,0.174575118415953,-0.291641792122445,-4.50223822006931,0.0195762059397553,0.0269357655806698,-0.0157103435517642,0.0124452909714706,0.0196888423102363,217.263598439104,35.4236160592336,-2.07752247433746,3.62388396411006,226.001964872466
26,1.09352816879386,NA,-0.483802744718429,-1.24998037123975,0.159465398023807,-0.27906576251405,-4.4825848437499,0.0195322262136817,0.0266863053485708,-0.0151097203921467,0.0125760296083956,0.0196533763194119,215.763208252611,34.495700581374,-1.3390783021805,2.75931922601558,224.738524692611
27,1.07391283747304,NA,-0.464317534428156,-1.22356065881385,0.145336840819979,-0.266768863019932,-4.46296951242908,0.0194852102902725,0.0264197124258988,-0.0141285572038275,0.0122968994941176,0.0196153313208198,214.205487812933,33.5210746004577,-0.593455633861595,1.83218153892994,223.417913751973
28,1.05433827487044,NA,-0.44488250437943,-1.19742667659673,0.132546332613184,-0.255153844853399,-4.44339494982648,0.0194350300487264,0.0261339822171183,-0.0127905082067952,0.0116150181665332,0.0195745626026023,212.589337666031,32.5009027244505,0.131658702002824,0.878171803151417,222.037122703114
29,1.0348073582359,NA,-0.425500947814273,-1.17159932580548,0.121407621624463,-0.244601789952824,-4.42386403319194,0.0193815565651572,0.0258273507912516,-0.0111387109887212,0.0105520549005755,0.019530916634539,210.913780800865,31.4385885258162,0.807356125278602,-0.064255262941515,220.593346509759
30,1.01532312626061,-670.278685737467,-0.406176287474882,-1.14610095024083,0.112170216399454,-0.235453542353142,-4.40437980121665,0.0193246603393906,0.0254983755646424,-0.0092374052250086,0.00914824759968142,0.019484231975288,209.177938717175,30.3393871922708,1.40552130460492,-0.955972549263606,219.083900555006
31,0.995888787037573,NA,-0.386912076135059,-1.12095495834584,0.105000867509969,-0.227989658510019,-4.38494546199361,0.0192642113398233,0.0251459918949976,-0.00716934888948486,0.00746388384312307,0.0194343392230369,207.381005731122,29.2099065063667,1.90116857652356,-1.75979943378479,217.506088621349
32,0.976507727022044,NA,-0.367711997231069,-1.09618541535185,0.0999716370614919,-0.222412593365249,-4.36556440197808,0.0192000789039895,0.0247695429939846,-0.00502923044847753,0.00557706514476966,0.0193810600155289,205.522227539632,28.0575639510516,2.27467670470105,-2.44328541953109,215.857061629094
33,0.957183521652303,NA,-0.348579865672317,-1.07181663063331,0.0970568198472827,-0.218834782425221,-4.34624019660834,0.0191321315587523,0.0243687847185447,-0.0029148172142092,0.00357781094002811,0.0193242053697407,203.600888351048,26.8900802848293,2.51348689289443,-2.98117091006134,214.133712738658
34,0.937919947780606,NA,-0.329519628847563,-1.04787276012931,0.0961385123003644,-0.217274832699044,-4.32697662273665,0.0190602368247536,0.0239438705039972,-0.000918307546918261,0.00155994972617776,0.0192635738716972,201.616307169843,25.7150762445235,2.61297526094495,-3.35708334091578,212.332645744482
35,0.918720997473192,NA,-0.310535367802851,-1.02437743655641,0.0970186521241351,-0.21766185354905,-4.30777767242923,0.0189842610447126,0.0234953235729024,0.000880139823770717,-0.000387020850006477,0.0191989503074139,199.567840005557,24.5398034053323,2.57644830298887,-3.56422858317273,210.450233096253
36,0.899590892220337,NA,-0.291631298567084,-1.00135343352781,0.0994346410000826,-0.219846092538728,-4.28864756717638,0.0189040692357667,0.0230240030285942,0.00241598887594751,-0.00218423898967802,0.019130105252855,197.454882552393,23.37099838428,2.41441997673064,-3.60510194809649,208.482756570447
37,0.880534096261644,NA,-0.272811773638325,-0.978822365420118,0.103076147693415,-0.22361321813554,-4.26959077121768,0.0188195249287591,0.0225310681076957,0.0036415066933321,-0.00376712559681215,0.0190567959586927,195.276867995062,22.2148202988137,2.14342893400499,-3.49045035591189,206.42660636895
38,0.861555327620601,NA,-0.254081283699582,-0.956804423450018,0.107601754751049,-0.228699846236194,-4.25061200257664,0.0187304899387425,0.0220179419700994,0.00452560705763426,-0.00508662810065348,0.0189787686410434,193.033257069146,21.076823676367,1.78463818770069,-3.2377974469,204.278506695346
39,0.842659565545511,NA,-0.23544445968352,-0.935318149345348,0.11265510846668,-0.23480877468836,-4.23171624050155,0.0186368240160626,0.02148627410467,0.0050533537156305,-0.00610892845216619,0.0188957620750901,190.723520757956,19.9619294789954,1.36237852984777,-2.86980653640967,202.035735920845
40,0.823852053332238,-587.593834368269,-0.21690607532806,-0.914380250016767,0.117880774057955,-0.241623319901792,-4.21290872828828,0.0185383843554594,0.0209378993285809,0.00522566559127572,-0.00681454521343196,0.0188075122132734,188.347119221817,18.8743757803422,0.902711640264897,-2.41266012608321,199.696313979985
41,0.805138295908519,NA,-0.198471050343227,-0.894005458509147,0.122939999747124,-0.24882078692017,-4.19419497086456,0.0184350249848332,0.0203747915076199,0.00505922568916855,-0.00719746701837803,0.0187137574237183,185.903482880576,17.8176481699666,0.432036072197661,-1.89453766324732,197.259136032244
42,0.78652405203737,NA,-0.180144454238019,-0.874206447266329,0.127526183345377,-0.25608533526431,-4.17558072699341,0.0183265961052086,0.019799011242818,0.00458618359825283,-0.00726454834414047,0.0186142438711494,183.39200249784,16.7944035297296,-0.0242519342918968,-1.34420897325072,194.7240386869
43,0.768015321494418,NA,-0.161931510740272,-0.854993798815538,0.13137926739429,-0.263120382669607,-4.15707199645046,0.0182129434977461,0.0192126484507918,0.00385308404891326,-0.00703504740529685,0.0185087305429517,180.812034518567,15.8064081847442,-0.443012668256415,-0.78973591371323,192.091792831661
44,0.749618328028427,NA,-0.143837602599085,-0.836376036223931,0.134297858768643,-0.269660360008778,-4.13867500298447,0.018093908141187,0.0186177625916064,0.00291859137435302,-0.00653997733917037,0.0183969934659907,178.162925794823,14.8545129331978,-0.804473991138366,-0.257279590414328,189.364026250587
45,0.731339499261276,NA,-0.125868276412673,-0.81835971141512,0.136147804455391,-0.275481267770067,-4.12039617421732,0.0179693261864128,0.0180163248088118,0.00184994568674846,-0.00582090776128896,0.0182788287671512,175.444058678522,13.9386830426247,-1.09312448671517,0.229969392648854,186.54308874261
46,0.713185444863436,NA,-0.108029247003586,-0.800949544386415,0.13686631634969,-0.280409249616438,-4.10224211981948,0.0178390294090866,0.0174101670287051,0.000718511894298354,-0.00492798184637114,0.0181540543978396,172.654913633323,13.0580919267231,-1.29832111838368,0.652699759484676,183.631881411657
47,0.695162934319505,NA,-0.0903264007910329,-0.784148601574052,0.13646138218076,-0.284326395841621,-4.08421960927555,0.0177028462125531,0.0168009428123623,-0.000404934168929554,-0.00391714622518287,0.0180225105439308,169.795143388001,12.2112743974867,-1.41457474455819,0.996178908962975,180.63367725631
48,0.677278875381365,NA,-0.0727657976011204,-0.767958498113088,0.135006864356145,-0.287173228447218,-4.06633555033741,0.0175606031899125,0.0161901034609644,-0.00145451782461537,-0.00284683260559753,0.0178840589381405,166.864650593652,11.3963229546243,-1.44151848189722,1.2506985433447,177.551960273377
49,0.659540293946121,NA,-0.055353670411063,-0.752379607271745,0.132634137429767,-0.288947713978313,-4.04859696890216,0.0174121271900574,0.0155788908413425,-0.00237272692637795,-0.00177448553109514,0.0177385814352434,163.863660598054,10.6111020932076,-1.38359927632337,1.41174004284039,174.390304106282
50,0.641954315678518,-520.988513201717,-0.0380964226323196,-0.737411261131102,0.129521252638548,-0.289701062483242,-4.03101099063456,0.0172572477787434,0.014968346140643,-0.0031128847912187,-0.000753348504928643,0.0175859782676036,160.792782049839,9.85345346066424,-1.24955003116156,1.47985748867541,171.152300370068
51,0.624528149315775,NA,-0.0210006226810705,-0.723051929279067,0.125880505990151,-0.28953087811005,-4.01358482427182,0.0170957999512491,0.0143593318520355,-0.00364074664839706,0.000170184373191456,0.0174261663627432,157.653050292765,9.12136932015528,-1.05169651419601,1.46030004657405,167.841534773743
52,0.607269071322401,NA,-0.00407299574125843,-0.709299366195407,0.121945074938912,-0.288572371851239,-3.99632574627844,0.0169276269398121,0.0137525630836593,-0.00393543105123944,0.00095850625881141,0.0172590779933736,154.445951079651,8.41312024022045,-0.805139118256193,1.36241191739828,164.461599115384
53,0.590184411436997,NA,0.0126795872255167,-0.696150722258152,0.117955227135842,-0.286988346991655,-3.97924108639304,0.0167525829667751,0.0131486439372549,-0.00398984780306913,0.00158402485958426,0.017084659885404,151.173424763442,7.72733308338047,-0.526835522123292,1.1988567410981,161.016122320348
54,0.573281538664454,NA,0.0292501230440855,-0.683602617173408,0.114144576994545,-0.284958586692662,-3.96233821362049,0.0165705358185688,0.012548105084744,-0.00381065014129783,0.00202976029899292,0.0169028727725425,147.837853245392,7.0630237109981,-0.234606367826018,0.98471592423266,157.508803981727
55,0.556567847372317,NA,0.0456314921946678,-0.671651177652993,0.110726967636237,-0.28266917978031,-3.94562452232836,0.0163813691505824,0.0119514395204153,-0.00341760935830798,0.00228940691235157,0.0167136912921368,144.442033425776,6.41959405641046,0.0539047857728292,0.736511187824362,153.943438567694
56,0.540050743287568,NA,0.0618164766669007,-0.660292043187736,0.107884708268442,-0.280302258176187,-3.92910741824361,0.0161849844722329,0.0113591344652574,-0.00284225936779448,0.00236692160412284,0.0165171040847496,140.989141616501,5.79680479575018,0.32226729786089,0.471203080678606,150.323925640805
57,0.523737629302813,NA,0.0777977794646842,-0.649520344921158,0.105758987454499,-0.278026593377877,-3.91279430425885,0.0159813027977835,0.0107716982665782,-0.00212572081394369,0.00227566479831047,0.0163131139847546,137.482693216384,5.19473326676234,0.556225609216199,0.205219625399877,146.654268220345
58,0.507635891049964,NA,0.0935680454410774,-0.639330663211564,0.10444321890104,-0.275989486397555,-3.896692566006,0.0157702659763932,0.0101896817095932,-0.00131576855345813,0.00203710698032227,0.0161017382528488,133.92650114838,4.61372295660567,0.744507663057448,-0.0464296914515216,142.938566181101
59,0.491752882175776,NA,0.109119883171895,-0.629716969790542,0.103979833547614,-0.274310350789777,-3.88080955713182,0.0155518377308175,0.00961369342102238,-0.000463385353426846,0.0016791356077774,0.015883008874188,130.32463529612,4.05432740421929,0.879405443470205,-0.270902251031657,139.181012927452
60,0.476095909177034,-472.364344584254,0.124445887610042,-0.620672560693061,0.104360664872755,-0.273076305869491,-3.86515258413307,0.0153260044381469,0.00904440909748088,0.000380831325141578,0.00123404492028618,0.0156569729987425,126.681383874256,3.51724900838235,0.957076322265493,-0.45808972629402,135.385901530185
61,0.460672215559854,NA,0.139538663292788,-0.612189986392095,0.105530688630077,-0.272339962399677,-3.84972889051589,0.0150927756827464,0.00848257430096632,0.00117002375732165,0.00073634346981375,0.01542369361718,123.001216852572,3.00327271645529,0.977548149876384,-0.600976016471577,131.557642522466
62,0.445488965016601,NA,0.154390847899784,-0.604260985729523,0.107394574379215,-0.272119414223603,-3.83454563997264,0.0148521846069958,0.00792900066257178,0.00186388574913865,0.000220548176074422,0.0151832505432525,119.288751355953,2.51319549818163,0.94444648254921,-0.695775318604319,127.700791150573
63,0.430553223294149,NA,0.168995135984339,-0.596876430142157,0.109825335837417,-0.272400278320216,-3.81960989825019,0.0146042880845547,0.00738455558736642,0.00243076145820152,-0.000280864096612734,0.0149357417224529,115.548719300591,2.04775414601954,0.864490170329191,-0.741858674473406,123.820078549102
64,0.415871938465886,NA,0.183344302733712,-0.590026284189544,0.112674322034454,-0.273139483209039,-3.80492861342193,0.0143491667493736,0.00685014595261259,0.00284898619703698,-0.000739204888823192,0.0146812848282626,111.785938473759,1.60755556066761,0.746817206049855,-0.741492876272787,119.920440358214
65,0.401451919409979,NA,0.197431227662916,-0.583699587445317,0.115781824954514,-0.274270410275712,-3.79050859436602,0.0140869249292035,0.00632669674422724,0.00310750292006004,-0.00113092706667325,0.0144200190559075,108.00528897903,1.19301435347552,0.602206864073196,-0.699427020549592,116.007036938868
66,0.387299812415868,NA,0.211248918215174,-0.577884461426169,0.118987640854908,-0.275708947240122,-3.77635648737191,0.0138176905522581,0.0058151260191479,0.00320581590039359,-0.00143853696441029,0.0141521069941103,104.211697415622,0.80430264347342,0.442260600834743,-0.622368219751479,112.085261643529
67,0.373422075967086,NA,0.224790533328324,-0.572568143512504,0.122140982067336,-0.277360008577269,-3.76247875092313,0.0135416151131497,0.00531631791366509,0.00315334121242819,-0.00165106133714696,0.0138777364487823,100.410130909268,0.441315952457444,0.278597409533177,-0.518389965122878,108.160736053264
68,0.359824953861068,NA,0.238049407119244,-0.567737047914501,0.125109192256698,-0.279124100922698,-3.74888162881711,0.0132588737909201,0.00483109559800294,0.00296821018936226,-0.00176409234542914,0.0135971221060177,96.6056020081396,0.10365768957854,0.122111796940771,-0.396315659827451,104.239293272599
69,0.346514446913615,NA,0.251019072923066,-0.563376851828052,0.12778478831473,-0.280903551233104,-3.73557112186966,0.0129696658038224,0.00436019608644883,0.00267559605803187,-0.00177945031040592,0.013310506947454,92.8031839276855,-0.209356919640413,-0.0176648802607815,-0.265116537434551,100.326951762213
70,0.333496283554747,-441.616408685281,0.263693287981686,-0.559472603193209,0.130090455643225,-0.282608066119751,-3.72255295851079,0.0126742150586197,0.00390424863484297,0.00230566732849479,-0.00170451488664692,0.013018163358867,89.008033698974,-0.498678446092526,-0.133067312049207,-0.133358520315596,96.4298825124388
71,0.320775889658269,NA,0.276066059091634,-0.556008845056403,0.131981767378634,-0.284159351444977,-3.70983256461431,0.012372771109948,0.00346375813680646,0.00189131173540963,-0.00155128532522533,0.012720393896479,85.2254191693191,-0.765484863904931,-0.218640767570832,-0.00872680516295077,92.5543720103406
72,0.308358357967729,NA,0.288131669485361,-0.552969750565106,0.133447570794293,-0.285494592528332,-3.69741503292377,0.0120656103937269,0.00303909449129668,0.00146580341565827,-0.00133524108335522,0.0124175316905395,81.4607447779281,-1.01113088362581,-0.271316280873179,0.102350136899076,88.7067826283783
73,0.296248417496592,NA,0.299884707132005,-0.550339262138944,0.134508161330835,-0.286568676485221,-3.68530509245263,0.0117530376466443,0.00263048842616229,0.00106059053654282,-0.00107408395688874,0.0121099404711368,77.7195708747058,-1.23708939042899,-0.290417787596198,0.19496296545185,84.8935110900584
74,0.284450403297583,NA,0.311320094512148,-0.548101228359961,0.135211519948882,-0.287355125232349,-3.67350707825362,0.0114353873801432,0.00223803377898314,0.000703358618046938,-0.000786448747128338,0.0117980141990098,74.0076220517949,-1.44488951434596,-0.277514159279235,0.265864360358137,81.1209448789896
75,0.272968227019438,NA,0.322433119761636,-0.546239532538873,0.135628004884962,-0.28784579361809,-3.66202490197548,0.0111130252494874,0.00186169582108729,0.000416484936079367,-0.000490668385740944,0.0114821762781444,70.3307813819265,-1.63605539512446,-0.236138290574672,0.313494609827103,77.395416027457
76,0.261805348696964,NA,0.33321946891045,-0.54473820763622,0.135843958908348,-0.28804946422927,-3.650862023653,0.0107863491488143,0.00150132490265376,0.000215954023386503,-0.000203670611179651,0.0111628783224746,66.6950691373813,-1.81204883915598,-0.171402141404542,0.337899254532203,73.7231518098724
77,0.250964750248468,NA,0.343675258783356,-0.543581533144029,0.135954723063676,-0.287989531756883,-3.64002142520451,0.0104557898729064,0.001156674492191,0.000110764155328256,5.9932472386914e-05,0.0108405984484954,63.106606388601,-1.97421820473664,-0.0895401149136887,0.340554540798621,70.1102221967176
78,0.240448911174189,NA,0.353797069993679,-0.542754110564403,0.136057546471247,-0.287701011519723,-3.62950558613023,0.010121811210323,0.000827422579625164,0.000102823407570474,0.000288520237159791,0.010515839074279,59.571565223564,-2.12375497937956,0.00258525517438102,0.32412068208032,66.5624847761137
79,0.230259786951942,NA,0.363581979362487,-0.542240915199092,0.136244856121849,-0.287227127685962,-3.61931646190798,0.00978490936880818,0.000513195365311843,0.000187309650602073,0.000473883833760944,0.0101891242222469,56.0961085233203,-2.2616590160851,0.0979816627477703,0.292145857088144,63.0855286254928
80,0.220398790603627,-425.768430435123,0.373027591035752,-0.54202732307437,0.13659830323548,-0.286615738342568,-3.60945546555967,0.00944561167326448,0.000213592124721256,0.000353447113630924,0.000611389343393723,0.00986099634831534,52.6863225849183,-2.38871328008372,0.189997404618225,0.248744753434949,59.6846194343925
81,0.210866777854841,NA,0.382132065553119,-0.542099112963327,0.137183933175127,-0.285915839572589,-3.59992345281088,0.00910447451736662,-7.1789888956718e-05,0.000585629939647293,0.000699898769979373,0.00953201274878619,49.3481460813427,-2.5054689206172,0.272734882287295,0.198274773310914,56.364648556837
82,0.201664036229089,NA,0.390894146140353,-0.542442444632992,0.138048734353327,-0.285174362209504,-3.59072071118513,0.00876208058723485,-0.000343331669665135,0.000864801178199646,0.000741477363084532,0.00920274162575205,46.0872986081995,-2.61224148914607,0.341383209843116,0.145030981002492,53.1300887956832
83,0.192790278314693,NA,0.399313181547138,-0.543043815618825,0.139218712169287,-0.284433436175543,-3.58184695327073,0.00841903540678472,-0.000601370985832358,0.00116997781595985,0.000740926033961377,0.00887375791439608,42.9092115791718,-2.70911896166126,0.392452428741308,0.0929774603264377,49.9849591625434
84,0.184244639323438,NA,0.40738914482902,-0.543889999951771,0.140698515948139,-0.283728251195683,-3.57330131427948,0.00807596328188214,-0.000846184332945997,0.00147980377885263,0.000705184979860266,0.00854563899125545,39.8189639560087,-2.79598164297568,0.423899870725108,0.0455288034117984,46.9328002782277
85,0.176025678937196,NA,0.415122647570161,-0.544967973256627,0.142472532389765,-0.283085592505523,-3.56508235389324,0.00773350274114099,-0.00107797330485676,0.00177401644162601,0.000642658690159926,0.00821896038624179,36.8212247514066,-2.87253328963288,0.435147877624331,0.00539061659310391,43.9766610287506
86,0.168131387321395,NA,0.422514949159556,-0.546264829405897,0.144507259969332,-0.282523079101169,-3.55718806227744,0.00739230158939493,-0.00129685614926998,0.00203472757956716,0.000562513404353499,0.00789429161580118,33.9202040680675,-2.9383418160478,0.427000251761456,-0.0255366660439904,41.1190962785213
87,0.160559195079431,NA,0.429567960862528,-0.547767694369752,0.146754703690529,-0.282049083628926,-3.54961587003547,0.00705301170297178,-0.00150286496385486,0.00224744372119692,0.000473995472242941,0.00757219224196351,31.1196140472703,-2.9928871009588,0.401471966142708,-0.0461911514548774,38.3621747857887
88,0.15330598683546,NA,0.436284244567881,-0.54946364299287,0.149156482022264,-0.281663270119714,-3.5423626617915,0.00671628370535282,-0.0016959486231176,0.00240177833173479,0.000385813509212077,0.00725320824397117,28.4226408371069,-3.03561274733966,0.361551607284127,-0.0563243770557165,35.7074959561032
89,0.14636811806671,NA,0.442667006232855,-0.551339624142541,0.151648316927119,-0.281357651191989,-3.53542479302275,0.00638276166497383,-0.00187598114967174,0.00249183490485498,0.000305618927724828,0.00693786876875067,25.831928204525,-3.06597838687139,0.31091883101908,-0.0564256896495863,33.1562138217123
90,0.139741434760888,-419.621253714007,0.448720084187227,-0.553382399025245,0.154164580505754,-0.281118041504604,-3.52879810971693,0.00605307795437233,-0.00204277488270332,0.00251626357863486,0.000239609687385151,0.00662668330582141,23.3495729685274,-3.08350908767352,0.253640065466243,-0.0476062359666685,30.7090665694432
91,0.133421295450715,NA,0.454447932583222,-0.555578496545217,0.156642593878108,-0.280925770184418,-3.52247797040676,0.00572784839599529,-0.00219609751997201,0.00247801337235389,0.000192271320186535,0.00632013931017328,20.9771315002172,-3.08783901232346,0.193864606217176,-0.0314546082336165,28.3664097702285
92,0.127402595175072,NA,0.459855600384799,-0.557914188433045,0.159026412195728,-0.2807595112973,-3.51645927013111,0.00540766780157639,-0.00233569188782841,0.00238381831762026,0.000166258887117457,0.00601870027564309,18.7156361448615,-3.07874683528553,0.135541103531978,-0.00987649116268585,26.1282515015182
93,0.121679790934321,NA,0.464948706368583,-0.560375485629128,0.161269881254131,-0.280597097576724,-3.51073646589036,0.00509310598378457,-0.00246129719608236,0.00224346905840233,0.000162413720576104,0.00572280424075124,16.5656195741803,-3.05618143045194,0.082171251847285,0.0150692932265883,23.9942875361976
94,0.116246928246374,NA,0.469733410655253,-0.562948156150231,0.163338812957512,-0.280417197132221,-3.50530360320241,0.00478470428667014,-0.00257267052110296,0.00206893170338151,0.000179900444503039,0.00543286268794665,14.5271446785955,-3.02027704549346,0.0366135122931155,0.041327044755235,21.9639346738632
95,0.111097668465586,NA,0.474216383304132,-0.565617763479255,0.165212195465795,-0.280200754031445,-3.50015434342163,0.00448297264887845,-0.00266960732902468,0.001873382508283,0.000216443100776381,0.00514925978078755,12.599837487528,-2.97135790447101,0.000945682927522284,0.0669830541255578,20.0363606205656
96,0.10622531659548,NA,0.47840477048776,-0.568369723477279,0.166882424331064,-0.279932119568773,-3.49528199155152,0.00418838718362882,-0.00275195999802366,0.00167022886526929,0.000268634462671363,0.00487235187010648,10.7829207189525,-2.90993291230279,-0.0236095723948893,0.0903794352780096,18.2105090232199
97,0.101622849402887,NA,0.482306158722745,-0.571189376971519,0.168354608461946,-0.279599829537484,-3.49067952435893,0.00390138823498437,-0.00281965349424035,0.00147218413088133,0.000332290031289581,0.00460246719259347,9.07524591184483,-2.83668164115625,-0.036696219467558,0.11019776025023,16.485118720766
98,0.0972829437176963,NA,0.485928537577508,-0.574062074542289,0.169645064239695,-0.27919701179171,-3.48633961867374,0.00362237885476318,-0.00287269757076952,0.00129045577774896,0.00040281774577336,0.00433990568519026,7.47532276818674,-2.7524330533879,-0.0387775560284354,0.125509866961693,14.8587368931885
99,0.0931980048720846,NA,0.489280261215444,-0.576973269644157,0.17077915876286,-0.278721435755936,-3.48225467982813,0.00335172363793647,-0.00291119510186825,0.00113409452316517,0.000475576035774661,0.00408493884561168,5.98134498090985,-2.65813876922039,-0.0310376429979442,0.135795748406053,13.329726382949
100,0.0893601952888248,-418.030552752923,0.492370009072357,-0.579908616023761,0.171788696486804,-0.278175239411392,-3.47841687024487,0.0030897478569122,-0.00293534637960462,0.00100953772394424,0.000546196344543769,0.00383780958326007,4.59121253186368,-2.55484257706939,-0.0152417391063864,0.14093085951572,11.8962680863888
101,0.0693601953077705,NA,0.512370009011797,-0.609908615900994,0.201788649844092,-0.248175241536838,-3.45841687026381,0.0199999999394408,-0.0299999998772327,0.0299999533572878,0.0299999978745541,0.0199999999810541,3.30255087646947,-2.44364816467169,0.00643186297111242,0.141146845749063,10.5563596690672
102,0.0638864741306923,NA,0.50962295132532,-0.638949553752198,0.179590256886869,-0.268452701026965,-3.44129336809023,-0.00274705768647715,-0.0290409378512042,-0.0221983929572233,-0.0202774594901277,0.0171235021735803,-3.91791553170151,-1.59675943621096,-1.03150283734976,-1.45330531154286,3.17748790337191
103,0.0728071947291562,NA,0.49946080795575,-0.650923442443613,0.176429799827835,-0.280029799606661,-3.42857519291843,-0.0101621433695702,-0.0119738886914146,-0.00316045705903391,-0.0115770985796959,0.0127181751718022,-4.65111004189112,1.39613108331105,0.71612547856148,0.294282530148848,-0.438157973690068
104,0.0678783395368187,NA,0.4867773223653,-0.645994587251275,0.185825336733788,-0.275117157565246,-3.41980484321597,-0.0126834855904501,0.00492885519233755,0.00939553690595377,0.00491264204141568,0.00877034970246206,-3.50972867579458,3.08058025382252,1.07768507177752,1.38160787741981,-1.48641256544124
105,0.054947149060414,NA,0.473684749465905,-0.633063396774871,0.198291953245945,-0.263305030523119,-3.41340086225608,-0.0130925728993953,0.0129311904764047,0.0124666165121561,0.0118121270421267,0.00640398095988465,-1.9854616482462,3.2058628158893,0.517371372552589,1.17932804187149,-1.00116034047915
106,0.0381808245386066,NA,0.461894063520883,-0.616297072253063,0.206090301149347,-0.250660009211628,-3.40775222879789,-0.0117906859450217,0.0167663245218074,0.00779834790340267,0.0126450213114911,0.00564863345819276,-0.39916031539633,2.59349545785881,-0.311795640755008,0.395916918591865,0.138459435561344
107,0.0204785760993003,NA,0.45262869837973,-0.598174089771375,0.205297248396981,-0.243305018711686,-3.40177100856068,-0.00926536514115328,0.0181229824816886,-0.000793052752366186,0.0073549904999416,0.00598122023720412,0.78030585768829,1.655441328694,-0.891171704893168,-0.547234710097655,1.19112296090407
108,0.0197011918466355,NA,0.446034397166239,-0.580749541137978,0.198095128197191,-0.244082402964351,-3.39511290494379,-0.0065943012134904,0.0174245486333971,-0.00720212019978978,-0.000777384252664763,0.00665810361689489,1.21474913328257,0.651794794066518,-0.971089205563658,-1.20552870214397,1.64610691001599
109,0.0126419624567422,NA,0.441338400938243,-0.565871140337366,0.187642341010882,-0.251141632354244,-3.38804448561548,-0.00469599622799596,0.0148784008006113,-0.0104527871863095,-0.00705922938989328,0.00706841932830657,0.93649078053204,-0.249302999577594,-0.681462551028744,-1.32926058313387,1.40322186780395
110,0.0232845150605931,-417.651971643394,0.437472269296032,-0.554831732653864,0.177129549850574,-0.26170749267509,-3.38117392396993,-0.00386613164221174,0.0110394076835027,-0.0105127911603077,-0.0105658603208454,0.00687056164555092,0.272303671522423,-0.923078782761877,-0.193036030964322,-1.00652851585892,0.675606063396117
111,0.0301121036616373,NA,0.433593638436213,-0.548004144052819,0.169775292482414,-0.272895462455922,-3.37518156817035,-0.00387863085981885,0.00682758860104418,-0.00735425736816024,-0.011187969780832,0.00599235579957972,-0.353878597252333,-1.29230546122017,0.318252778583883,-0.397868134882629,-0.194226748249093
112,0.0331484185616329,NA,0.429398671811781,-0.544967829152824,0.167400672003715,-0.281468352777228,-3.37054923447763,-0.00419496662443179,0.00303631489999556,-0.00237462047869837,-0.00857289032130635,0.00463233369271727,-0.610819105304472,-1.36886192251495,0.66688704578155,0.320898473091802,-0.879092449963537
113,0.0331896226197735,NA,0.42516677063282,-0.544926625094683,0.169653042481565,-0.284884078375594,-3.36739477511856,-0.00423190117896077,4.1204058140723e-05,0.00225237047784955,-0.00341572559836646,0.00315445935907,-0.386704582524544,-1.23965704062812,0.752394471987827,0.930585438823073,-1.19185315156756
114,0.0310845891955691,NA,0.421581646406924,-0.547031658518888,0.17500795217846,-0.282754079961625,-3.36551562194926,-0.00358512422589662,-0.00210503342420438,0.00535490969689542,0.00212999841396902,0.00187915316930522,0.200939038563774,-1.00933326734776,0.605587301265587,1.23843110145572,-1.14250822377926
115,0.0275804959025781,NA,0.41941133211145,-0.550535751811879,0.181588601606562,-0.276317184694574,-3.36457096582784,-0.00217031429547321,-0.0035040932929911,0.00658064942810175,0.00643689526705184,0.000944656121417816,0.895181250939459,-0.759526911338071,0.318193643238374,1.19049886507128,-0.894455234288216
116,0.0266048824858492,NA,0.419131594708779,-0.554853334275129,0.187527087142479,-0.267410869790698,-3.36427513576726,-0.000279737402671503,-0.00431758246325057,0.00593848553591647,0.00890631490387592,0.000295830060578136,1.41822879356823,-0.541032865157831,-0.00450415086561406,0.845277693315438,-0.662240224755806
117,0.025013437666589,NA,0.420723039528039,-0.559563259810511,0.191423665158424,-0.258174235570049,-3.36452009321403,0.00159144481926026,-0.00470992553538125,0.00389657801594492,0.00923663422064876,-0.000244957446767777,1.58927452503121,-0.372524942804375,-0.260640634337506,0.309257879393954,-0.603816540092339
118,0.0236651603277171,NA,0.423752266734507,-0.564361209202345,0.192788327373253,-0.250880383858948,-3.36539151462832,0.00302922720646836,-0.00479794939183477,0.00136466221482913,0.00729385171110085,-0.000871421414292638,1.38963002029868,-0.242137619466121,-0.380833502617861,-0.278891687344185,-0.75917423600913
119,0.0219682632535148,NA,0.42757961620891,-0.568986798740393,0.192017835928238,-0.247270460968634,-3.36708841170253,0.00382734947440217,-0.00462558953804759,-0.000770491445014778,0.00360992289031381,-0.00169689707420225,0.941859130421108,-0.121763376341733,-0.355987230591381,-0.759633348366151,-1.05561506870799
120,0.0192671032691392,-417.658247647046,0.431568879679183,-0.573167121405832,0.190014774394525,-0.247836386399909,-3.3697895716869,0.003989263470273,-0.00418032266543877,-0.00200306153371332,-0.000565925431274617,-0.0027011599843756,0.439116400343664,0.0118937873594405,-0.230750184186945,-1.00405620457877,-1.35293326877672
121,0.0155281902749937,NA,0.435274875581347,-0.576610726745297,0.187775968095635,-0.251898072796019,-3.37352848468105,0.00370599590216392,-0.00344360533946546,-0.0022388062988898,-0.00406168639611042,-0.00373891299414535,0.0646839981754965,0.161055135095012,-0.0729575839386598,-0.970120175338707,-1.50264852777582
122,0.0109240694884685,NA,0.438556128892549,-0.57905735788115,0.186049565012198,-0.258108057853001,-3.37813260546757,0.00328125331120261,-0.00244663113585287,-0.00172640308343718,-0.0062099850569821,-0.00460412078652525,-0.0769375185427634,0.304151935779373,0.0538179602926903,-0.700221123111078,-1.4084427908756
123,0.00581555694255886,NA,0.441548562372115,-0.580362456311734,0.185121883054836,-0.264808989897136,-3.38324111801348,0.00299243347956574,-0.00130509843058427,-0.000927681957361387,-0.00670093204413505,-0.00510851254590982,0.00398145289182139,0.404061106564768,0.11005852627477,-0.286710815657898,-1.06488043172703
124,0.0065515858182294,NA,0.444513141317373,-0.5805793412175,0.184821101905367,-0.270335180629216,-3.38838051569153,0.00296457894525782,-0.000216884905765807,-0.00030078114946939,-0.00552619073207942,-0.00513939767805328,0.196269572256824,0.422130426045442,0.092013864900764,0.153213943576702,-0.555406019770999
125,0.00967094389492962,NA,0.447637988450363,-0.579998900131747,0.184721091483447,-0.273454538705916,-3.39307485303685,0.00312484713299022,0.000580441085753264,-0.00010001042192002,-0.00311935807670023,-0.00469433734531619,0.34498325817367,0.334994272179756,0.0290945979486423,0.500429355838605,-0.0143853696954466
126,0.00996817285622864,NA,0.450890470548433,-0.579118985682186,0.184427154761994,-0.273751767667215,-3.39696064948481,0.00325248209806969,0.000879914449560978,-0.000293936721452882,-0.000297228961299019,-0.00388579644796077,0.325995909520316,0.149495052141901,-0.0335176684984617,0.668245644419585,0.427904441835381
127,0.0108010980626765,NA,0.453986720735979,-0.578536514906315,0.18380442851766,-0.271640550141748,-3.39985777301872,0.00309625018754599,0.000582470775870468,-0.000622726244333497,0.00211121752546686,-0.00289712353390462,0.105202816484962,-0.092137884166732,-0.0579608257567088,0.632256512176355,0.695257668894556
128,0.0127044245333665,NA,0.456491954973521,-0.578781655142024,0.183047644175002,-0.268090165432371,-3.40176109948941,0.00250523423754202,-0.00024514023570849,-0.000756784342658205,0.00355038470937733,-0.00190332647068981,-0.245622723582528,-0.322345284189396,-0.0305557722413141,0.43158252935882,0.789157267604423
129,0.0137107843730484,NA,0.458013106510393,-0.580146038945745,0.182573009462932,-0.264293534349637,-3.40276745932909,0.00152115153687209,-0.001364383803721,-0.000474634712070487,0.00379663108273364,-0.00100635983968182,-0.584397272973547,-0.469923317041321,0.0342312813472745,0.146930196933681,0.774337381699297
130,0.0139329722805916,-417.645249311545,0.458388217698901,-0.582574864732822,0.182791976314625,-0.261330275246122,-3.40298964723663,0.000375111188508017,-0.00242882578707693,0.000218966851693104,0.00296325910351516,-0.00022218790754333,-0.770466308495088,-0.484568737419977,0.102552646126242,-0.127385180235251,0.733315016532288
131,0.0134509224988237,NA,0.457759637327247,-0.58566533200986,0.183878461496057,-0.259858074758949,-3.40250759745486,-0.000628580371654202,-0.00309046727703865,0.00108648518143248,0.00147220048717287,0.000482049781767821,-0.736267049887829,-0.355025050566837,0.1382340104783,-0.31147175377555,0.716379849450277
132,0.0123198048658111,NA,0.456498923434204,-0.588765458697791,0.185648607137034,-0.259959211605342,-3.40137647982185,-0.00126071389304212,-0.00310012668793063,0.00177014564097628,-0.000101136846392648,0.00113111763301263,-0.51808929129038,-0.113551162712611,0.120380171892975,-0.363640456271241,0.717911375431868
133,0.013028963005429,NA,0.455038243891427,-0.591145210719886,0.18760800047673,-0.261210581233557,-3.39967529960281,-0.00146067954277703,-0.00237975202209479,0.00195939333969683,-0.00125136962821549,0.00170118021904167,-0.232323756108599,0.174573996787331,0.0528607438354811,-0.290349188389882,0.689667603523958
134,0.0140834298276058,NA,0.453687148224151,-0.592199677542063,0.189138782737046,-0.262906850206214,-3.39755756456378,-0.00135109566727626,-0.00105446682217679,0.00153078226031547,-0.00169626897265682,0.00211773503902586,-0.0151424131900058,0.432246612831477,-0.0381793290671339,-0.137889825850834,0.57824026328035
135,0.0135003342398792,NA,0.452517807839689,-0.591616581954336,0.18974916913199,-0.264335934145811,-3.39526553264285,-0.00116934038446233,0.000583095587726609,0.000610386394944096,-0.00142908393959683,0.00229203192093204,0.0443846613507048,0.595316310523231,-0.116441772775033,0.0283250528809731,0.365239567372555
136,0.0113251865581334,NA,0.451378019600265,-0.58944143427259,0.189273566374052,-0.265024288980069,-3.39308853615719,-0.00113978823942428,0.00217514768174576,-0.000475602757937631,-0.00068835483425828,0.00217699648565934,-0.053737854841529,0.631552474601449,-0.151806770531948,0.148125954524403,0.0890102575112905
137,0.00791490699211572,NA,0.450023258888519,-0.586031154706573,0.187925124636414,-0.264870549292982,-3.39127539447284,-0.00135476071174585,0.00341027956601769,-0.00134844173763814,0.000153739687086906,0.00181314168435631,-0.224955212502209,0.546037249478104,-0.133519951077687,0.18666078062779,-0.165524722888222
138,0.0038245593180507,NA,0.44829355343788,-0.581940807032508,0.186187458559081,-0.264125344709173,-3.38994110817367,-0.00172970545063832,0.00409034767406498,-0.00173766607733356,0.000745204583809705,0.00133428629916529,-0.348822320574982,0.372701016999599,-0.0735899897108538,0.143279920621353,-0.306107039591552
139,0.000960382321959746,NA,0.446236919228193,-0.577792429474744,0.184609423015446,-0.263246438596093,-3.38902106351261,-0.00205663420968688,0.00414837755776329,-0.00157803554363462,0.000878906113079949,0.000920044661056763,-0.335385008725098,0.158566385835002,0.000536860511601844,0.0469442494477335,-0.281944380731147
140,0.00396027488885553,-417.636455747478,0.444113765629832,-0.574155972825601,0.183594299504703,-0.262697333963132,-3.38830480371489,-0.00212315359836142,0.00363645664914295,-0.00101512351074326,0.000549104632960632,0.000716259797723197,-0.172715961070935,-0.0512483006787079,0.0593228224943232,-0.0580423767360116,-0.114756153379858
141,0.00665647572947525,NA,0.442284094032194,-0.571459771984982,0.183273363055854,-0.262763792237985,-3.38753923021463,-0.00182967159763854,0.00269620084061969,-0.000320936448848267,-6.64582748530107e-05,0.000765573500261818,0.0695361541147577,-0.222759676944406,0.0840274856273027,-0.129595882754074,0.106621358781922
142,0.00817593214441659,NA,0.441037435192058,-0.56994031557004,0.183513074588435,-0.263453355654168,-3.386555174639,-0.00124665884013601,0.00151945641494135,0.000239711532580441,-0.000689563416182602,0.000984055575631664,0.280358948430148,-0.335869618766083,0.0733725494228565,-0.142566318004356,0.266677029117091
143,0.00848568979827313,NA,0.44045872076781,-0.569630557916184,0.184033573608559,-0.264507923794344,-3.38535601227426,-0.000578714424247883,0.000309757653856573,0.000520499020124587,-0.00105456814017644,0.0011991623647341,0.368812193300982,-0.38261590646016,0.0412976100960805,-0.0958275734319614,0.279027845522251
144,0.00773876449526156,NA,0.440407230849176,-0.570377483219195,0.184565629598216,-0.265512856767082,-3.38412373300787,-5.14899186334967e-05,-0.000746925303011599,0.0005320559896564,-0.00100493297273776,0.00123227926639831,0.312545253677854,-0.364108310009215,0.0079154915511026,-0.010128508733942,0.128480028251943
145,0.00623610069786107,NA,0.440615291772184,-0.571880147016596,0.184966808198426,-0.266056826856204,-3.38314035162675,0.000208060923008236,-0.00150266379740052,0.000401178600210463,-0.000543970089122504,0.000983381381114127,0.166128376690722,-0.288921654032492,-0.0110597073899044,0.081212173199674,-0.123367752848935
146,0.00639326460569167,NA,0.440845545347891,-0.573745602411652,0.185247280660042,-0.265885559593015,-3.38266341035035,0.000230253575706423,-0.00186545539505637,0.00028047246161547,0.000171267263189103,0.000476941276402563,0.0264795755811065,-0.173370019638242,-0.0111600013497082,0.144732839544304,-0.370830180145276
147,0.00623982357276498,NA,0.441017723435149,-0.575563375557095,0.185506879785069,-0.264995887177564,-3.38281685138328,0.000172178087258558,-0.00181777314544339,0.000259599125026935,0.000889672415451413,-0.000153441032926606,-0.0237379225609402,-0.0418068401586424,0.00060016134284524,0.158079329821703,-0.517042473120455
148,0.00550587626377386,NA,0.441233493665515,-0.57699302645955,0.18583120540759,-0.263640281556622,-3.38355079869227,0.000215770230366032,-0.0014296509024545,0.000324325622521133,0.00135560562094173,-0.000733947308990996,0.037449308365467,0.0758020075863897,0.0114519497174115,0.116676218908651,-0.519229445785641
149,0.00437364552350417,NA,0.441688536694175,-0.577844628268569,0.186211212868205,-0.262245221075885,-3.38468302943254,0.000455043028659638,-0.00085160180901854,0.000380007460615615,0.00139506048073744,-0.00113223074026957,0.162099220801792,0.150819423083703,0.0109386684243873,0.0343971709071411,-0.402687652467648
150,0.00320789145911282,-417.636623078587,0.442528585735515,-0.578121354162201,0.186531761583493,-0.261270463103014,-3.3859901350762,0.000840049041340269,-0.000276725893632172,0.000320548715287613,0.000974757972870188,-0.00130710564366002,0.264620099983404,0.165886493732614,-0.00315512750148628,-0.0612791694720727,-0.238459010120096
151,0.0027316098285286,NA,0.443738000374405,-0.578001088301122,0.186632636675762,-0.261051984982458,-3.38729619426797,0.00120941463889,0.000120265861078401,0.000100875092268927,0.000218478120556659,-0.00130605919176929,0.274351164080144,0.122883197946067,-0.0239743371821532,-0.138195786121287,-0.100413405448307
152,0.00210128927877579,NA,0.445126521332028,-0.577758750934743,0.186404562847682,-0.261682305532211,-3.38851506240314,0.00138852095762262,0.000242337366379368,-0.000228073828079601,-0.000630320549752807,-0.00121886813517683,0.176502642261767,0.0435778480323279,-0.0398813307356249,-0.170233655580887,-0.0270724689244162
153,0.000810250793570721,NA,0.446418240003559,-0.577657850054555,0.185864647728507,-0.262973344017416,-3.38963251403941,0.00129171867153102,0.000100900880187992,-0.000539915119175012,-0.00129103848520507,-0.00111745163626256,0.0182792990699454,-0.0386896061854713,-0.0411244741371775,-0.146353297623136,-0.00845973261220934
154,0.00165157085261775,NA,0.447388048047246,-0.577855135351737,0.185169202642791,-0.264515448643137,-3.39065064906424,0.000969808043686952,-0.000197285297181855,-0.000695445085715938,-0.00154210462572084,-0.00101813502483108,-0.121571740123727,-0.0928883770257016,-0.0251100192372178,-0.0745750975283954,-0.00256777127560781
155,0.00248066755937737,NA,0.447963829648266,-0.578358125171149,0.184556986398761,-0.265813269803648,-3.39153734251542,0.00057578160102015,-0.00050298981941218,-0.000612216244030202,-0.0012978211605114,-0.000886693451181738,-0.180588607463505,-0.103178458061848,0.0023540536631117,0.0205418541554536,0.0310660232116788
156,0.00315903345481461,NA,0.448234029023954,-0.579050167082404,0.18425087179955,-0.266455814448487,-3.39221570841086,0.000270199375688429,-0.000692041911254966,-0.00030611459921109,-0.00064254464483875,-0.000678365895437041,-0.148330723845902,-0.0743077106335477,0.0300463887015212,0.106188226709492,0.102775031223246
157,0.00354195365526744,NA,0.448362539570499,-0.579763701616126,0.184364355277092,-0.266260959643777,-3.39259862861131,0.000128510546544846,-0.000713534533722112,0.000113483477541883,0.000194854804710115,-0.000382920200453045,-0.0679990057506075,-0.0266627870360026,0.046669732682858,0.152950451024481,0.187161799658497
158,0.00358543475418394,NA,0.44847112516511,-0.58035965131242,0.184855331756715,-0.26533673346307,-3.39264210971022,0.000108585594611128,-0.000595949696293396,0.000490976479622486,0.000924226180706678,-4.34810989163413e-05,-0.00466527524167759,0.0160870661147783,0.0458675521031182,0.145760647569659,0.242252373823248
159,0.0033226392431569,NA,0.448565522281891,-0.580771914789519,0.185545848058219,-0.264034746027287,-3.3923793141992,9.43971167807168e-05,-0.000412263477099152,0.000690516301504379,0.00130198743578344,0.000262795511027031,-0.00238677046127123,0.0395973785316528,0.0287029320134025,0.0895779083975867,0.238785200394886
160,0.00288332896365928,-417.636247107632,0.448548808644809,-0.580999576678116,0.186195894563381,-0.262815448497226,-3.39191159601512,-1.67136370824429e-05,-0.000227661888597413,0.000650046505161678,0.00121929753006072,0.000467718184073758,-0.0580881589939963,0.0446999109726676,0.00270885266218102,0.00720259606623586,0.179580749772867
161,0.0029455289554231,NA,0.448306709835162,-0.58106177666988,0.186597159018619,-0.262076918607429,-3.39136243373824,-0.000242098809646322,-6.21999917638425e-05,0.000401264455238779,0.000738529889796376,0.000549162276883118,-0.127687992517167,0.043690852180589,-0.0217473200336826,-0.0699703724649225,0.0968914667964782
162,0.0028355673596312,NA,0.447803089482056,-0.580951815074088,0.186647182781249,-0.26201380636255,-3.39082404665031,-0.000503620353105988,0.000109961595791864,5.00237626295598e-05,6.31122448794307e-05,0.000538387087932594,-0.158499465783279,0.0499346430160585,-0.035910421729568,-0.114509581976563,0.030872492970957
163,0.00250879637852375,NA,0.447119921447968,-0.580625044092981,0.186375808102976,-0.262562797388431,-3.39032961608411,-0.000683168034088621,0.000326770981107497,-0.000271374678273174,-0.00054899102588086,0.000494430566195141,-0.125286291563498,0.067573568003354,-0.0359295256657788,-0.113512620600886,0.0045388583203021
164,0.00191469533533906,NA,0.446416605191013,-0.580030943049796,0.185917911342698,-0.26345165091862,-3.38986513595878,-0.000703316256954449,0.000594101043184676,-0.000457896760277731,-0.00088885353018889,0.000464480125329882,-0.0458877951814429,0.0879100730344362,-0.0238235747929139,-0.0726129991335256,0.0120724621410773
165,0.00105279318085005,NA,0.445839020550042,-0.579169040895307,0.185448672597968,-0.264323283010126,-3.3894074984893,-0.000577584640970798,0.000861902154489055,-0.000469238744729936,-0.00087163209150656,0.000457637469487636,0.0329216913996788,0.0946580479421755,-0.00601434180680371,-0.0120419559834772,0.0273072339496139
166,0.00109545993481658,NA,0.445441249486408,-0.578130763241552,0.185111399270158,-0.264879054745803,-3.3889589544078,-0.000397771063634746,0.00103827765375479,-0.00033727332780975,-0.000555771735676714,0.000448544081499742,0.06819279121828,0.0746000438311967,0.00978615048552456,0.0429418935254944,0.0249739133550975
167,0.00119882050844106,NA,0.445172031419026,-0.577095929537933,0.184968906579684,-0.264982415319428,-3.38855354957381,-0.000269218067381729,0.00103483370361956,-0.000142492690474671,-0.000103360573624501,0.000405404833980665,0.0491198619556599,0.0268908144107627,0.0179621122242679,0.0727219486407193,-0.00103385104921472
168,0.00183727290291014,NA,0.44493159870612,-0.576278974811547,0.184997036941634,-0.264685250760879,-3.38823366364286,-0.000240432712906371,0.000816954726385918,2.81303619505743e-05,0.000297164558549017,0.000319885930957347,0.00197373651644739,-0.0347857763927095,0.0171680056837431,0.0704284940411526,-0.0351072083049075
169,0.00226666919003804,NA,0.444655862004365,-0.575849578524419,0.185117998885973,-0.2641765547471,-3.38801757539303,-0.000275736701754627,0.000429396287127891,0.000120961944339074,0.000508696013778263,0.000216088249826372,-0.0305162410541016,-0.0885004322981331,0.0103375759863411,0.0427891728804752,-0.053976598906047
170,0.00224853385041213,-417.635995805861,0.444367931315527,-0.575867713864045,0.185252034911067,-0.263685908574963,-3.38788543273024,-0.000287930688838036,-1.81353396258628e-05,0.000134036025093881,0.000490646172137307,0.000132142662790271,-0.0199046371562872,-0.114978155352219,0.00261919922195375,0.00522467416885775,-0.0461981528587785
171,0.00185115949212777,NA,0.444162421963915,-0.576265088222329,0.185358285619858,-0.263387444221457,-3.3877964137264,-0.000205509351612214,-0.000397374358284397,0.000106250708790379,0.000298464353505824,8.90190038371627e-05,0.028924104071848,-0.106741383092412,-0.00162894366440014,-0.0257911062817584,-0.0221338120809378
172,0.00159960752954691,NA,0.444136869665081,-0.576879046874098,0.185443656088439,-0.263342451480075,-3.38772515988798,-2.55522988335815e-05,-0.000613958651768546,8.53704685815868e-05,4.49927413817704e-05,7.12538384191633e-05,0.0831387637845182,-0.0705999087813325,-0.00115972227376915,-0.0394691835481353,-0.00674095019803644
173,0.00141516471833875,NA,0.444321312476289,-0.577518396795586,0.185538211392553,-0.263497245523166,-3.38768948173473,0.000184442811208184,-0.000639349921488415,9.45553041134148e-05,-0.000154794043090238,3.56781532521679e-05,0.106630770915217,-0.0228882117880858,0.00180689596618322,-0.0339823515105309,-0.0204931421876609
174,0.00131044442729644,NA,0.444655989537124,-0.578028566603687,0.185656395297937,-0.263727991910239,-3.38774623052874,0.000334677060835019,-0.000510169808101504,0.000118183905384167,-0.000230746387073228,-5.67487940121133e-05,0.0854460233767895,0.0190079197182058,0.0033938636079256,-0.0156070109369466,-0.0627145647058569
175,0.0011018622034995,NA,0.445030361916717,-0.578330077859152,0.185772469091439,-0.263906866184499,-3.38795481275254,0.000374372379592416,-0.000301511255464479,0.000116073793502581,-0.000178874274259804,-0.00020858222379711,0.0360022238510282,0.0438133298530374,0.000930584747038665,0.00518174772423663,-0.109877194631736
176,0.000724981874273833,NA,0.445352509489114,-0.578422594473247,0.185829176747906,-0.263959513011,-3.38833169308177,0.000322147572397565,-9.25166140952198e-05,5.67076564668319e-05,-5.26468265011611e-05,-0.000376880329225798,-0.00860279840253497,0.0488940344212097,-0.00499516829677304,0.0186258131407158,-0.130470695012264
177,0.000247982000703195,NA,0.445598256532624,-0.57836422971516,0.185775711020436,-0.263891224326396,-3.38882698951501,0.000245747043510099,5.83647580871632e-05,-5.3465727470515e-05,6.82886846038226e-05,-0.00049529643323939,-0.0230619252761244,0.0382164796519646,-0.010731454267443,0.0196075217218095,-0.106102366999039
178,0.000283361840714313,NA,0.445807054013235,-0.578242269688276,0.185609475232884,-0.26377407127473,-3.38934003679675,0.000208797480610963,0.000121960026884312,-0.000166235787551612,0.000117153051666296,-0.00051304728174896,-0.00687802298671158,0.0184428705551909,-0.0119764899864094,0.00928282588574803,-0.0440574092408497
179,0.00070806242304533,NA,0.446032520277953,-0.578146499550036,0.185391111276321,-0.26370355134146,-3.38976473737909,0.000225466264717256,9.5770138239419e-05,-0.000218363956562978,7.05199332695181e-05,-0.000424700582331167,0.0179031974312238,-0.00390414811590745,-0.00684427334363136,-0.00594118318986148,0.0272937455747524
180,0.000979484411421705,-417.635879456845,0.446288275495989,-0.578147763781578,0.18521856545856,-0.26374569720694,-3.39003615936746,0.00025575521803605,-1.26423154203186e-06,-0.000172545817761297,-4.21458654801215e-05,-0.000271421988376154,0.0252358137231568,-0.0231935092642743,0.0025354876243,-0.0175723079109957,0.0766242663985395
181,0.00109375373333886,NA,0.446530327645152,-0.578280566331039,0.185173595095699,-0.263899798506788,-3.39015042868938,0.00024205214916323,-0.000132802549461059,-4.4970362860451e-05,-0.000154101299848119,-0.000114269321917221,0.00505505681758223,-0.0344694910836552,0.0110994363922146,-0.0190893314311325,0.0884194611217026
182,0.00109274426847206,NA,0.446687073072096,-0.578531332493152,0.185274291372062,-0.264095455154918,-3.39014941922451,0.000156745426943816,-0.000250766162112721,0.000100696276362798,-0.000195656648130091,1.00946486681942e-06,-0.0302269342000727,-0.0339451935360557,0.0140116554803171,-0.00917599493277521,0.0697809667826732
183,0.0010286885592512,NA,0.446711291653389,-0.578838456531342,0.185465005996198,-0.26422694606613,-3.39008536351529,2.42185812929594e-05,-0.000307124038190353,0.000190714624135999,-0.000131490911211508,6.40557092207574e-05,-0.05659387909418,-0.0206842724992384,0.00979754588570358,0.00743266980407498,0.0418961161585685
184,0.000993501397178465,NA,0.446613333963201,-0.579109749111635,0.185650774282336,-0.264209140503753,-3.38999126118444,-9.79576901873075e-05,-0.000271292580292977,0.000185768286138171,1.78055623768484e-05,9.41023308489227e-05,-0.0572708199797489,0.00175866944118752,0.00127713519759709,0.0221192937033265,0.0237996437135735
185,0.00113885961055937,NA,0.446451500239401,-0.579255107325016,0.185753446504518,-0.264026537203347,-3.38987448299626,-0.000161833723800114,-0.000145358213380963,0.000102672222181868,0.000182603300405571,0.000116778188178345,-0.0347187642546487,0.0256136416965091,-0.00637423852367647,0.0267369114226312,0.0206854122097866
186,0.00110558446899778,NA,0.446289800862255,-0.579221832183455,0.185752402327556,-0.263748272569453,-3.38973143933911,-0.00016169937714626,3.32751415615665e-05,-1.04417696181183e-06,0.000278264633894079,0.0001430436571497,-0.00715355213287694,0.0418495102394445,-0.0090864335788865,0.0180251129222597,0.024297826826114
187,0.000899103764830933,NA,0.446157338325252,-0.579015351479288,0.185684430801069,-0.263498453017737,-3.38956626050778,-0.000132462537002856,0.000206480704166789,-6.79715264872712e-05,0.000249819551716218,0.000165178831338004,0.00654137238598196,0.0444898608975564,-0.00643925034182757,-0.000338195036420075,0.0230904305453805
188,0.000578030174397837,NA,0.446039506674311,-0.578694277888855,0.18560690542517,-0.26339519864549,-3.38939678479601,-0.000117831650940721,0.000321073590433145,-7.75253758992204e-05,0.000103254372246821,0.00016947571176708,0.000977759668785438,0.0336380844601081,-0.0015266147102011,-0.0193887262867065,0.0128253623188357
189,0.000293563228556559,NA,0.445904067591419,-0.578342792096721,0.185554101222833,-0.26349003158243,-3.38924457973366,-0.000135439082892892,0.00035148579213329,-5.28042023369191e-05,-9.48329369396399e-05,0.000152205062348817,-0.0133327648654813,0.0151609725662638,0.0016501422805959,-0.0295278869089088,-0.000783663836045889
190,8.02249630097451e-05,-417.635837499482,0.44573771735225,-0.578036022751447,0.185519358261124,-0.26374046901414,-3.38912002856723,-0.000166350239168126,0.000306769345274242,-3.47429617089162e-05,-0.000250437431709951,0.000124551166434122,-0.0201578905034694,-0.00283008603219059,0.00123257791528886,-0.0256589885339054,-0.00841890823721769
191,0.000299470740228069,NA,0.445562686584335,-0.577816776974229,0.18547396598096,-0.264031022031041,-3.38901694576334,-0.000175030767915636,0.000219245777218328,-4.53922801637408e-05,-0.000290553016901544,0.000103082803882862,-0.0112021109544003,-0.0144025545978366,-0.00130842920498253,-0.00989755733371567,-0.00611093071256619
192,0.000447581984978129,NA,0.445421611102327,-0.577693080195817,0.185404172512032,-0.264231176795965,-3.38892181036826,-0.000141075482008078,0.00012369677841221,-6.97934689283515e-05,-0.000200154764923213,9.51353950868964e-05,0.00790618116752739,-0.0183170158152279,-0.00267857728886156,0.00968474864748714,0.00115048806037521
193,0.000475347911173096,NA,0.445345661562669,-0.57765212595963,0.18533360971327,-0.26425894272216,-3.38882938255888,-7.59495396573717e-05,4.0954236186857e-05,-7.05627987624505e-05,-2.77659261949845e-05,9.24278093782853e-05,0.0234374107321855,-0.0173000501035858,-0.000685906798025826,0.0235074207921571,0.0039523717987322
194,0.000439021641670312,NA,0.445333443288791,-0.577677226072786,0.185310746698559,-0.26411663884368,-3.38875088347579,-1.22182738784209e-05,-2.51001131567706e-05,-2.28630147103668e-05,0.000142303878479557,7.84990830887122e-05,0.0254608499972164,-0.0150621866623624,0.00378287381863629,0.0255164735563085,-0.00320415040278021
195,0.00037930248336393,NA,0.445357174711264,-0.577755809738029,0.185370031807451,-0.263882431342563,-3.38870756649519,2.3731422473182e-05,-7.85836652424913e-05,5.92851088916397e-05,0.000234207501116669,4.33169805990212e-05,0.015585104620186,-0.0134615811475669,0.00733830063381902,0.0159776681130097,-0.0171448158425846
196,0.000347715254278347,NA,0.44538876194035,-0.577876032042158,0.185497971175673,-0.263666011922921,-3.3887151994502,3.15872290855755e-05,-0.00012022230412918,0.000127939368222053,0.000216419419642089,-7.63295500616133e-06,0.00450506263405259,-0.0117680264111186,0.00677925584113837,0.000674248212817474,-0.0288027717942896
197,0.000314171751223336,NA,0.445422305443405,-0.578019143619109,0.18563312159006,-0.263554666884777,-3.38877256695933,3.35435030549971e-05,-0.000143111576951177,0.00013515041438676,0.000111345038143782,-5.73675091297747e-05,0.00219798096168233,-0.00818028183857678,0.00175874390606623,-0.0126664514255026,-0.030865995199747
198,0.000262194757141232,NA,0.445474282437487,-0.578157319893222,0.185703126393706,-0.26357752535063,-3.38886320749658,5.19769940821207e-05,-0.000138176274112252,7.00048036465227e-05,-2.28584658527876e-05,-9.06405372532909e-05,0.00953122537339368,-0.00205795515739737,-0.00472007968710386,-0.0184312051487723,-0.0235644569102078
199,0.000173521974729862,NA,0.445562955219898,-0.578261110149813,0.185672710856378,-0.263702333869006,-3.38896794553582,8.86727824113545e-05,-0.000103790256590936,-3.04155373282538e-05,-0.000124808518375858,-0.0001047380392367,0.018256977227793,0.00500663304592308,-0.00841877238144662,-0.0154438026811476,-0.013753128200733
200,0.000195993207490641,-417.635838442998,0.445686317468935,-0.578312240921947,0.185567130684611,-0.263860440840568,-3.38907671532229,0.000123362249036835,-5.11307721349145e-05,-0.000105580171767033,-0.000158106971562191,-0.000108769786475194,0.0188111732768448,0.0100331402563825,-0.00697262180437974,-0.00666652340441942,-0.00843199984501553
201,0.0300024863907726,NA,0.46568629459485,-0.548312269153715,0.155567318946633,-0.233860540247501,-3.40907669210084,0.0199999771259151,0.0299999717682325,-0.0299998117379777,0.0299999005930671,-0.0199999767785527,0.00874350917001721,0.0106263172483523,-0.00159351372985839,0.00301788816159387,-0.00861271757912618
202,0.0076984350826349,NA,0.450837335747486,-0.570573574976262,0.177871370254771,-0.256164258071781,-3.39432414361879,-0.0148489588473641,-0.0222613058225469,0.0223040513081377,-0.0223037178242798,0.0147525484820568,-3.47206568392266,-3.40562920371212,1.59745564815239,-2.97587906629815,0.890838841201003
203,0.013879112398875,NA,0.436578871655801,-0.591995360113332,0.199316169718833,-0.277625897965652,-3.38000336801347,-0.0142584640916847,-0.02142178513707,0.0214447994640617,-0.0214616398938708,0.0143207756053204,-0.876887968388473,-0.871029208724394,0.407495846843631,-0.762907994840134,0.238473847957721
204,0.0228014767383048,NA,0.430725262983218,-0.600914497019029,0.208217728468467,-0.286585071549291,-3.37378194519947,-0.005853608672583,-0.00891913690569704,0.00890155874963452,-0.00895917358363952,0.00622142281399896,1.6177148756924,1.56727612250052,-0.738008937446466,1.36806738339601,-0.39361562016893
205,0.0199610978897901,NA,0.432625979598212,-0.598056100548483,0.205342525215464,-0.283744692700777,-3.3758454236873,0.00190071661499338,0.00285839647054594,-0.00287520325300281,0.00284037884851475,-0.00206347848783138,2.59987758624902,2.57925124969915,-1.2111055218611,2.25641117935993,-0.715461960112407
206,0.0108920312939569,NA,0.438668699457123,-0.588980956598884,0.196250124736488,-0.274675626104943,-3.38203901348428,0.00604271985891141,0.00907514394959891,-0.00909240047897651,0.00906906659583318,-0.00619358979697695,2.28994782105474,2.25412641384537,-1.05892038561706,1.97335315363034,-0.603071449631898
207,0.00055807998578522,NA,0.446152253333369,-0.577759620781317,0.185011725351621,-0.263448587778667,-3.38959084078661,0.00748355387624589,0.0112213358175671,-0.0112383993848672,0.0112270383262764,-0.00755182730233678,1.24795510487274,1.2217635065781,-0.574037194382981,1.07224144244356,-0.316691846933281
208,0.0103098394371724,NA,0.452646893249905,-0.568025957565074,0.175259965900233,-0.253691112251763,-3.39610087583621,0.00649463991653624,0.0097336632162427,-0.00975175945138717,0.00975747552690382,-0.00651003504959233,-0.0554052792267612,-0.0561639205898246,0.0258615739312518,-0.0433173858027658,0.0207761007686713
209,0.0156088327178853,NA,0.456165036522559,-0.562746852256761,0.16996097261952,-0.248368963997318,-3.399631628306,0.00351814327265396,0.00527910530831342,-0.00529899328071287,0.00532214825444484,-0.00353075246979145,-1.18831081863391,-1.16533369805438,0.546420586715612,-1.01239950652143,0.31072243757535
210,0.0155901928970864,-417.67948554307,0.456135638205259,-0.562783240680655,0.169979612440319,-0.248355058659803,-3.39960908106838,-2.93983172997727e-05,-3.6388423894031e-05,1.86398207988389e-05,1.39053375155093e-05,2.25472376199521e-05,-1.79967869541997,-1.76697793335734,0.829344039630087,-1.54006752268288,0.471040124807587
211,0.0112842374784373,NA,0.453253087896059,-0.567098642537206,0.174285567858968,-0.252625579159313,-3.39672037994379,-0.0028825503092007,-0.00431540185655089,0.00430595541864911,-0.00427052049951039,0.00288870112458905,-1.79428570447726,-1.76301306112236,0.828845862770322,-1.54013972064604,0.471252852207726
212,0.00446661827834263,NA,0.448705307596075,-0.573911874110403,0.181103187059063,-0.259407595242277,-3.3921544280519,-0.00454778029998343,-0.00681323157319787,0.00681761920009469,-0.00678201608296377,0.00456595189188405,-1.29404307131153,-1.27154880772196,0.599778410901308,-1.11464642031933,0.340827294280643
213,0.00309183977239647,NA,0.443837036131901,-0.581208087486853,0.188421700391495,-0.266693163634806,-3.38724859849935,-0.00486827146417411,-0.00729621337644982,0.0073185133324315,-0.00728556839252902,0.00490582955255742,-0.503424682278819,-0.495464096843534,0.236462411749017,-0.439765591977448,0.135438733082083
214,0.00887626717610723,NA,0.439979804438973,-0.586992514890564,0.194244798585933,-0.272491720629832,-3.38332893403818,-0.00385723169292819,-0.0057844274037108,0.00582309819443823,-0.00579855699502619,0.00391966446116679,0.343106880791311,0.335551374632814,-0.154000843508584,0.284778923287377,-0.0850839296617778
215,0.011698886571642,NA,0.438096270817201,-0.589815134286099,0.197112157640032,-0.27534942958299,-3.38138767702507,-0.00188353362177206,-0.00282261939553474,0.00286735905409912,-0.00285770895315808,0.00194125701311015,1.01085592120853,0.994218372056821,-0.464930897692284,0.860956798760526,-0.264149144868497
216,0.0111455195679125,NA,0.438455585419029,-0.589261767282369,0.196596416986886,-0.274841535888587,-3.38173901018783,0.000359314601827984,0.000553367003729426,-0.000515740653146453,0.000507893694403452,-0.000351333162756642,1.33325817273544,1.31578338368854,-0.618258439999408,1.14438710284048,-0.356290578906737
217,0.00777490457186603,NA,0.440684491781704,-0.585891152286323,0.193247113945887,-0.271516562158703,-3.38401725510298,0.00222890636267546,0.00337061499604656,-0.00334930304099852,0.00332497372988408,-0.00227824491515625,1.26829049349908,1.25349941072272,-0.591220231171974,1.09312296387998,-0.342408502547187
218,0.00274202333955509,NA,0.444019502079754,-0.580858271054012,0.18821422344542,-0.266522339916021,-3.38742536260599,0.00333501029804939,0.00503288123231091,-0.00503289050046722,0.00499422224268196,-0.00340810750301184,0.882923547464998,0.870880348884384,-0.413127099818666,0.76179569418855,-0.236720414363845
219,0.00264010920098889,NA,0.447514207069719,-0.575596514544674,0.182929696136417,-0.261287090082775,-3.39096904129813,0.00349470498996545,0.00526175650933754,-0.00528452730900295,0.00523524983324573,-0.00354367869213147,0.307556747429771,0.298997503591636,-0.145145439773842,0.26451494761659,-0.0776136602098632
220,0.00676108026944219,-417.64393578712,0.45023240300203,-0.571516076334652,0.178808725067964,-0.257217630896433,-3.39369183684336,0.00271819593231084,0.00408043821002222,-0.0041209710684533,0.00406945918634202,-0.00272279554523183,-0.297967309279557,-0.299247213320086,0.136639400238892,-0.256609393431972,0.0848859895086207
221,0.00870198869161393,NA,0.451499329959077,-0.569620493445858,0.176867816645792,-0.255317452792144,-3.39494790412943,0.00126692695704671,0.00189558288879411,-0.00194090842217172,0.00190017810428938,-0.00125606728607158,-0.772918606912754,-0.763314124014869,0.356850126763675,-0.661540225337376,0.205266392754311
222,0.00814521762978951,NA,0.451106727133931,-0.570212229080087,0.177424587707616,-0.255892873189834,-3.39456025424521,-0.000392602825145615,-0.00059173563422918,0.000556771061824421,-0.000575420397690568,0.000387649884221125,-0.995944492956369,-0.978844382188981,0.460954820482584,-0.850515019124032,0.258764688396695
223,0.00548134241827972,NA,0.449323083410525,-0.57289037526086,0.180088462919126,-0.25854883360379,-3.39278674753887,-0.00178364372340609,-0.00267814618077264,0.00266387521150979,-0.00265596041395605,0.00177350670633228,-0.926633805420352,-0.911362147917316,0.431636197504304,-0.793191010188821,0.242067014823988
224,0.00160372766926636,NA,0.446751743149216,-0.576757761957715,0.183966077668139,-0.262393663677009,-3.39019977026613,-0.00257134026130909,-0.00386738669685538,0.00387761474901335,-0.00384483007321896,0.00258697727274907,-0.613294571394363,-0.60657691221877,0.289675693920799,-0.528862719875178,0.165137986414265
225,0.00256327561963599,NA,0.444150058576405,-0.580679523334093,0.187920125220098,-0.266296285885106,-3.38755068839328,-0.00260168457281078,-0.00392176137637756,0.00395404755195822,-0.00390262220809648,0.00264908187284355,-0.165378279461947,-0.166753843018341,0.0828820941478625,-0.146152586921744,0.0489495937472384
226,0.00545628533632359,NA,0.442233833536729,-0.58357253305078,0.190858216929508,-0.269175040683922,-3.38558837388406,-0.00191622503967578,-0.00289300971668765,0.00293809170941027,-0.00287875479881636,0.0019623145092269,0.284021625134301,0.278864825418168,-0.12802112735244,0.242424183625189,-0.0740323986292424
227,0.0065959677892482,NA,0.44147999465094,-0.584712215503705,0.192040900525263,-0.270304870323498,-3.3848234417602,-0.000753838885789585,-0.00113968245292457,0.00118268359575518,-0.0011298296395759,0.000764932123857102,0.614035203625463,0.607172311788418,-0.284897899405223,0.529195481249189,-0.166088224773375
228,0.0058162491004321,NA,0.442000317115752,-0.583932496814889,0.191287018875183,-0.269518550459671,-3.38536330420064,0.00052032246481249,0.000779718688816127,-0.000753881650080221,0.000786319863826661,-0.000539862440441169,0.745290603845206,0.736026565277825,-0.348354433867826,0.641987867879834,-0.200414800701765
229,0.00350463462516359,NA,0.443541283704307,-0.58162088233962,0.188974966414535,-0.267202789798677,-3.38692889356411,0.00154096658855459,0.00231161447526856,-0.00231205246064789,0.00231576066099407,-0.00156558936347414,0.65713835169845,0.646717385279771,-0.308484159177169,0.564151727644457,-0.173625457478011
230,0.000440631554550763,-417.635856177633,0.445585094490638,-0.578556879269008,0.18588399739822,-0.264136949203899,-3.38899086473768,0.00204381078633162,0.00306400307061281,-0.00309096901631471,0.00306584059477836,-0.00206197117356261,0.390486205787965,0.383336854383742,-0.1851922837659,0.33410186290439,-0.101824077773927
231,0.00261007253577344,NA,0.447505231332777,-0.575677667845758,0.182959732801632,-0.261258709231464,-3.39092896114999,0.00192013684213869,0.00287921142324948,-0.00292426459658796,0.00287823997243434,-0.00193809641231351,0.0349046189285218,0.0345559590186895,-0.020039032619934,0.0292678282676206,-0.00938596599553421
232,0.00452719859508055,NA,0.448750181465327,-0.573809125051116,0.181042606742325,-0.259394893985854,-3.39219316827067,0.00124495013254987,0.00186854279464183,-0.0019171260593071,0.00186381524561012,-0.00126420712068333,-0.298639059224115,-0.292959412604432,0.136317407850584,-0.257152098015467,0.0779431593400659
233,0.00495190472966253,NA,0.449008631527084,-0.573420787420538,0.180617900607743,-0.259015788250986,-3.39246010741233,0.000258450061756449,0.000388337630578151,-0.000424706134581978,0.000379105734867809,-0.000266939141654645,-0.513525598648812,-0.505240881807367,0.238877792639869,-0.442908208242443,0.136191729893653
234,0.00388208728795589,NA,0.448287875236093,-0.574503108633811,0.18168771804945,-0.260111533909605,-3.39173020272753,-0.000720756290990392,-0.00108232121327335,0.00106981744170664,-0.00109574565861822,0.000729904684794525,-0.557414455784055,-0.548962481161652,0.261737048390387,-0.481133765219965,0.148926786778247
235,0.00175992978632208,NA,0.446883637271651,-0.576609843345011,0.183809875551084,-0.262234078690784,-3.39030815994703,-0.00140423796444247,-0.0021067347111994,0.00212215750163379,-0.00212254478117969,0.00142204278049953,-0.432706307265107,-0.425347522536867,0.204751173669138,-0.372691118855073,0.115056855065632
236,0.000906147524186496,NA,0.445273335134272,-0.579022395238643,0.186260743886147,-0.264661702024174,-3.38868187536237,-0.00161030213737817,-0.00241255189363254,0.00245086833506319,-0.00242762333338984,0.00162628458466495,-0.189606212757099,-0.185278739195383,0.0913933592983085,-0.162043243108201,0.0497496120033247
237,0.00286116312534712,NA,0.443966722326491,-0.580977410839804,0.18826374857871,-0.266627281171061,-3.3873607520544,-0.00130661280778165,-0.00195501560116066,0.0020030046925628,-0.00196557914688649,0.00132112330796588,0.0900540362636093,0.0894137991735988,-0.0397594334344831,0.0791128343280434,-0.0236509140449925
238,0.00378789703041671,NA,0.443345534537912,-0.581904144744874,0.189231372253202,-0.267556798767498,-3.38672557191556,-0.000621187788578994,-0.000926733905069624,0.000967623674492687,-0.000929517596437244,0.000635180138844586,0.316842394454397,0.311863056481343,-0.147090599966759,0.274556724662034,-0.0830746461133458
239,0.00348017621744434,NA,0.443546344026148,-0.581596423931901,0.188943984957316,-0.267242653226656,-3.3869227545342,0.000200809488236615,0.000307720812972348,-0.000287387295886621,0.000314145540841887,-0.000197182618637129,0.42344708958808,0.417203166307445,-0.199014367012751,0.367228319646529,-0.112502644924461
240,0.0021372476577648,-417.636600709831,0.444435437219813,-0.580253495372222,0.18759542931531,-0.265885393085001,-3.38782661434304,0.000889093193664355,0.00134292855967956,-0.00134855564200528,0.0013572601416555,-0.000903859808839422,0.387232444154506,0.382105014864464,-0.183740433499224,0.336418895017232,-0.104286618807237
241,0.000270915141589834,NA,0.445673694782588,-0.578387162856047,0.185701094608961,-0.264000750749483,-3.38908814011099,0.00123825756277473,0.00186633251617501,-0.00189433470634975,0.0018846423355174,-0.00126152576795547,0.23295811161006,0.229320600624305,-0.111664650148668,0.201944494619966,-0.0625790806907389
242,0.00165468504756786,NA,0.446835599056036,-0.576640450806936,0.183915120289838,-0.262237165906621,-3.39026421806947,0.00116190427344806,0.0017467120491109,-0.00178597431912278,0.00176358484286179,-0.00117607795847799,0.0188816477475484,0.0170651151165657,-0.0103043413446358,0.0149710183450225,-0.00397241990413022
243,0.00275704498315343,NA,0.447547784173538,-0.575573506145897,0.182812760354252,-0.261159878749542,-3.39097877522102,0.000712185117502401,0.00106694466103851,-0.00110235993558558,0.00107728715707933,-0.000714557151551288,-0.182869464993018,-0.181556806069239,0.0854186225751619,-0.160101502046928,0.04948573632646
244,0.00286642043528246,NA,0.447610359731837,-0.575482449893169,0.182703384902123,-0.26106807981153,-3.3910420168725,6.25755582993659e-05,9.10562527283294e-05,-0.00010937545212903,9.17989380119098e-05,-6.32416514823923e-05,-0.307322163166646,-0.302841254438135,0.144647551110211,-0.267127628603703,0.0809104813015438
245,0.00202762714471028,NA,0.447056379091247,-0.576316677735641,0.183542178192695,-0.261911310912323,-3.39048808569176,-0.000553980640590297,-0.000834227842472316,0.000838793290572191,-0.000843231100793197,0.000553931180741467,-0.318072194431807,-0.313108167802056,0.150645173562225,-0.276387133339995,0.0836044881680209
246,0.000600228357873933,NA,0.446124659929549,-0.57772013524588,0.184969576979532,-0.263330690528255,-3.38954676386037,-0.000931719161698303,-0.00140345751023865,0.00142739878683634,-0.00141937961593179,0.000941321831387726,-0.220781847133367,-0.218157745166536,0.105743511085166,-0.19285229484467,0.0592884634897928
247,0.00105487690717099,NA,0.445162735142467,-0.579171124621628,0.186453307417446,-0.264799407642285,-3.38856672051521,-0.000961924787082047,-0.00145098937574798,0.00148373043791379,-0.00146871711402971,0.000980043345165664,-0.0585919019613357,-0.0585566738209309,0.0292656341116526,-0.0521011941145844,0.0166461717299171
248,0.00205291421041576,NA,0.444501600634853,-0.580169161924873,0.187479561872542,-0.26581116033343,-3.38789344175163,-0.000661134507613286,-0.000998037303244754,0.00102625445509656,-0.00101175269114487,0.000673278763575303,0.107764064409821,0.106341967693879,-0.0502499926824385,0.0935852403927129,-0.028874185886707
249,0.00229045573223685,NA,0.444345007894206,-0.580406703446694,0.187729650272881,-0.26605404400876,-3.38773790700235,-0.000156592740647535,-0.000237541521821055,0.000250088400339181,-0.000242883675330662,0.000155534749277094,0.22229468356727,0.219676704773519,-0.105327450228287,0.193931747389797,-0.0599674956447416
250,0.00174831133020414,-417.636334371283,0.444707131562675,-0.579864559044661,0.187179799182121,-0.265507541944821,-3.38810677593585,0.00036212366846886,0.000542144402032673,-0.00054985109076048,0.000546502063939322,-0.000368868933494499,0.250183186949471,0.246537136376901,-0.118866727802924,0.217976103726869,-0.0664586104903719
251,0.000682570213110245,NA,0.445418125241165,-0.578798817927567,0.186090057385324,-0.264429643175615,-3.3888242975725,0.000710993678489888,0.00106574111709391,-0.00108974179679694,0.00107789876920572,-0.000717521636653505,0.187765297141596,0.184758404770946,-0.0894715515187272,0.163705439035766,-0.0493643671006794
252,0.00067649642679582,NA,0.446195587727503,-0.577631755874487,0.18489330891061,-0.263246865854445,-3.38961081719413,0.00077746248633838,0.00116706205308043,-0.00119674847471402,0.00118277732117055,-0.000786519621632334,0.0640159277054408,0.0634640258567742,-0.0310314533180645,0.0567418919672491,-0.0172123594666118
253,0.00154062074124633,NA,0.446754557658843,-0.576790711888383,0.184029184596159,-0.262391684177871,-3.39018003868878,0.000558969931340252,0.000841043986103845,-0.000864124314450521,0.000855181676574027,-0.000569221494646846,-0.0710426184014068,-0.0693118164463158,0.0331759474647697,-0.0605856115498682,0.0184016090543082
254,0.00178583161876802,NA,0.446911510926507,-0.576553226416898,0.183783973718638,-0.262145902098708,-3.3903398358844,0.0001569532676636,0.000237485471484352,-0.000245210877521686,0.00024578207916298,-0.000159797195620567,-0.167620191859896,-0.16497197350418,0.0795383544982542,-0.14535480147515,0.0448334509428605
255,0.00137393943608102,NA,0.446642848703541,-0.576955350347591,0.184195865901325,-0.262547473269751,-3.39006497826693,-0.00026866222296594,-0.00040212393069236,0.000411892182686993,-0.000401571171043636,0.00027485761747075,-0.194850632624366,-0.191974531844608,0.0927428919794693,-0.169596167438613,0.0522670552527416
256,0.000511831319839506,NA,0.446082124280339,-0.577795076561347,0.185057974017566,-0.263393513979776,-3.38949680334657,-0.000560724423201496,-0.000839726213756635,0.000862108116241512,-0.000846040710024627,0.000568174920357899,-0.14883485334849,-0.14622533626607,0.0707333020955048,-0.129573045910547,0.0393149190358599
257,0.000607225932873989,NA,0.445461844450505,-0.578723473647331,0.186011518637694,-0.264332166066241,-3.38887109117858,-0.000620279829834539,-0.000928397085983516,0.000953544620127653,-0.000938652086464631,0.000625712167990598,-0.0517681587552943,-0.0506811824152464,0.0245303448309642,-0.0454801454452536,0.0134332367451862
258,0.00126844631307788,NA,0.445020281827511,-0.579384694027535,0.186690137528462,-0.265003876112435,-3.38842326448467,-0.000441562622993672,-0.000661220380203927,0.000678618890768585,-0.00067171004619437,0.000447826693908507,0.0561143781396822,0.0549811613836937,-0.0266326372866388,0.0477179793278992,-0.0145761987369042
259,0.00143458764321103,NA,0.444909140383474,-0.579550835357668,0.186859563291193,-0.265177569601977,-3.38830792735158,-0.000111141444037381,-0.000166141330133109,0.00016942576273046,-0.000173693489541522,0.000115337133093454,0.132585543042296,0.13028290368311,-0.0630421095593192,0.114327332312314,-0.0350009082694669
260,0.00108390711778006,-417.636013734664,0.445141774532813,-0.579200154832237,0.186498266149714,-0.264829922230191,-3.38854468953721,0.000232634149339439,0.000350680525430952,-0.000361297141479411,0.000347647371785934,-0.000236762185634523,0.151420366023558,0.1493052349133,-0.0721289484317822,0.131422722802199,-0.0407152543857592
261,0.000394669823529759,NA,0.445599769220567,-0.578510917537987,0.185790365720076,-0.264139567638063,-3.38901186158416,0.000457994687753668,0.000689237294250259,-0.000707900429637675,0.000690354592127342,-0.000467172046944979,0.111188085725189,0.109569890014427,-0.052790512086176,0.0967162736742466,-0.0298452130209625
262,0.000529873765727495,NA,0.446087445008372,-0.577778601254342,0.185039931571678,-0.263403708170868,-3.38950523581201,0.000487675787805634,0.000732316283644983,-0.000750434148397581,0.000735859467195625,-0.000493374227853941,0.0321961681493121,0.0313080425939916,-0.014888627788423,0.0279972732641909,-0.0081475724300617
263,0.00102543525909998,NA,0.446411462875773,-0.577292891724479,0.184544370078306,-0.262914015650237,-3.389831076974,0.00032401786740027,0.000485709529862639,-0.00049556149337249,0.000489692520630903,-0.000325841161987846,-0.0524811002833303,-0.0519267473464424,0.0253235987202061,-0.0451670780421409,0.0141731271696699
264,0.0010922970072117,NA,0.446457409728415,-0.577224163056188,0.184477508330194,-0.262842260097705,-3.38987854771254,4.59468526422756e-05,6.87286682907912e-05,-6.68617481117073e-05,7.17555525320327e-05,-4.74707385332123e-05,-0.109006778643561,-0.107196831891088,0.0518847548391932,-0.0937923249466621,0.0286447766484343
265,0.000740865117502848,NA,0.446231291017005,-0.577564215771541,0.184828940219903,-0.263180699791224,-3.38965095346859,-0.000226118711409975,-0.000340052715353281,0.000351431889708848,-0.000338439693518955,0.000227594243941274,-0.116810581971549,-0.115101290703024,0.0554417101739091,-0.100832946259288,0.0310068418230003
266,0.000203746042723996,NA,0.445847495692233,-0.578142328019857,0.185421764269007,-0.263758180568054,-3.38926042099876,-0.000383795324772349,-0.000578112248315395,0.000592824049104235,-0.000577480776830357,0.00039053246982932,-0.0773544235244117,-0.0765513919986915,0.0365928457313203,-0.0670798789315086,0.0209305216003486
267,0.000589221576312582,NA,0.445473769002338,-0.578705469290769,0.185996123773642,-0.264320798159446,-3.38888046871226,-0.000373726689894145,-0.000563141270912484,0.000574359504634714,-0.00056261759139196,0.00037995228650785,-0.0110174249812189,-0.0109379044488378,0.00486325347992533,-0.00956718452016503,0.0029066842444081
268,0.000910290163030791,NA,0.445260725199024,-0.579026537877488,0.186320326552225,-0.264640845160772,-3.38866621571559,-0.000213043803314819,-0.000321068586718224,0.000324202778583638,-0.000320047001326103,0.000214252996662522,0.0536538817641485,0.0530033173617994,-0.0258559185795093,0.0464360732621572,-0.0145885280744551
269,0.000878982118241556,NA,0.445282375055362,-0.578995229832698,0.186283412410576,-0.264608119473115,-3.38868879098415,2.16498563382802e-05,3.13080447892875e-05,-3.69141416496045e-05,3.27256876573684e-05,-2.25752685573825e-05,0.0909013834871075,0.0894696711384313,-0.0431854550697608,0.0782779449082227,-0.0240994518208026
270,0.00053876208330228,-417.635870589461,0.445509805029,-0.578655009797759,0.185932250647225,-0.264266755855688,-3.38891787051003,0.00022742997363801,0.000340220034939247,-0.000351161763351229,0.000341363617426602,-0.00022907952587818,0.0872960464448624,0.0859055239743611,-0.0411659095789219,0.0750111820480015,-0.0230173105819631
271,0.0001862883522179,NA,0.445830351635649,-0.578173871861568,0.185440370208096,-0.263785544249569,-3.38924296330826,0.000320546606649189,0.000481137936191097,-0.000491880439128769,0.000481211606119191,-0.000325092798228847,0.0476977311336668,0.047234308908628,-0.0223231228346776,0.041032785702555,-0.012861791560681
272,0.000544013667838794,NA,0.446102084064724,-0.577765161382468,0.185025791669567,-0.263378303107523,-3.38951956195171,0.000271732429075018,0.000408710479100272,-0.000414578538528929,0.000407241142045709,-0.000276598643455292,-0.00780141647283017,-0.00745026682125172,0.00399857356114808,-0.00687276212829602,0.00196797373064328
273,0.000713704027942658,NA,0.446215342066623,-0.577594628685217,0.184856101309463,-0.263210569192379,-3.38963332217118,0.000113258001899182,0.000170532697250297,-0.000169690360103855,0.000167733915143789,-0.000113760219462039,-0.0546976065152194,-0.0539010369493553,0.0261342876228809,-0.0474323184107561,0.0147881087286805
274,0.00058827741948192,NA,0.44613557799755,-0.577713757704759,0.184981527917924,-0.263332886729887,-3.38955139022999,-7.97640690732264e-05,-0.000119129019541538,0.000125426608460732,-0.000122317537507372,8.19319411817904e-05,-0.0744771529070931,-0.0732778630663233,0.0351641995166574,-0.0641665474176989,0.0198424197606073
275,0.000270658104557064,NA,0.445913252337716,-0.578046272899187,0.185322329505359,-0.263667765012416,-3.3893273330606,-0.00022232565983445,-0.000332515194428224,0.000340801587435151,-0.000334878282529221,0.000224057169396244,-0.0608420259595732,-0.0597131827362318,0.0284095904135029,-0.0520419200711331,0.0159551092338006
276,0.0003141432529844,NA,0.445656734850288,-0.578430390967441,0.185712776643753,-0.264052532563796,-3.38906802918752,-0.000256517487427509,-0.000384118068254026,0.000390447138394235,-0.00038476755137968,0.000259303873077825,-0.0221716777559777,-0.0218683322827928,0.0101395147567018,-0.0187595094303106,0.00595208234699385
277,0.000578894902580673,NA,0.445480108576189,-0.578695142617037,0.185979504650873,-0.264316008378789,-3.3888879799914,-0.000176626274099488,-0.000264751649596327,0.000266728007120105,-0.00026347581499297,0.000180049196123092,0.0223228994400415,0.0218507886984298,-0.0107415587535797,0.0195156155768927,-0.00576866170831636
278,0.000619243139249881,NA,0.445452728127362,-0.578735490853707,0.186017548402603,-0.264353697286139,-3.3888605476149,-2.73804488265568e-05,-4.03482366692343e-05,3.80437517296179e-05,-3.76889073499269e-05,2.74323764920664e-05,0.0527095858160465,0.0519918290819987,-0.0249570462074189,0.0457612355830861,-0.0141622228966298
279,0.000437134521804383,NA,0.44557340209936,-0.578553382236261,0.185830749115763,-0.264168657819042,-3.38898400790786,0.000120673971997834,0.000182108617445513,-0.000186799286840333,0.000185039467096167,-0.000123460292950875,0.0574320569057818,0.056607920555507,-0.0269433758148807,0.0495695303470711,-0.0153781394374164
280,0.000132551801576009,-417.635836991595,0.445776117808658,-0.578248799516033,0.185521620004831,-0.26386205069002,-3.38918870821874,0.000202715709297684,0.000304582720228335,-0.000309129110931911,0.00030660712902246,-0.000204700310883212,0.0366335723356315,0.035909906159759,-0.0169267440242038,0.0312284839765198,-0.00956612268510071
281,0.000331365410236706,NA,0.445963238838358,-0.577967979932223,0.185238439927169,-0.263580808550214,-3.38937742839745,0.00018712102969987,0.000280819583809896,-0.000283180077661633,0.000281242139806209,-0.000188720178713829,0.00136303356157441,0.00125816541185486,-0.000380514393327758,0.000784064013714669,-0.000337675487571687
282,0.000464366336494909,NA,0.446052170798194,-0.57783454767749,0.185105439000911,-0.263448558515835,-3.38946823361716,8.89319598362446e-05,0.000133432254732804,-0.000133000926258194,0.000132250034378388,-9.08052197114869e-05,-0.0311919848172693,-0.0307051061554375,0.0147495018154586,-0.0271705096110963,0.00814927204828564
283,0.000400998056782481,NA,0.446011976435678,-0.577895609057295,0.185168807280623,-0.263511819407588,-3.38942754200671,-4.01943625162809e-05,-6.10613798047454e-05,6.336827971242e-05,-6.32608917527304e-05,4.06916104559494e-05,-0.046460731937259,-0.0459033230981731,0.0218188051803736,-0.0403490753342339,0.0124244968446874
284,0.000228723763843419,NA,0.445872474074872,-0.57810631650599,0.185382169834509,-0.263724816583918,-3.38928539871988,-0.000139502360805206,-0.000210707448694949,0.000213362553885406,-0.000212997176329966,0.000142143286823478,-0.0394291254224299,-0.0389743502182682,0.0183989726565414,-0.0341124797387238,0.0105759909274639
285,0.000241122269894256,NA,0.445705882620917,-0.578357369984351,0.185634965667287,-0.263977375133067,-3.38911716322155,-0.000166591453954941,-0.000251053478361236,0.00025279583277827,-0.000252558549148815,0.000168235498337556,-0.0153037183281413,-0.0150160838074953,0.00698544454280636,-0.0129939917314914,0.0039448622146665
286,0.000413789836772871,NA,0.445591333219876,-0.57853003755123,0.185807842189728,-0.264150303949884,-3.38900177128753,-0.000114549401041134,-0.000172667566878647,0.000172876522440812,-0.0001729288168171,0.000115391934015536,0.0137125971377827,0.013541104522119,-0.00652876565254701,0.0120676389769869,-0.00366568713161541
287,0.000435383425409608,NA,0.445577380897499,-0.578551631139866,0.185828312087721,-0.264170952681651,-3.38898695887293,-1.39523223774962e-05,-2.1593588636739e-05,2.04698979931334e-05,-2.06487317670039e-05,1.48124146053926e-05,0.0337072731326771,0.0331805313180666,-0.0157590625349258,0.0292400022772199,-0.008843534828884
288,0.000309406354014552,NA,0.44566129325998,-0.578425654068471,0.185700687075418,-0.264043238785163,-3.38907186287524,8.39123624810297e-05,0.000125977071395046,-0.000127625012303337,0.000127713896487984,-8.49040023129741e-05,0.0360386434294924,0.0356234869514083,-0.0168286914004057,0.0313084706249356,-0.00963902607509226
289,0.000151330856734244,NA,0.445795106220513,-0.578224189646505,0.185497822718322,-0.263839878440109,-3.38920800581277,0.000133812960533099,0.00020146442196655,-0.000202864357095877,0.000203360345053749,-0.000136142937536803,0.0214662196640347,0.0212726968129573,-0.00999543033231021,0.0186522026979219,-0.0057776463791015
290,0.000268935980581642,-417.635842453304,0.445911719376518,-0.578048697686931,0.185321584668465,-0.263662951640743,-3.38932561093662,0.000116613156005153,0.000175491959573396,-0.000176238049856663,0.000176926799366335,-0.000117605123847484,-0.00166866868767102,-0.00166611187069066,0.000842996996652801,-0.00151497260958422,0.000546535829926142
291,0.000317043380701626,NA,0.445957322919427,-0.577979830005363,0.185252761956704,-0.26359349425854,-3.38937136187166,4.56035429089475e-05,6.88676815680433e-05,-6.88227117608703e-05,6.94573822029462e-05,-4.57509350336428e-05,-0.0219924675093353,-0.0216463348579055,0.0102632060361429,-0.0190588338000452,0.0058485761655902
292,0.000273873106447997,NA,0.445916367875461,-0.578040755244431,0.18531439945721,-0.263654773715857,-3.38933054806249,-4.0955043966101e-05,-6.09252390672047e-05,6.16375005063509e-05,-6.12794573171122e-05,4.08138091673715e-05,-0.0299927648939047,-0.0294812309675763,0.0139425281986405,-0.0259397779700521,0.00787677720381907
293,0.000172661338392999,NA,0.445816392303623,-0.578190628907198,0.185465326137324,-0.263805790893695,-3.38922933629443,-9.99755718382452e-05,-0.000149873662767645,0.000150926680113705,-0.000151017177837876,0.00010121176805498,-0.0228149133363331,-0.0225298350642333,0.0106429575907896,-0.0198526112171749,0.00612221526807843
294,0.0002330627825603,NA,0.445710693090911,-0.578349310497017,0.185625107864376,-0.263966020380786,-3.38912187558714,-0.000105699212711459,-0.000158681589818903,0.000159781727052002,-0.000160229487091565,0.00010746070728884,-0.00548777734366013,-0.00544866907148389,0.00257923488788947,-0.0048658347395758,0.00150222888350982
295,0.000322946543939273,NA,0.445650648850755,-0.578439194258396,0.185715869403913,-0.26405736401809,-3.38906153500045,-6.00442401564169e-05,-8.98837613790063e-05,9.07615395368395e-05,-9.13436373038549e-05,6.03405866979811e-05,0.0127730788790359,0.012635485404644,-0.00595634389810584,0.0110259924213096,-0.00347707270975661
296,0.000306440068309155,NA,0.445661504314722,-0.578422687782766,0.185699682664971,-0.264041807560685,-3.38907267016311,1.08554639673711e-05,1.65064756300648e-05,-1.61867389416154e-05,1.55564574057681e-05,-1.11351626625595e-05,0.0232540401157166,0.0228874841923243,-0.0108177204083404,0.0200699025754147,-0.00615894805378048
297,0.000201144635972872,NA,0.445731627245457,-0.57831739235043,0.185593970163525,-0.263936700285444,-3.38914314543161,7.01229307345178e-05,0.000105295432336338,-0.000105712501446047,0.000105107275240856,-7.04752684987694e-05,0.0213925363823364,0.0210216614959791,-0.00996518394913437,0.0185006035735569,-0.00562794753022899
298,0.000177182901929029,NA,0.445821011610602,-0.578183050852757,0.185458616583935,-0.263801776963281,-3.38923385785797,8.93843651448762e-05,0.000134341497672219,-0.000135353579590013,0.000134923322162437,-9.07124263613343e-05,0.00915103214538249,0.00903950137853826,-0.00432095987434877,0.00804876890470041,-0.00249703475674323
299,0.000241078474391365,NA,0.445883876835195,-0.578088669810738,0.185363004301063,-0.263706314007147,-3.38929775343043,6.28652245932013e-05,9.43810420197744e-05,-9.56122828726901e-05,9.54629561339428e-05,-6.38955724622383e-05,-0.00632149010471039,-0.00625418010713474,0.00290759885501757,-0.00535184426553315,0.00167611574397597
300,0.000248404639582755,-417.635840707948,0.445891526441372,-0.578077549611643,0.185350986755479,-0.263694035959401,-3.38930507959562,7.64960617688264e-06,1.11201990949248e-05,-1.2017545583229e-05,1.22780477457852e-05,-7.32616519158474e-06,-0.0171878372157153,-0.0170052049952574,0.00802200702310074,-0.0148196295413072,0.0046294928779389
301,0.0299612854908028,NA,0.425891537209352,-0.60807753320526,0.21535095220259,-0.293694017227011,-3.36930512047317,-0.01999998923202,-0.0299999835936168,0.029999965447111,-0.0299999812676093,0.0199999591224505,-0.0185735757440852,-0.0182855558250594,0.00868233200890245,-0.0160150307237927,0.00489265119085758
302,0.00774577373533603,NA,0.440703151429557,-0.585862021449793,0.193136474948699,-0.271478887103516,-3.38410979430576,0.0148116142202057,0.0222155117554668,-0.0222144772538917,0.0222151301234947,-0.0148046738325885,3.50819596405927,3.39323625723864,-1.5960159316819,2.96152002817962,-0.842206072206864
303,0.0138112358048813,NA,0.454947414741939,-0.56447409895013,0.171758569532524,-0.250092132580247,-3.39842830941462,0.0142442633123821,0.0213879224996624,-0.0213779054161742,0.0213867545232688,-0.0143185151088572,0.891397577333919,0.867976873450971,-0.407157705808459,0.757351145921348,-0.22150554059408
304,0.0227113651169354,NA,0.460947637876619,-0.55561352509359,0.16285844022047,-0.24122832718947,-3.40393396526702,0.00600022313467974,0.00886057385654031,-0.00890012931205405,0.00886380539077724,-0.00550565585239924,-1.59080795242517,-1.5676492324701,0.733198692728365,-1.36752588105082,0.42027681502077
305,0.0198126953757335,NA,0.458957846060836,-0.558531906298237,0.165757109961672,-0.244133518667389,-3.40223933347274,-0.00198979181578322,-0.00291838120464682,0.00289866974120182,-0.00290519147791857,0.00169463179428052,-2.70896394340525,-2.57747921409646,1.21220070241179,-2.24634998573947,0.587515204415467
306,0.0107140846580102,NA,0.452862993864167,-0.567644472310372,0.174855720679396,-0.253236856461616,-3.39630011289812,-0.00609485219666868,-0.00911256601213451,0.00909861071772337,-0.00910333779422734,0.00593922057461839,-2.31784184677508,-2.24503352171723,1.05541432617429,-1.95878613055811,0.558907274239573
307,0.000754177070031892,NA,0.445389845719932,-0.578870424784489,0.186078782824277,-0.264460342671354,-3.38879814941306,-0.00747314814423509,-0.0112259524741172,0.0112230621448818,-0.0112234862097381,0.00750196348506032,-1.23274310340094,-1.2072123922735,0.569166534205579,-1.05508383455799,0.317128952929124
308,0.0104490894511327,NA,0.43893040551442,-0.588565337165589,0.195794692379755,-0.274159282997407,-3.38232832600629,-0.00645944020551184,-0.00969491238110076,0.00971590955547753,-0.00969894032605262,0.00646982340677028,0.0704314652466564,0.0710398359160536,-0.0295064671718137,0.0600780839477011,-0.0187197463219491
309,0.01565770768004,NA,0.435439525498403,-0.593773955394497,0.201041943173801,-0.279374824624427,-3.37893154245846,-0.00349088001601691,-0.00520861822890737,0.0052472507940457,-0.00521554162702068,0.00339678354782982,1.20415543619856,1.17436006519256,-0.548762168364192,1.02353638169461,-0.299746840255466
310,0.015550140082214,-417.679189478299,0.435503893253034,-0.593666387796671,0.200965447511523,-0.279273766117884,-3.3790136237277,6.436775463045e-05,0.000107567597826054,-7.64956622779749e-05,0.000101058506543382,-8.20812692452413e-05,1.83335397309747,1.76690547107228,-0.830664267255088,1.54122962896963,-0.428483423888792
311,0.011183273440625,NA,0.438420699509562,-0.589299521155082,0.196613714978555,-0.274911180780994,-3.38186932818741,0.0029168062565282,0.00436686664158906,-0.0043517325329676,0.00436258533688994,-0.0028557044597049,1.82441212871254,1.75465997756419,-0.827056877596988,1.53125101178375,-0.421809502881842
312,0.00434726134611541,NA,0.442980797602981,-0.582463509060572,0.189779198760957,-0.268076567212324,-3.38638273504126,0.00456009809341854,0.00683601209450957,-0.00683451621759809,0.00683461356867033,-0.00451340685385415,1.30089123956623,1.25785826298852,-0.593888590856295,1.09833332089693,-0.310235459437536
313,0.00308602473786335,NA,0.447831637637519,-0.575178958673941,0.182483780599542,-0.260790804544838,-3.3912346040905,0.0048508400345382,0.00728455038663096,-0.00729541816141454,0.00728576266748534,-0.00485186904924139,0.491487385829714,0.47994740100421,-0.228174757808119,0.419671610529804,-0.123724889249388
314,0.00884770379484989,NA,0.451655347211783,-0.569440751351364,0.176722101542556,-0.255050147490914,-3.39504178103323,0.00382370957426447,0.00573820732257718,-0.00576167905698654,0.00574065705392454,-0.00380717694272208,-0.359453077862781,-0.349175716678474,0.161546869321683,-0.304155449839527,0.0880783068168967
315,0.0116327065381309,NA,0.453500650858107,-0.56668624094528,0.173937098799275,-0.252293590290823,-3.39681688433502,0.0018453036463239,0.00275451040608406,-0.00278500274328104,0.00275655720009101,-0.00177510330179793,-1.03096751900011,-1.00230454449957,0.469427027383063,-0.874514257702685,0.253465088917437
316,0.0110362815511346,NA,0.453091060094753,-0.567307798424148,0.174533523786271,-0.252914391485145,-3.39636854280934,-0.000409590763353715,-0.000621557478867932,0.000596424986996339,-0.000620801194321714,0.000448341525686252,-1.36401946406295,-1.31568348876954,0.618933366922647,-1.14827407060147,0.320764551133834
317,0.00762779145764603,NA,0.450801524194903,-0.570726453059584,0.17794201387976,-0.256334335570844,-3.39413222116876,-0.00228953589985019,-0.00341865463543562,0.00340849009348855,-0.00341994408569963,0.00223632164058106,-1.29873725597918,-1.24456452113009,0.587737589512471,-1.08662117327185,0.294131025952993
318,0.00257419989341962,NA,0.447419769191543,-0.57577253391711,0.182995605443986,-0.261384749827486,-3.39084761953132,-0.00338175500335997,-0.00504608085752596,0.00505359156422641,-0.00505041425664209,0.00328460163743635,-0.891078392442068,-0.854857241279205,0.405538119139237,-0.747113887769046,0.203278235630933
319,0.00288838016283655,NA,0.443922973267011,-0.581004627877293,0.188250185323648,-0.26662459516867,-3.38739716952403,-0.00349679592453171,-0.00523209396018373,0.00525457987966159,-0.00523984534118413,0.00345045000729403,-0.284882378878137,-0.279892685739469,0.134853639224275,-0.245666438445369,0.0743229242061716
320,0.00690009214317677,-417.644252682526,0.441252834745689,-0.585016339857634,0.192293188963884,-0.270645765312675,-3.38469896038444,-0.00267013852132228,-0.00401171198034027,0.00404300364023617,-0.00402117014400417,0.0026982091395895,0.335177421106891,0.315909829282646,-0.146426880860417,0.274751683946306,-0.0686299080143726
321,0.00870659031141641,NA,0.440052798577811,-0.586822838025873,0.194131543970575,-0.272459784304104,-3.38347311786153,-0.00120003616787829,-0.00180649816823958,0.00183835500669085,-0.0018140189914293,0.00122584252290783,0.800118639290304,0.772335826013659,-0.362526594699375,0.674252991643698,-0.189707175195508
322,0.0080311759438666,NA,0.440499406199086,-0.586147423658323,0.193479195052943,-0.271787035179294,-3.38394342041575,0.000446607621274887,0.000675414367549779,-0.000652348917631651,0.000672749124810193,-0.000470302554221783,1.00746159830578,0.977606486571858,-0.460888174984575,0.854519068980153,-0.24634729072659
323,0.00529672917993196,NA,0.442319118709725,-0.583412976894389,0.190751075859141,-0.26904981811335,-3.38578883232016,0.00181971251063911,0.00273444676393468,-0.00272811919380198,0.00273721706594416,-0.00184541190441065,0.932577569869864,0.900528737588502,-0.426489779670192,0.78772620156542,-0.222035226897788
324,0.00141469148099371,NA,0.444914022206569,-0.579530939195451,0.186855608052033,-0.265160507586335,-3.3883553689742,0.00259490349684376,0.00388203769893826,-0.00389546780710842,0.00388931052701462,-0.0025665366540338,0.616653848624082,0.589150715200049,-0.280998564221591,0.515878336386777,-0.138185649234401
325,0.00263243846546246,NA,0.447520273398996,-0.575641766566381,0.182937366871943,-0.261261015763477,-3.39089863920771,0.00260625119242717,0.00388917262906954,-0.00391824118008941,0.00389949182285762,-0.00254327023351231,0.156954131398379,0.147038591649107,-0.0724804471019524,0.129656777403397,-0.0315213532076086
326,0.00548638973090304,NA,0.449407707698335,-0.572822468553842,0.180083415606503,-0.258430382442982,-3.39275667691828,0.00188743429933884,0.0028192980125393,-0.00285395126544058,0.00283063332049558,-0.00185803771056734,-0.309243433207484,-0.295934428891087,0.137647177780309,-0.257549546063274,0.0691679463216133
327,0.00655977011400838,NA,0.450102990968789,-0.571778503897561,0.179010035223397,-0.257376926159474,-3.39347143378681,0.00069528327045387,0.00104396465628081,-0.00107338038310533,0.00105345628350783,-0.000714756868536655,-0.643938971620628,-0.616983226677803,0.290632749511133,-0.538674858034938,0.145860555562649
328,0.00570529387966437,NA,0.449520979134524,-0.572649550655412,0.179864511457741,-0.258243125976601,-3.39290984396772,-0.000582011834264377,-0.000871046757851166,0.000854476234344014,-0.000866199817126721,0.000561589819097146,-0.762489639782871,-0.73576208023951,0.348058068766477,-0.643379832467872,0.180385852104337
329,0.00333071217546743,NA,0.447939845953482,-0.575023478344602,0.182239093161938,-0.260618173681498,-3.39132835029666,-0.00158113318104212,-0.00237392768918967,0.00237458170419695,-0.0023750477048974,0.00158149367105676,-0.657542533417654,-0.636486441294437,0.302451126117376,-0.557390741846575,0.158747740215404
330,0.000231237746806084,-417.635840032647,0.445884784146892,-0.578104297004723,0.1853385675906,-0.263705457582612,-3.38928202955678,-0.00205506180659046,-0.00308081866012165,0.00309947442866135,-0.00308728390111358,0.00204632073987377,-0.380830787776176,-0.366170766596952,0.175698637008281,-0.321457251857282,0.0889743984089364
331,0.00283422150309953,NA,0.443980718296092,-0.580950469217556,0.188216096635793,-0.266561357487293,-3.387411748928,-0.00190406585079927,-0.00284617221283291,0.0028775290451933,-0.00285589990468158,0.00187028062878403,-0.0193775144907704,-0.0154440300548231,0.00992174818748026,-0.0147935799077459,0.000858196358421992
332,0.00463004634305109,NA,0.442777887888889,-0.582746294057508,0.190044533194444,-0.268367323666359,-3.38623261564491,-0.00120283040720367,-0.00179582483995156,0.00182843655865138,-0.00180596617906537,0.00117913328308703,0.319791807328329,0.308521773035864,-0.144429825468251,0.268810236434547,-0.0748324288224467
333,0.00492848757803033,NA,0.442579516628571,-0.583044735292487,0.190364962592039,-0.268673317629513,-3.38602068127942,-0.000198371260317407,-0.000298441234979282,0.000320429397594535,-0.000305993963154465,0.000211934365489042,0.534586739604492,0.512862839627815,-0.24269884761452,0.448126875198795,-0.121802490298251
334,0.00376615339982722,NA,0.443356763695035,-0.581882401114284,0.189207741688115,-0.26751365179077,-3.38677484795557,0.000777247066463231,0.00116233417820312,-0.00115722090392409,0.00115966583874347,-0.000754166676149103,0.567375082027866,0.546731121744415,-0.259942458455953,0.478532147667465,-0.132995279500392
335,0.00161216005805642,NA,0.444791648764161,-0.579728407772513,0.187041909298289,-0.265356889285163,-3.38820843422904,0.00143488506912646,0.00215399334177075,-0.00216583238982592,0.0021567625056063,-0.00143358627346352,0.42730742961794,0.414400716408636,-0.197960067112035,0.363377596386272,-0.104058516967598
336,0.000966989795229051,NA,0.446399841639375,-0.577313941285603,0.184602815542177,-0.262935752742665,-3.38981943660098,0.00160819287521387,0.00241446648691002,-0.00243909375611217,0.00242113654249819,-0.00161100237194583,0.175115536649173,0.169315656535218,-0.0821223983393793,0.149122952848302,-0.0420691196723055
337,0.0029090520565859,NA,0.447678035749168,-0.575401231338399,0.18266075328082,-0.261015268334519,-3.39107635086322,0.00127819410979346,0.00191270994720441,-0.00194206226135685,0.00192048440814573,-0.00125691426223583,-0.10663277976164,-0.105368888512203,0.0483863368572202,-0.0914117083539168,0.0285171961422748
338,0.00378735517037815,NA,0.448251944779106,-0.574546056847961,0.181782450167028,-0.26015393008553,-3.39162560223127,0.000573909029938051,0.000855174490437636,-0.000878303113792237,0.000861338248989521,-0.00054925136805096,-0.333939707388708,-0.322964622228028,0.152602397633927,-0.282149929375919,0.0798895717935011
339,0.00341086141956981,NA,0.447993641274085,-0.574930481001279,0.182158943917836,-0.26053570029178,-3.39137584011691,-0.00025830350502151,-0.000384424153317712,0.000376493750808348,-0.000381770206249802,0.000249762114362337,-0.438293845377302,-0.420191818193416,0.199979626245295,-0.367647255075099,0.099792547416655
340,0.00200189091790737,-417.6364935638,0.447054932382546,-0.576330097482769,0.183567914419498,-0.261937064948316,-3.39046579063052,-0.000938708891538943,-0.00139961648149008,0.00140897050166243,-0.00140136465653628,0.000910049486392269,-0.391884783539354,-0.37629746714174,0.179903493631173,-0.329716996247953,0.0901353593008025
341,0.000160526508084402,NA,0.445795864410197,-0.578214940294973,0.18547471478135,-0.26382753467527,-3.38921720146412,-0.00125906797234893,-0.00188484281220424,0.00190680036185126,-0.0018904697269542,0.0012485891663905,-0.223202114852938,-0.216882430095211,0.104328994439129,-0.190537759863219,0.0549515777947818
342,0.00182046014058734,NA,0.444648490085079,-0.579936707855044,0.187222949841925,-0.265556615081424,-3.3880639951739,-0.00114737432511819,-0.00172176756007077,0.00174823506057554,-0.00172908040615373,0.00115320629022097,-0.000944182829698548,-0.00235857896768721,0.00218096545268054,-0.0027295862992105,0.00220858794364176
343,0.00282866896810285,NA,0.443975037753371,-0.58094491668256,0.188253072834541,-0.266570841082881,-3.38739712048,-0.000673452331707835,-0.00100820882751556,0.00103012299261632,-0.00101422600145682,0.000666874693903859,0.199486025280748,0.193496950942063,-0.0914248016670172,0.169067730553252,-0.0488061164105602
344,0.00284831098308924,NA,0.44395997515706,-0.580964558697546,0.188281955895158,-0.266593032265233,-3.38739570218579,-1.50625963108399e-05,-1.9642014986357e-05,2.88830606162869e-05,-2.21911823528457e-05,1.41829420742273e-06,0.318750151677705,0.30813485238923,-0.146756689787253,0.269803217634035,-0.0765347544984252
345,0.00195471352506482,NA,0.444557917792054,-0.580070961239522,0.187381296920303,-0.265697927451342,-3.38798677329306,0.000597942634993474,0.000893597458024455,-0.000900658974854806,0.000895104813891485,-0.000591071107265357,0.323528819308194,0.310303493620268,-0.148536688016065,0.271960636268886,-0.0742779758411416
346,0.000523827571142443,NA,0.445516923749036,-0.578640075285599,0.185930577785602,-0.264262221980701,-3.38892486643946,0.000959005956982826,0.00143088595392237,-0.00145071913470067,0.00143570547064136,-0.000938093146402097,0.217626596281661,0.208547140800874,-0.100296298342073,0.183031428946379,-0.049764567506827
347,0.00110094712473405,NA,0.446478187496977,-0.577202258382717,0.184468858212672,-0.262818046239532,-3.38987935899516,0.00096126374794023,0.00143781690288243,-0.00146171957293059,0.00144417574116844,-0.000954492555696361,0.0463058051991538,0.0456570552387348,-0.0224136255155827,0.0404244548235511,-0.0124820292057848
348,0.0020697719245529,NA,0.447111948350443,-0.576252404845161,0.183500033412853,-0.261862722807196,-3.3905175589553,0.000633760853466759,0.000949853537556214,-0.000968824799818866,0.000955323432336563,-0.000638199960146631,-0.123198340702402,-0.117975234275036,0.0559603296323985,-0.103055583053902,0.0279158859939344
349,0.00224988254530006,NA,0.447228456442115,-0.576080129357638,0.183319922792106,-0.26168790246884,-3.3906291658372,0.00011650809167196,0.00017227548752305,-0.000180110620747166,0.000174820338355543,-0.000111606881891618,-0.233547575021475,-0.226052266043553,0.107853123267887,-0.197985964973668,0.0564380724199509
350,0.00164318252160628,-417.636273344307,0.446828901050253,-0.576681109499702,0.183926622815799,-0.262289835947189,-3.39022439780441,-0.000399555391862673,-0.000600980142064609,0.000606700023693794,-0.000601933478349313,0.000404768032788374,-0.254667962735766,-0.245665094666947,0.117600788485106,-0.215337162785545,0.0604601785880732
351,0.000528811515895622,NA,0.446094543309342,-0.577778810597806,0.18504099382151,-0.263391109592068,-3.38950257164369,-0.000734357740911004,-0.00109770109810392,0.00111437100571067,-0.00110127364487894,0.000721826160719392,-0.185425089966884,-0.177298853714092,0.085197585235619,-0.155504185386235,0.0419090127934396
352,0.000824491290937535,NA,0.445316513285596,-0.578940739005394,0.186222999113195,-0.264557612420785,-3.38873996954532,-0.00077803002374613,-0.00116192840758835,0.00118200529168534,-0.00116650282871641,0.000762602098365769,-0.0548078338624691,-0.0523929872997542,0.0254024337209557,-0.046097302401904,0.0125177751897354
353,0.00162688221324792,NA,0.444781087465994,-0.579743129927705,0.187040237112307,-0.265363734829954,-3.38820286252819,-0.000535425819601361,-0.000802390922310422,0.000817237999111906,-0.000806122409169338,0.000537107017133576,0.0839510300920665,0.0798186164274739,-0.0380766499574747,0.0697815312378225,-0.0180777442437829
354,0.00180809499443058,NA,0.444660625190299,-0.579924342708887,0.187225920248788,-0.265546294649474,-3.38807677092216,-0.000120462275695247,-0.000181212781182609,0.000185683136480398,-0.000182559819520419,0.00012609160602563,0.177613683263189,0.171096975236651,-0.0818673237290568,0.149888557530176,-0.041629384099906
355,0.00135388931900116,NA,0.444962261980702,-0.579470137033458,0.186765285124066,-0.265090664338215,-3.38838291464421,0.000301636790403298,0.000454205675429374,-0.000460635124722037,0.00045563031125911,-0.000306143722045693,0.197869587168498,0.191715533901515,-0.0917792584687049,0.168044289807767,-0.0480008952763455
356,0.000485446401666478,NA,0.445541142066104,-0.578601694116123,0.185882703071784,-0.264219075874852,-3.38896128950512,0.000578880085401389,0.000868442917334727,-0.00088258205228156,0.00087158846336337,-0.00057837486091574,0.145570124345795,0.140085438715687,-0.0671463789103655,0.122762851901825,-0.0339858877396182
357,0.000626957425430702,NA,0.446159531018341,-0.577677435745422,0.184942847911975,-0.263291638232838,-3.38956643626206,0.000618388952237637,0.000924258370701615,-0.000939855159809142,0.000927437642013843,-0.00060514675693344,0.0438939025571017,0.04132939864121,-0.0198514368321412,0.0361580856633736,-0.00897086749773734
358,0.00126462542978339,NA,0.446578943058853,-0.577049755229143,0.184305179907622,-0.262662146528359,-3.38997945053416,0.000419412040511208,0.000627680516278719,-0.000637668004352684,0.000629491704479166,-0.000413014272107971,-0.0665844197555998,-0.0638046600442976,0.030628800118393,-0.0559716522730014,0.0151581559748593
359,0.001383168219315,NA,0.446656181707996,-0.576931765942764,0.184186637118091,-0.262544490945405,-3.39006318029323,7.72386491436971e-05,0.000117989286379023,-0.000118542789531611,0.000117655582954238,-8.37297590609468e-05,-0.141105299462652,-0.135197051349678,0.0648435599259756,-0.11851618808123,0.0320919821206189
360,0.000981869477569952,-417.635983930762,0.446393087689711,-0.577325227302384,0.184587935859836,-0.262940347228091,-3.38980243112676,-0.000263094018285325,-0.000393461359620462,0.00040129874174505,-0.000395856282686822,0.000260749166467484,-0.153684296719803,-0.148592970958816,0.0711170923750615,-0.130234064954493,0.0368164273822913
361,0.000270736699369944,NA,0.445919978049845,-0.578034870670743,0.185309779172878,-0.263653331157424,-3.38932741165541,-0.000473109639865452,-0.000709643368358653,0.000721843313042321,-0.00071298392933238,0.000475019471347848,-0.107220827203491,-0.103821666357362,0.0495807421430072,-0.0909157455453169,0.025853331635517
362,0.000641657165647014,NA,0.44543655015263,-0.578757904880104,0.186044220731185,-0.264379062251214,-3.38885104654518,-0.000483427897215495,-0.000723034209360846,0.0007344415583069,-0.00072573109379041,0.000476365110230331,-0.0245551217403772,-0.0230959119562613,0.0109189903696461,-0.0200728925392468,0.00487437318952288
363,0.00109342008816027,NA,0.445134141846208,-0.579209667802617,0.18650165105972,-0.264831766835391,-3.38855633541257,-0.000302408306421909,-0.0004517629225132,0.000457430328535176,-0.000452704584176269,0.000294711132612377,0.0613038162100565,0.0591654548998122,-0.028491296006905,0.0520201888321026,-0.014668810308649
364,0.00111852542300861,NA,0.445118525165231,-0.579234773137465,0.186524495907718,-0.264855788519726,-3.38853661613733,-1.56166809769512e-05,-2.5105334848379e-05,2.28448479973879e-05,-2.4021684335495e-05,1.9719275239981e-05,0.115527372486213,0.110566700755044,-0.0530521379005222,0.096988918585339,-0.0262109796267396
365,0.000743651978309279,NA,0.445369903734128,-0.578859899692766,0.186141473376359,-0.264478271947413,-3.38878304216178,0.000251378568897236,0.000374873444699343,-0.00038302253135837,0.000377516572313044,-0.000246426024456966,0.117668610073451,0.113407523372189,-0.0542073911447005,0.0993957962691638,-0.0277621734312561
366,0.000153689920323941,NA,0.445763565006544,-0.578269937634781,0.185541772458242,-0.263885230622059,-3.38917826355628,0.000393661272415625,0.000589962057985294,-0.000599700918116766,0.000593041325353647,-0.000395221394494226,0.0728455086118629,0.0707393542143109,-0.0336146558765904,0.0619100859466926,-0.0178978467602064
367,0.000583232787940924,NA,0.446129892129302,-0.57772204724727,0.184986572549465,-0.263335170011336,-3.38954128344993,0.00036632712275841,0.000547890387510587,-0.000555199908777641,0.00055006061072312,-0.000363019893651876,0.00405890489219018,0.00360404271759762,-0.00149530990256608,0.002993042471644,-0.000473683030577376
368,0.000871307001333477,NA,0.446322039315454,-0.577436042848066,0.184698498336072,-0.263048665843786,-3.38972642712317,0.000192147186151856,0.000286004399203872,-0.000288074213392541,0.000286504167550089,-0.000185143673242394,-0.0606485252774291,-0.0587641272886685,0.0282623574321406,-0.0516467190436742,0.0147868854583066
369,0.00079676229040615,NA,0.446274414851996,-0.577506885017743,0.184773043047,-0.263120580591285,-3.38968113931501,-4.76244634578547e-05,-7.0842169676414e-05,7.45447109273335e-05,-7.19147474986339e-05,4.52878081589973e-05,-0.0953659963442988,-0.0913470557861729,0.0437300576550115,-0.08009658301944,0.021719985738855
370,0.000422270008358566,-417.635859012508,0.446028206196076,-0.577874406393606,0.185147535329047,-0.263490125196304,-3.38944084060006,-0.000246208655920012,-0.000367521375863527,0.000374492282047572,-0.000369544605018822,0.000240298714957693,-0.0866465762783264,-0.0833054969007208,0.0396851555706235,-0.072961445312103,0.0201545975642148
371,0.00024348436602617,NA,0.445704497627736,-0.578359732080483,0.185639368461445,-0.26397752201278,-3.38911669358623,-0.000323708568340719,-0.000485325686876807,0.000491833132398071,-0.000487396816476338,0.000324147013825498,-0.0425813703941458,-0.0414867855624834,0.0195548943793256,-0.0362663058695034,0.0106753657291847
372,0.000632669494862625,NA,0.445444611314952,-0.578748917209319,0.186032027299254,-0.264367916255384,-3.38885800407622,-0.000259886312783757,-0.000389185128836464,0.000392658837808489,-0.000390394242603772,0.000258689510010574,0.0141136996489877,0.0137417589485267,-0.00677830769291177,0.0121518075957283,-0.00350437915130897
373,0.000769477116463357,NA,0.445352373015901,-0.57888572483092,0.186168276052619,-0.264504697618562,-3.38877073085893,-9.22382990509939e-05,-0.00013680762160069,0.000136248753364807,-0.000136781363177835,8.7273217290119e-05,0.0598604884771703,0.0580496151769694,-0.0277972338835752,0.0509293272443756,-0.0145731314660225
374,0.000617554716477953,NA,0.445453849748171,-0.578733802430935,0.186012367700718,-0.264351823909067,-3.38887038507262,0.000101476732269626,0.000151922399985358,-0.000155908351900502,0.000152873709494503,-9.96542136886281e-05,0.0767644314692006,0.0736561486291976,-0.0351125419228993,0.0645036720925418,-0.0175741945440677
375,0.00026717331360393,NA,0.445688223305613,-0.578383421028061,0.18565696797655,-0.264000153981307,-3.38909957222619,0.000234373557442665,0.000350381402874055,-0.000355399724168431,0.000351669927759977,-0.000229187153568932,0.058665413575909,0.0563939659059542,-0.0267242489826458,0.0493197120476907,-0.0135604915385557
376,0.000296522309587072,NA,0.445941561450662,-0.578003134244363,0.185273283027819,-0.263618841280001,-3.38935312822473,0.000253338145048941,0.00038028678369773,-0.000383684948730959,0.000381312701306045,-0.000253555998541215,0.0167560023101032,0.0165313616662388,-0.00764003402764502,0.0143961131016113,-0.00444864951987256
377,0.000539521319902397,NA,0.44610306177287,-0.577760792825472,0.185030284017503,-0.263376206027257,-3.38951397673125,0.000161500322208119,0.000242341418891115,-0.000242999010315332,0.000242635252743939,-0.000160848506525863,-0.0276532813359154,-0.0267392454134097,0.0128862455994749,-0.0234833152035208,0.00663655043808831
378,0.000548119186904561,NA,0.446110467113487,-0.577750322738205,0.185021686150501,-0.263366206183234,-3.38951801633267,7.40534061683695e-06,1.04700872672498e-05,-8.59786700217574e-06,9.99984402327531e-06,-4.03960141257692e-06,-0.0560779932357036,-0.0543254520835035,0.0258768108096774,-0.0475826277579472,0.0135579148263787
379,0.000339086318250387,NA,0.445972837055694,-0.577955985695953,0.185230719019155,-0.26357271256716,-3.38938280897883,-0.000137630057793453,-0.000205662957747902,0.000209032868654181,-0.000206506383925661,0.000135207353839315,-0.0578869315859265,-0.0555336106344839,0.0263471343942001,-0.0485641675140869,0.0132009643039055
380,0.000151338068794971,-417.635837263222,0.445764360897075,-0.578267585783252,0.185545367048519,-0.263885109755504,-3.38917861798825,-0.000208476158618541,-0.000311600087299202,0.000314648029363913,-0.000312397188344234,0.000204190990574293,-0.0333901209614851,-0.0321311489415166,0.0151259098402079,-0.028051694584974,0.00771711825109378
381,0.000420492662036365,NA,0.445585158719639,-0.578536740376493,0.185815793106928,-0.264154712735544,-3.38899874106185,-0.000179202177435709,-0.000269154593241364,0.000270426058408829,-0.000269602980039746,0.000179876926404032,0.00381601864773984,0.0033373640917489,-0.0017497984572401,0.00297372935165185,-0.000476964032714022
382,0.000530101016980145,NA,0.445512199696295,-0.578646348731437,0.185924813728203,-0.264264244307192,-3.38892626539699,-7.29590233444249e-05,-0.000109608354943736,0.000109020621275308,-0.000109531571648313,7.24756648574646e-05,0.0351490979255686,0.0339708793717364,-0.0161998946168751,0.0297567339657689,-0.00843355167035043
383,0.000444752652085878,NA,0.445568982827504,-0.578561000366543,0.18583763210596,-0.26417840915468,-3.38898500630863,5.67831312091147e-05,8.5348364894265e-05,-8.71816222436203e-05,8.58351525117575e-05,-5.87409116375924e-05,0.0480283142678672,0.0464494354446288,-0.0220212598378566,0.0406330286750745,-0.0115251509669179
384,0.000220530878655589,NA,0.445719188049249,-0.578336778593112,0.185611162352318,-0.26395360273571,-3.38913221286328,0.000150205221745171,0.000224221773430264,-0.000226469753642194,0.000224806418970464,-0.000147206554646922,0.038376862221412,0.0367385325716896,-0.0173647231349605,0.0320970434586343,-0.00865716401676764
385,0.000238782657767445,NA,0.445885243291884,-0.57808863955142,0.185361466243781,-0.263704993699495,-3.38929545761381,0.000166055242635134,0.000248139041691962,-0.00024969610853614,0.000248609036214879,-0.000163244750531771,0.0115973551828574,0.0112060649826162,-0.0052195269972799,0.00976784349404625,-0.00274025751423324
386,0.000364289752770253,NA,0.445988879890951,-0.577932993503462,0.185205515584635,-0.263549107271547,-3.38940020258668,0.000103636599066965,0.00015564604795895,-0.000155950659145947,0.000155886427947469,-0.000104744972876747,-0.0179319795279298,-0.0170534178778325,0.0081568236964813,-0.0149242720226539,0.00391814808153867
387,0.000362930889864693,NA,0.445988532679638,-0.577933721759221,0.185206874447541,-0.263549881066687,-3.38939908686428,-3.47211313264311e-07,-7.28255759950202e-07,1.3588629055635e-06,-7.73795140202401e-07,1.11572240380688e-06,-0.0359281773398834,-0.0347788562748974,0.0164777378586223,-0.0304116377947139,0.00867638959789474
388,0.000246747250593149,NA,0.445893337316971,-0.578076576855243,0.1853508904034,-0.26369295863645,-3.38930342220663,-9.51953626668456e-05,-0.00014285509602195,0.000144015955858928,-0.000143077569762172,9.56646576470929e-05,-0.0359801884997069,-0.0347049547144707,0.0164059673579686,-0.0303293489878342,0.00850813023589581
389,0.000165685139805527,NA,0.445755794206154,-0.578281932854262,0.185557507808032,-0.26389856228256,-3.38916913583407,-0.000137543110817366,-0.000205355999018989,0.000206617404632513,-0.000205603646110542,0.000134286372566489,-0.0193624646271928,-0.0184464863650646,0.00870816336373537,-0.0161100211926168,0.00426055350999377
390,0.000331111144924678,-417.635846109753,0.445645259005881,-0.578447358859381,0.18572369782292,-0.264064210300039,-3.38905952468044,-0.000110535200273135,-0.000165426005119112,0.00016619001488707,-0.000165648017478489,0.000109611153623937,0.00523873438851297,0.00493907691634377,-0.00236810194564896,0.00431132036737836,-0.00106192885596101
391,0.000381710131849733,NA,0.445611626478478,-0.578497957846307,0.185774413817725,-0.264114948662122,-3.38902474106587,-3.3632527402831e-05,-5.05989869250102e-05,5.07159948053953e-05,-5.07383620831791e-05,3.47836145743487e-05,0.0247523644247849,0.0237783638112887,-0.0112591055767552,0.0207668239227132,-0.0056915672530522
392,0.00030362183754773,NA,0.445663415001699,-0.578419869552005,0.185695989577806,-0.264036873706759,-3.38907749727568,5.17885232211185e-05,7.8088294301955e-05,-7.84242399188835e-05,7.80749553624158e-05,-5.27562098070655e-05,0.0304683038621079,0.0295435347652528,-0.013957930491415,0.025809296744228,-0.00739847905606439
393,0.000145805692767564,NA,0.445768710294524,-0.578262053407224,0.185537440841434,-0.263879005206169,-3.38918180453793,0.000105295292824842,0.000157816144780197,-0.000158548736372395,0.00015786850058995,-0.000104307262256792,0.0215245302115363,0.0206629027843519,-0.00977539457380772,0.0180480691369667,-0.00493924176225846
394,0.000225885430178874,NA,0.445871939525804,-0.578107765737703,0.185382306819877,-0.263724642936204,-3.38928256038622,0.000103229231280474,0.000154287669521352,-0.000155134021556617,0.000154362269965746,-0.000100755848286632,0.00290599246000056,0.00270138571067946,-0.00129209240640193,0.00236339076309378,-0.00055167447499116
395,0.000277265265501203,NA,0.445922626165124,-0.578031514222852,0.185305532001853,-0.26364831100518,-3.38933394022154,5.06866393200158e-05,7.62515148508935e-05,-7.67748180238912e-05,7.63319310238033e-05,-5.13798353225112e-05,-0.015570927303088,-0.0148623445284102,0.00702359159276966,-0.0129693233930084,0.00343763531418517
396,0.000256329084360463,NA,0.445901280307726,-0.578063435133901,0.185337357109861,-0.263680220907085,-3.3893130040404,-2.13458573981399e-05,-3.19209110487128e-05,3.18251080080863e-05,-3.19099019051439e-05,2.09361811407605e-05,-0.0243561214574584,-0.0235375807733362,0.0111223556586992,-0.0205563469535264,0.00579188792926288
397,0.00017952322104664,NA,0.445824937651183,-0.578178114961903,0.185452421032756,-0.263794980098472,-3.38923619817709,-7.63426565430532e-05,-0.000114679828001903,0.000115063922894936,-0.000114759191387185,7.68058633136317e-05,-0.0205526458785243,-0.0199007467927004,0.00942016413318925,-0.0173876037479204,0.00494288826757838
398,0.000195314219680554,NA,0.445735674295272,-0.578311561934137,0.18558669938876,-0.263928538806237,-3.38914888371336,-8.92633559111602e-05,-0.000133446972234476,0.000134278356004004,-0.000133558707765016,8.73144637300589e-05,-0.00723551352166396,-0.00684724227539846,0.00327605505390238,-0.00598436315613071,0.00151384313085146
399,0.000279700738404554,NA,0.445679344663618,-0.578395948452861,0.185671900678305,-0.264013027868164,-3.38909323546084,-5.63296316541583e-05,-8.43865187239858e-05,8.52012895449679e-05,-8.44890619266708e-05,5.56482525189181e-05,0.00871319230100198,0.0083435367059792,-0.00392116476177762,0.0072820114382921,-0.00197386384570564
400,0.000277445169965085,-417.635842229112,0.445681097930425,-0.578393692884422,0.185670025809591,-0.264010789288692,-3.38909385721477,1.75326680702856e-06,2.25556843950873e-06,-1.87486871429929e-06,2.23857947193629e-06,-6.2175392971718e-07,0.0186985568007003,0.017944032606465,-0.00848589365887165,0.0156767850967299,-0.00428520820605627
