"iter","err","ll","dens_0","conn_0","conn_X1","conn_X2","g0_1","step_dens_0","step_conn_0","step_conn_X1","step_conn_X2","step_g0_1","grad_dens_0","grad_conn_0","grad_conn_X1","grad_conn_X2","grad_g0_1"
1,1.59094332504478,-973.228534317255,-0.980000000000833,-1.97000000000541,0.0299999999748671,-0.0299999999808686,-4.98000000000082,0.019999999999167,0.0299999999945879,0.0299999999748671,-0.0299999999808686,0.0199999999991762,240.098141321141,55.431818782381,11.93654927647,-15.6810348346426,242.791845910233
2,1.57094332851141,NA,-0.960000014279215,-1.940000181878,0.0599329955862569,-0.0599583266246552,-4.96000000346745,0.0199999857216177,0.0299998181274099,0.0299329956113898,-0.0299583266437866,0.0199999965333696,239.524287159156,55.0466652828163,10.4415847647488,-14.1112626545237,242.505758192237
3,1.55094333784749,NA,-0.940000054092343,-1.91000084017488,0.0897226923891216,-0.0898314678236737,-4.94000001280353,0.0199999601868719,0.0299993417031178,0.0297896968028648,-0.0298731411990185,0.0199999906639225,238.925431366397,54.5439346990406,8.9183577665608,-12.5118221251341,242.216485497693
4,1.53094335573062,NA,-0.920000132134697,-1.88000245491922,0.119253621444033,-0.119558022442741,-4.92000003068666,0.0199999219576465,0.0299983852556661,0.029530929054911,-0.0297265546190668,0.0199999821168721,238.300589015807,53.9254978389181,7.37312675482826,-10.8881637095237,241.918492042714
5,1.51094338531447,NA,-0.900000262651154,-1.85000573451494,0.148351098542341,-0.149051266874549,-4.90000006027051,0.0199998694835427,0.0299967204042812,0.0290974770983079,-0.0294932444318085,0.019999970416149,237.648762007439,53.19523776393,5.81422830805423,-9.2466420449,241.605905335973
6,1.49094343047934,NA,-0.880000461555851,-1.8200116524513,0.176752114091407,-0.178188574084257,-4.88000010543538,0.019999801095303,0.0299940820636412,0.0284010155490668,-0.0291373072097075,0.019999954835134,236.968940997713,52.3595198342264,4.25301622954066,-7.5947155232825,241.272465465272
7,1.47094349614942,NA,-0.860000746557112,-1.79002147083699,0.204066572926596,-0.206796638115316,-4.86000017110546,0.0199997149987394,0.0299901816143032,0.0273144588351884,-0.0286080640310593,0.0199999343299181,236.260106710233,51.4278519199252,2.70519715741102,-5.94120537812159,240.911474027143
8,1.45094358869814,NA,-0.840001137289049,-1.76003674038676,0.22973533871699,-0.23463167948493,-4.84000026365418,0.0199996092680628,0.0299847304502301,0.0256687657903939,-0.0278350413696141,0.0199999074512764,235.521229544702,50.4137546795391,1.19256372158816,-4.29663565341798,240.515773747347
9,1.43094371645996,NA,-0.820001655451047,-1.73005926292404,0.253008596976837,-0.261355115399902,-4.820000391416,0.0199994818380018,0.029977477462727,0.0232732582598469,-0.0267234359149717,0.019999872238183,234.751265377326,49.3357188543087,-0.255218175198024,-2.6737159635104,240.077846661961
10,1.4109438903463,-870.575696289559,-0.800002324957615,-1.70009100198286,0.272992109199651,-0.286508984655321,-4.80000056530235,0.0199993304934325,0.0299682609411742,0.0199835122228146,-0.0251538692554194,0.0199998261136542,233.949143929522,48.2177648666493,-1.59992839257939,-1.08813231236127,239.590221256094
11,1.39094412450486,NA,-0.780003172103385,-1.67013393637651,0.288807637874861,-0.309503505316692,-4.7800007994609,0.01999915285423,0.0299570656063475,0.0158155286752096,-0.0229945206613707,0.0199997658414415,233.113745006222,47.0885718254976,-2.79749230230664,0.440063256519352,239.046464132571
12,1.37094443685863,NA,-0.760004225751242,-1.64018987610767,0.299835106030651,-0.329640640828142,-4.76000111181467,0.0199989463521424,0.0299440602688403,0.0110274681557899,-0.0201371355114501,0.0199996876462369,232.243860072003,45.9780309654434,-3.80614141135993,1.88438002282965,238.442851206173
13,1.35094484927277,NA,-0.740005517554661,-1.61026028999592,0.305890083973208,-0.346201143557305,-4.74000152422881,0.0199987081965818,0.029929586111756,0.00605497794255726,-0.0165605027291627,0.0199995875858544,231.338143448738,44.911522371649,-4.59809789958854,3.2102484715324,237.780106322134
14,1.3309453871501,NA,-0.720007082226889,-1.58034620231984,0.307212521166813,-0.358594630798141,-4.72000206210614,0.0199984353277715,0.0299140876760821,0.00132243719360471,-0.0123934872408368,0.0199994621226759,230.395064700133,43.9046251142372,-5.16723751388781,4.37662133549566,237.063871726377
15,1.31094607849899,NA,-0.700008957868486,-1.55044818920208,0.304309469213855,-0.366511203467526,-4.70000275345503,0.0199981243584034,0.0298980131177571,-0.00290305195295802,-0.00791657266938452,0.0199993086511114,229.412877126833,42.9610892763321,-5.52664838551209,5.3427869454481,236.303077044795
16,1.29094695279441,NA,-0.680011186360124,-1.52056646772058,0.297782976526905,-0.369983425589347,-4.68000362775045,0.0199977715083623,0.0298817214815018,-0.0065264926869492,-0.00347222212182081,0.0199991257045757,228.38961683874,42.0742013056952,-5.69893602346383,6.07765576091879,235.506983585765
17,1.27094804004127,NA,-0.660013813820889,-1.4907010472196,0.288219205687059,-0.36932818986545,-4.66000471499731,0.0199973725392348,0.0298654205009813,-0.00956377083984664,0.000655235723896528,0.0199989127531379,227.323137227131,41.2298894752894,-5.70687004596948,6.56547027006127,234.682595345248
18,1.25094937030959,NA,-0.640016891127471,-1.46085190732632,0.276140932294504,-0.365024999775089,-4.64000604526563,0.0199969226934175,0.0298491398932782,-0.0120782733925549,0.00430319009036159,0.0199986697316856,226.211164416554,40.4101351580266,-5.56859506104956,6.80495269875792,233.833511878174
19,1.23095097379382,NA,-0.620020474489439,-1.43101917513381,0.261999281299152,-0.357604503263282,-4.62000764874986,0.0199964166380324,0.0298327321925046,-0.0141416509953515,0.00742049651180641,0.0199983965157681,225.051350687409,39.5958394676654,-5.29692517602598,6.8043496980863,232.960111222837
20,1.21095288130354,-765.175946302423,-0.60002462607855,-1.40120328743476,0.24618437073882,-0.34758110361753,-4.60000955625958,0.0199958484108894,0.0298158876990492,-0.0158149105603319,0.0100233996457524,0.0199980924902759,223.841313679713,38.7687597901731,-4.90064293671821,6.57639995893078,232.060358147237
21,1.19095512504988,NA,-0.580029414712754,-1.37140513598497,0.229044145948862,-0.33542721955521,-4.58001180000592,0.0199952113657953,0.0297981514497925,-0.0171402247899588,0.0121538840623197,0.0199977562536609,222.578662951491,37.9125595077312,-4.38633952512646,6.13530714190347,231.130664702732
22,1.17095773960925,NA,-0.56003491659664,-1.34162620129711,0.210907609817857,-0.321575250333742,-4.56001441456529,0.0199944981161141,0.029778934687859,-0.0181365361310044,0.0138519692214685,0.0199973854406326,221.261020897145,37.0132448779259,-3.76026680896757,5.49582646385716,230.166569799621
23,1.15096076297879,NA,-0.54004121611949,-1.31186868361953,0.192112449451713,-0.306436146722244,-4.54001743793483,0.0199937004771507,0.0297575176775849,-0.0187951603661443,0.015139103611498,0.0199969766304563,219.886044087616,36.0592706647367,-3.03020812680188,4.67389056780121,229.163221201816
24,1.130964237664,NA,-0.52004840671025,-1.28213564005973,0.173038541692472,-0.29042929201027,-4.52002091262004,0.0199928094092393,0.0297330435597947,-0.019073907759241,0.016006854711974,0.0199965253147904,218.451448689621,35.0415098557733,-2.20758113528063,3.68831882610721,228.115719278321
25,1.11096821175085,NA,-0.500056591745938,-1.25243113555476,0.154147523915436,-0.274022112821628,-4.50002488670689,0.0199918149643127,0.0297045045049724,-0.0188910177770356,0.0164071791886419,0.0199960259131521,216.955041476012,33.9532024531763,-1.31001964177813,2.56345638376843,227.019389252519
26,1.09097273991388,NA,-0.480065885506934,-1.22276041308434,0.136021851999162,-0.257776763216791,-4.48002941486992,0.0199907062390038,0.0296707224704234,-0.0181256719162745,0.0162453496048366,0.0199954718369721,215.394755651914,32.7899562796574,-0.364537871746506,1.33275639655039,225.870027720703
27,1.07097788430968,NA,-0.460076414171159,-1.19313008477335,0.119380946228886,-0.242391234204988,-4.46003455926572,0.019989471335775,0.029630328310987,-0.016640905770276,0.0153855290118027,0.0199948556041957,213.768686161302,31.5498675900017,0.589155453099011,0.0430959005370823,224.664116994973
28,1.05098371533305,NA,-0.440088316843647,-1.16354833925156,0.105032561167859,-0.228700336244729,-4.44004039028909,0.0199880973275116,0.0295817455217882,-0.0143483850610264,0.0136908979602596,0.0199941689766285,212.075109965326,30.2338300764404,1.49687782368346,-1.24142615959499,223.39890014905
29,1.03099031231327,NA,-0.42010174663645,-1.13402515206301,0.0937273359672525,-0.217584338448417,-4.42004698726931,0.0199865702071968,0.0295231871885559,-0.0113052252006068,0.0111159977963122,0.0199934030197818,210.312463905211,28.845998832594,2.29308515827142,-2.43961774799573,222.072105044617
30,1.01099776438937,-667.080169522364,-0.400116871850776,-1.10457248181649,0.085961938172035,-0.209772985862961,-4.40005443934541,0.0199848747856744,0.029452670246514,-0.00776539779521745,0.00781135258545596,0.0199925479239004,208.479251018616,27.3940208694512,2.91189583322193,-3.46235853612598,220.68120580343
31,0.991006171885449,NA,-0.380133877353244,-1.07520444839421,0.0818588033234615,-0.205647179636172,-4.38006284684149,0.0199829944975321,0.029368033422283,-0.00410313484857354,0.00412580622678812,0.0199915925039215,206.573885941452,25.8883063622761,3.30337472519204,-4.23207124754299,219.222557059311
32,0.971015648386897,NA,-0.360152966241166,-1.04593751914831,0.08119924380386,-0.205185670401136,-4.36007232334294,0.0199809111120773,0.0292669292458939,-0.000659559519601511,0.000461509235035953,0.0199905234985522,204.594562698048,24.3402139926729,3.44531454175012,-4.70284009907118,217.691000246987
33,0.951026323524449,NA,-0.340174361842885,-1.01679074495123,0.0835494960013674,-0.208070992212961,-4.34008299848049,0.0199786043982814,0.0291467741970866,0.00235025219750735,-0.00288532181182469,0.0199893248624488,202.539234396681,22.7602979418862,3.34328814801665,-4.8670395415229,216.08006428778
34,0.931038346389594,NA,-0.320198310046815,-0.987786073865007,0.0883768359143374,-0.213840600315938,-4.32009502134563,0.0199760517960702,0.029004671086221,0.00482733991297003,-0.00576960810297686,0.0199879771348547,200.405691874721,21.1577127174678,3.02226626899937,-4.74660403256166,214.382391684467
35,0.911051889517705,NA,-0.300225081946678,-0.958948746303731,0.095108737032697,-0.221992007249428,-4.30010856447375,0.0199732281001371,0.0288373275612768,0.00673190111835964,-0.00815140693349038,0.019986456871889,198.191651907109,19.5406084185379,2.51765354619238,-4.37929906070167,212.590125048564
36,0.891067153407764,NA,-0.280254976826229,-0.930307761030634,0.103139472697205,-0.232025978087209,-4.2801238283638,0.0199701051204487,0.028640985273097,0.00803073566450807,-0.0100339708377808,0.0199847361099409,195.894791768296,17.9167985118056,1.87003249266127,-3.80868024194569,210.695209407277
37,0.871084371572821,NA,-0.260288325560403,-0.901896395518101,0.111805066970722,-0.243446680564762,-4.26014104652886,0.0199666512658257,0.0284113655125331,0.00866559427351661,-0.0114207024775527,0.019982781834943,193.512716798523,16.2942852045944,1.12377886352988,-3.07955879179644,208.689630779872
38,0.851103816116902,NA,-0.240325494571605,-0.873752761820836,0.120352325949763,-0.255738699848361,-4.24016049107294,0.0199628309887982,0.0281436336972644,0.00854725897904114,-0.0122920192835991,0.0199805554559188,191.042866623548,14.6815358846197,0.328124465340807,-2.23740870865186,206.565637653284
39,0.831125803773201,NA,-0.220366890550075,-0.845920383480414,0.127939616124416,-0.268335674461544,-4.22018247872924,0.0199586040215297,0.0278323783404222,0.00758729017465308,-0.012596974613183,0.0199780123437012,188.482368157565,13.0874301419226,-0.461212412119494,-1.32988105178811,204.316044307689
40,0.811150702155027,-580.682470177325,-0.200412966213622,-0.81844880699969,0.13371635207007,-0.280596790212603,-4.20020737711107,0.0199539243364529,0.027471576480724,0.00577673594565418,-0.0122611157510595,0.0199751016181743,185.827859870642,11.5206521343225,-1.1824686998807,-0.408961501534577,201.934771833976
41,0.791178935662339,NA,-0.180464227402517,-0.791394334734377,0.136989815946622,-0.291815760332824,-4.18023561061838,0.0199487388111058,0.0270544722653132,0.00327346387655172,-0.0112189701202205,0.019971766492688,183.07535436179,9.98827874923336,-1.77349543378114,0.467802693719932,199.417715834898
42,0.771210990317153,NA,-0.160521241723592,-0.764821064502675,0.137390594395467,-0.301288948388903,-4.16026766527319,0.0199429856789249,0.0265732702317017,0.000400778448844997,-0.00947318805607858,0.0199679453451868,180.220246638783,8.49390465987199,-2.18309159436103,1.23904340853187,196.763607984849
43,0.751247417321018,NA,-0.140584648764824,-0.738802434886023,0.134915009983067,-0.30844048801288,-4.14030409227706,0.0199365929587674,0.0260186296166515,-0.00247558441239952,-0.00715153962397785,0.0199635729961346,177.257550355989,7.03675941849724,-2.38202927448583,1.84600269676594,193.973942961065
44,0.731288836422795,NA,-0.120655171669457,-0.713423301391691,0.129838414494472,-0.312946042767456,-4.12034551137884,0.0199294770953674,0.0253791334943325,-0.00507659548859538,-0.00450555475457605,0.0199585808982223,174.182346080443,5.61324382488237,-2.36588171674157,2.24285853050787,191.051316807034
45,0.71133594123851,NA,-0.100733629708808,-0.688782291194397,0.122598417069539,-0.314779725589388,-4.10039261619455,0.0199215419606495,0.0246410101972939,-0.00723999742493275,-0.00183368282193203,0.019952895184285,170.990312219601,4.2202629390431,-2.14952849660222,2.40618965904105,187.996971994835
46,0.691389508462904,NA,-0.0808209515381826,-0.664993989763072,0.11372575418304,-0.314171005072861,-4.08044618341894,0.019912678170625,0.0237883014313254,-0.00887266288649888,0.000608720516527654,0.0199464327756064,167.678145281798,2.85815482243379,-1.75986026192732,2.33809736641888,184.80917577449
47,0.67145041178333,NA,-0.0609181890322217,-0.642190448215993,0.10383724404026,-0.31152515197155,-4.06050708673937,0.0199027625059609,0.022803541547079,-0.00988851014278064,0.00264585310131046,0.0199390966795736,164.243752152515,1.53183680026814,-1.2315859271439,2.06246035986624,181.48316887391
48,0.651519640280656,NA,-0.0410265317975211,-0.620521479116695,0.0936704757440544,-0.30736132446271,-4.0405763152367,0.0198916572347006,0.0216689690992977,-0.0101667682962053,0.00416382750884057,0.0199307715026737,160.68626309675,0.250399291417125,-0.607014197839817,1.61868475856863,178.012188355297
49,0.631598320667514,NA,-0.0211473225409525,-0.600153181105752,0.0841169204661986,-0.302284253734582,-4.02065499562355,0.0198792092565686,0.0203682980109431,-0.00955355527785574,0.00507707072812767,0.0199213196131419,157.005982767942,-0.974024765127979,0.0614938073795201,1.0570186429959,174.388766037055
50,0.611687742863332,-509.823281924467,-0.00128207348367416,-0.581264124562568,0.0761758525358453,-0.296973077292844,-4.00074441781937,0.0198652490572784,0.0188890565431838,-0.00794106793035336,0.00531117644173815,0.0199105778041829,153.204336858153,-2.12742563007851,0.709346334133443,0.436287058391827,170.605743614942
51,0.591789389306842,NA,0.0185675159257924,-0.564038655640054,0.0707569868038763,-0.292152965377679,-3.98084606426288,0.0198495894094665,0.017225468922514,-0.00541886573196898,0.00482011191516508,0.0198983535564896,149.283789884862,-3.19447500089609,1.26330539615083,-0.177838742843051,166.656524751261
52,0.571904970111348,NA,0.0383995395322456,-0.548656888363055,0.068407090257037,-0.288515742578612,-3.96096164506739,0.0198320236064532,0.0153817672769993,-0.00234989654683927,0.00363722279906678,0.0198844191954943,145.247670922686,-4.15806810906361,1.65600131538213,-0.717160914405213,162.53428205232
53,0.552036467058517,NA,0.0582118623356957,-0.535281537753034,0.0691872858608892,-0.286592634770742,-3.94109314201456,0.0198123228034501,0.0133753506100203,0.000780195603852173,0.00192310780787006,0.0198685030528308,141.099846021007,-4.99887440469138,1.84606278423871,-1.1197454239209,158.2310082091
54,0.53218618729897,NA,0.0780020941600156,-0.524043184230382,0.0727778190186565,-0.28664125304311,-3.92124286225501,0.0197902318243199,0.0112383535226525,0.00359053315776732,-4.86182723682027e-05,0.0198502797595469,136.84421265225,-5.69704411475414,1.82761932819631,-1.34107397059324,153.738224162794
55,0.512356824359288,NA,0.0977675569560117,-0.515027041533504,0.0786518830228771,-0.288613217927734,-3.90141349931533,0.0197654627959961,0.00901614269687792,0.00587406400422058,-0.00197196488462345,0.0198293629396818,132.484113476039,-6.23598499942091,1.62334685910537,-1.36207957211809,149.049383740589
56,0.492551523521352,NA,0.117505243219353,-0.508264389243081,0.0861797108021344,-0.292196152933549,-3.88160819847739,0.019737686263341,0.00676265229042266,0.00752782777925733,-0.0035829350058157,0.0198053008379358,128.021860832632,-6.60560028450163,1.2720252601639,-1.19016437224673,144.161982746027
57,0.472773950638078,NA,0.137211762707542,-0.503730375996534,0.0946488234365137,-0.296870316039768,-3.86183062559412,0.0197065194881896,0.00453401324654737,0.00846911263437924,-0.00467416310621825,0.0197775728832747,123.458420347333,-6.80348356354443,0.820634243154927,-0.854912628369675,139.078194607123
58,0.453028365558191,NA,0.156883273852107,-0.501347934203801,0.103248883498374,-0.301942580620124,-3.84208504051423,0.0196715111445646,0.00238244179273365,0.0086000600618603,-0.0050722645803569,0.0197455850798872,118.793115701692,-6.83458429818984,0.322382192052828,-0.403353570845866,133.804395599668
59,0.433319702654408,NA,0.176515394929174,-0.500996062389901,0.111093424078837,-0.306579035596839,-3.82237637761045,0.0196321210770671,0.000351871813899027,0.00784454058046335,-0.00463645497671478,0.019708662903782,114.023272178656,-6.71026286170218,-0.162569526196421,0.102742845342618,128.350260758339
60,0.413653661868216,-456.630640892831,0.196103089011598,-0.502520149103887,0.117350272878353,-0.309902872609672,-3.80271033682426,0.0195876940824238,-0.0015240867139851,0.00625684879951612,-0.00332383701283313,0.0196660407861923,109.144010648379,-6.44716058161521,-0.568860370435686,0.589806840594065,122.727787920667
61,0.394036814782274,NA,0.21564051768022,-0.505742199387548,0.12146488023531,-0.311195151716187,-3.78309348973831,0.0195374286686225,-0.0032220502836614,0.00411460735695697,-0.00129227910651503,0.0196168470859418,104.148761805618,-6.06576171378492,-0.835407159343049,0.981300928515338,116.950323242122
62,0.374476731894675,NA,0.235120862101903,-0.510469378676513,0.123324605154314,-0.310100678366722,-3.76353340685072,0.0194803444216833,-0.00472717928896478,0.00185972491900355,0.00109447334946542,0.0195600828875998,99.0309322469329,-5.58828979649206,-0.921616199320852,1.21505355593854,111.03155761873
63,0.35498213840484,NA,0.254536112671921,-0.516500020735931,0.123253805157359,-0.306681410742783,-3.74403881336088,0.0194152505700178,-0.00603064205941827,-7.0799996955148e-05,0.00341926762393914,0.0194945934898344,93.7860313541705,-5.03640759063728,-0.819446473201424,1.26030219007589,104.984775603612
64,0.335563104162789,NA,0.273876825208937,-0.523627159010791,0.121916078303461,-0.301322799010837,-3.72461977911883,0.0193407125370157,-0.00712713827485991,-0.00133772685389794,0.00535861173194574,0.0194190342420515,88.4128172867804,-4.43025978484002,-0.553149264419517,1.12160735795896,98.8229920903905
65,0.316231270013251,NA,0.293131835079636,-0.531640410849127,0.120231936788128,-0.294628027915787,-3.70528794496929,0.019255009870699,-0.00801325183833591,-0.00168414151533333,0.00669477109505014,0.0193318341495383,82.9131318130294,-3.78934151058274,-0.172056738279025,0.83083219863056,92.5599882401684
66,0.297000111310861,NA,0.312287916134323,-0.540327338816906,0.119288315230605,-0.287371159357506,-3.6860567862669,0.0191560810546875,-0.0086869279677795,-0.000943621557522093,0.00725686855828086,0.0192311587023898,77.2913022075272,-3.13388542963366,0.255537593716326,0.438414241443752,86.211420843938
67,0.277885242825616,NA,0.331329369217656,-0.549475232940564,0.120119547747654,-0.280466471661113,-3.66694191778166,0.0190414530833328,-0.00914789412365751,0.00083123251704838,0.00690468769639286,0.0191148684852449,71.5537326982485,-2.48513520773486,0.648817375576982,0.00912780535600177,79.7950428574268
68,0.258904780011169,NA,0.350237521218522,-0.558873632375971,0.123374937964232,-0.274848770822556,-3.64796145496721,0.0189081520008662,-0.0093983994354068,0.00325539021657813,0.00561770083855743,0.0189804628144465,65.7084966280763,-1.86348188321972,0.929769357753685,-0.381883773457048,73.3293251539635
69,0.240079783064702,NA,0.368990105873693,-0.568317377490247,0.129149260784763,-0.271220182037471,-3.62913645802074,0.0187525846551709,-0.00944374511427667,0.00577432282053143,0.00362858878508494,0.0188249969464672,59.7643693532746,-1.28575087046556,1.04686656754893,-0.660807449435197,66.8312899642842
70,0.221434804613941,-425.074815226038,0.387560482859995,-0.577610631082479,0.137097648138555,-0.269816883162686,-3.61049147956998,0.0185703769863016,-0.00929325359223151,0.00794838735379146,0.00140329887478439,0.0186449784507611,53.7292819200275,-0.765338056112341,0.988263141152856,-0.775979860350162,60.3162129613111
71,0.202998546505967,NA,0.405916641660379,-0.586573223835394,0.146608281059165,-0.270382015865415,-3.59205522146201,0.0183561588003837,-0.00896259275291546,0.00951063292061021,-0.000565132702728417,0.0184362581079741,47.6092537707018,-0.315017866228118,0.775170161659844,-0.714925055831372,53.7994083043714
72,0.184804633323556,NA,0.424019937595698,-0.595049884901754,0.156858154378956,-0.272289483055175,-3.5738613082796,0.0181032959353192,-0.00847666106636,0.0102498733197911,-0.00190746718975999,0.0181939131824107,41.408766626887,0.0521047962820376,0.44979306494497,-0.504724177972093,47.2971975898417
73,0.166892525448596,NA,0.441823512138365,-0.602921123467654,0.166795312708538,-0.274673589476894,-3.55594920040464,0.0178035745426668,-0.00787123856589928,0.00993715832958163,-0.00238410642171886,0.0179121078749604,35.1321063220666,0.32463687375639,0.0701491353538586,-0.201338246483829,40.8260944954009
74,0.149308601082677,NA,0.459270357833488,-0.610113436972186,0.175238702217497,-0.276567755921147,-3.53836527603872,0.0174468456951238,-0.00719231350453238,0.00844338950895933,-0.0018941664442534,0.0175839243659185,28.7849320204714,0.495615168460972,-0.290209063678049,0.121010492080131,34.401622662017
75,0.132107413399611,NA,0.476291027322828,-0.61660685251325,0.181259378898967,-0.277143724641574,-3.52116408835565,0.0170206694893399,-0.00649341554106394,0.00602067668147025,-0.000575968720426973,0.0172011876830668,22.3767258563612,0.563755663165466,-0.55008608001117,0.381643059768066,28.0387708721719
76,0.115353053752469,NA,0.492801100668397,-0.622439267983035,0.184598170628762,-0.275995601590591,-3.50440972870851,0.0165100733455685,-0.00583241546978506,0.00333879172979487,0.00114812305098266,0.0167543596471411,15.9255710826756,0.532549901208768,-0.646918178972555,0.514142425345199,21.7556573801403
77,0.0991204514908701,NA,0.508698719499812,-0.627707669253026,0.185702153897931,-0.273256279360618,-3.48817712644691,0.0158976188314148,-0.00526840126999095,0.00110398326916836,0.00273932222997364,0.0162326022615992,9.46432905834627,0.409401956176225,-0.564750620242194,0.489962592951088,15.5785872846081
78,0.0834963663685921,NA,0.523862724058814,-0.632565313023055,0.185501009969094,-0.26951535958695,-3.47255304132463,0.0151640045590026,-0.00485764377002935,-0.000201143928836405,0.00374091977366809,0.0156240851222779,3.04466355657951,0.206844599688338,-0.336128240974176,0.326386838764847,9.54467251119695
79,0.0924157142413845,NA,0.538152191436013,-0.637213555374289,0.185207807555277,-0.265676168904564,-3.45763642228213,0.0142894673771984,-0.00464824235123315,-0.00029320241381751,0.00383919068238523,0.0149166190424999,-3.26206179124711,-0.0561257417075467,-0.026344623620389,0.0778552060864968,3.70214689269233
80,0.105671968693112,-418.221270661991,0.551408445887741,-0.641887339669266,0.186073351329175,-0.262741141904113,-3.44353769960372,0.013256254451728,-0.00467378429497706,0.000865543773898578,0.00293502700045111,0.0140987226784139,-9.36564267362883,-0.354217032167981,0.280706802300301,-0.176865337948584,-1.8899722522292
81,0.117724201191702,NA,0.56346067838633,-0.646833476438667,0.188964172333321,-0.261437861490744,-3.43037653432517,0.0120522324985896,-0.00494613676940169,0.00289082100414583,0.00130328041336944,0.0131611652785536,-15.1602726833744,-0.656841411910136,0.499753154485916,-0.352698769461313,-7.16367244194771
82,0.128399372685219,NA,0.574135849879847,-0.652281738434079,0.194054779390945,-0.261875485952003,-3.41827766582958,0.0106751714935171,-0.00544826199541158,0.00509060705762357,-0.000437624461259415,0.0120988684955831,-20.5318130480237,-0.929637139961415,0.572919775549963,-0.388280554375342,-12.0463067355558
83,0.137535976164821,NA,0.583272453359449,-0.658412086798299,0.200903435861254,-0.263499269408514,-3.40736476430465,0.00913660347960223,-0.00613034836421979,0.00684865647030929,-0.0016237834565102,0.0109129015249289,-25.3674014004446,-1.13780252945617,0.490251283054022,-0.271982871140608,-16.4656633035065
84,0.144999719271387,NA,0.590736196466015,-0.665324796064752,0.208636513345891,-0.265244140902711,-3.39775260805165,0.00746374310656531,-0.00691270926645284,0.00773307748463747,-0.00174487149419711,0.00961215625300759,-29.5645132581512,-1.25108658266981,0.283967005429986,-0.043607200268525,-20.3542624200281
85,0.150697804035716,NA,0.596434281230344,-0.673019192287963,0.216045491976467,-0.265816273811246,-3.3895385027068,0.00569808476432984,-0.00769439622321102,0.00740897863057544,-0.000572132908535703,0.00821410534485031,-33.0398474659432,-1.24780771670885,0.0151655734725864,0.218072906363886,-23.6547750972704
86,0.154588200387189,NA,0.600324677581817,-0.681380251564965,0.221839325090255,-0.264247846867117,-3.38279440863297,0.0038903963514725,-0.00836105927700269,0.00579383311378775,0.00156842694412902,0.006744094073823,-35.7369543348796,-1.11551150098421,-0.234420203355512,0.414896275628962,-26.3269070586603
87,0.156681761782026,NA,0.602418238976654,-0.690165070566915,0.22523116372536,-0.260395255254997,-3.37756129618832,0.00209356139483704,-0.0087848190019494,0.00339183863510492,0.00385259161212061,0.00523311244464873,-37.6283952994072,-0.848602331871007,-0.382120695121557,0.468279039864683,-28.3519195505733
88,0.157037396543934,NA,0.602773873738562,-0.698982763838266,0.226323062926567,-0.254912259404248,-3.37384660216706,0.000355634761908025,-0.00881769327135151,0.001091899201207,0.00548299585074919,0.00371469402126034,-38.7135223212454,-0.449622583573728,-0.383760657882704,0.357406784701197,-29.7302111067665
89,0.155752333408164,NA,0.601488810602792,-0.707272618802606,0.225919636451626,-0.249048140034317,-3.37162486107439,-0.00128506313577011,-0.00828985496433935,-0.000403426474940994,0.00586411936993098,0.00222174109267536,-39.0183184498483,0.064656968561394,-0.256452632356741,0.120745458502824,-30.4763368944805
90,0.152950284782271,-420.850692801069,0.598686761976899,-0.714303334635097,0.225151436266488,-0.244443833689658,-3.37084106979281,-0.00280204862589263,-0.00703071583249175,-0.000768200185137933,0.00460430634465896,0.000783791281581992,-38.5966734233989,0.660643916035042,-0.065806819975478,-0.158753343839635,-30.6182033369851
91,0.148770053760625,NA,0.594506530955253,-0.719242643877712,0.225029955035408,-0.242422469367634,-3.37141588952695,-0.00418023102164669,-0.00493930924261503,-0.000121481231080146,0.00202136432202339,-0.000574819734139268,-37.5291154676916,1.28873332982948,0.0982335080834673,-0.369855599160474,-30.1969611501818
92,0.143356167671087,NA,0.589092644865715,-0.72134188148351,0.225916371672482,-0.243163304760467,-3.37325147382595,-0.00541388608953781,-0.00209923760579812,0.000886416637074307,-0.000740835392832576,-0.00183558429900157,-35.9187520075466,1.88430672380946,0.154853757408091,-0.423861245053558,-29.2630063870547
93,0.142050663002813,NA,0.582588723688517,-0.72016691071727,0.227256754098874,-0.245824495724266,-3.37623683538927,-0.00650392117719793,0.00117497076624009,0.00134038242639171,-0.00266119096379914,-0.00298536156332187,-33.8796500108174,2.37797229942771,0.0735736296064715,-0.31379278368604,-27.8705536237567
94,0.137574507398899,NA,0.575133762704644,-0.715690755113356,0.22775340927072,-0.249046038882427,-3.38025213704925,-0.00745496098387338,0.00447615560391457,0.000496655171846192,-0.00322154315816116,-0.00401530165998141,-31.516347789875,2.71872712573895,-0.107813550584979,-0.106456067783256,-26.0753655709323
95,0.130074402517113,NA,0.566860888925654,-0.70819065023157,0.226038418596521,-0.251442700368642,-3.38517164618299,-0.00827287377898997,0.00750010488178583,-0.00171499067419881,-0.00239666148621489,-0.00491950913373695,-28.9114227018672,2.88652864583128,-0.296335215921317,0.0938176458475937,-23.9334985207051
96,0.11996727160085,NA,0.557897834920377,-0.698083519315307,0.221612415186689,-0.252363661524594,-3.3908651976314,-0.00896305400527682,0.0101071309162632,-0.00442600340983204,-0.000920961155952193,-0.00569355144841126,-26.1260196225521,2.88425062194619,-0.39027452658047,0.183310812644777,-21.49734230386
97,0.107699854691342,NA,0.548368616084237,-0.685816102405799,0.214989462579042,-0.252336260993598,-3.39719807327264,-0.00952921883613997,0.0122674169095078,-0.00662295260764692,2.74005309961344e-05,-0.00633287564124633,-23.2020648621756,2.72497897697122,-0.345588323966695,0.117817786531305,-18.8106481738259
98,0.0937084180606576,NA,0.538396092840902,-0.671824665775114,0.207303424912741,-0.25275893475762,-3.40402953814784,-0.00997252324333447,0.0139914366306844,-0.00768603766630076,-0.00042267376402162,-0.00683146487519837,-20.1664024069714,2.42806585902144,-0.190189841191568,-0.0559544793077293,-15.9111723860406
99,0.0823686761320777,NA,0.528105153326706,-0.656541000185206,0.200032657092214,-0.255016445230902,-3.41121037645167,-0.0102909395141966,0.0152836655899079,-0.00727076782052749,-0.00225751047328229,-0.00718083830382373,-17.0381379382434,2.01696661520145,0.002538212129366,-0.224977226253031,-12.8360068754318
100,0.0718897687556019,-417.952460391141,0.51762624595023,-0.640428787319238,0.194372735858191,-0.259413900291114,-3.41857961955905,-0.0104789073764757,0.0161122128659685,-0.00565992123402289,-0.00439745506021178,-0.00736924310737839,-13.8370964043588,1.51224923001791,0.138005700023314,-0.274022208373026,-9.62270645402441
101,0.0613623104070675,NA,0.507098787601696,-0.624045229930238,0.190378772188786,-0.264999495765531,-3.42596096209004,-0.0105274583485344,0.0163835573889997,-0.00399396366940446,-0.00558559547441718,-0.00738134253099168,-10.5936642620463,0.929184436131436,0.147764725966226,-0.165943379215605,-6.3132517914255
102,0.0509374582483085,NA,0.496673935442937,-0.608112437739667,0.187016252475734,-0.269931901947507,-3.43316016341137,-0.010424852158759,0.0159327921905709,-0.00336251971305209,-0.00493240618197622,-0.00719920132133214,-7.35230056136515,0.290713297772527,0.0448338323622011,0.0390342330547355,-2.96451214467197
103,0.0509083361579421,NA,0.486516239556003,-0.593553002234049,0.183034837773207,-0.272491838307777,-3.43996501111398,-0.010157695886934,0.0145594355056184,-0.00398141470252699,-0.00255993636027003,-0.00680484770261359,-4.16740729633602,-0.363608992870468,-0.0810767232906073,0.210308036230344,0.349220498492286
104,0.057092919274861,NA,0.476803908889784,-0.581392645956953,0.177996819121317,-0.27263585737344,-3.4461495942309,-0.00971233066621885,0.0121603562770959,-0.00503801865188981,-0.000144019065662632,-0.00618458311691914,-1.09219776106784,-0.973173452507581,-0.125364202858691,0.226043823090549,3.54043264565007
105,0.062427855933882,NA,0.467727643203593,-0.572461050067835,0.172723835626235,-0.271833793820745,-3.45148453088992,-0.00907626568619089,0.00893159588911784,-0.00527298349508297,0.000802063552694346,-0.00533493665902116,1.83353593399715,-1.455951751268,-0.0459491707260895,0.0911673282644188,6.51366114482244
106,0.0666964916116606,NA,0.459486579261742,-0.567082848388142,0.168973400333581,-0.271870996323194,-3.4557531665677,-0.00824106394185052,0.00537820167969333,-0.00375043529265362,-3.72025024490682e-05,-0.0042686356777784,4.57345269524012,-1.73836172621122,0.106419295775595,-0.0736003403289942,9.17598548596743
107,0.0697145018802545,NA,0.452278930705624,-0.565049641734566,0.168008326388568,-0.27329650485144,-3.45877117683629,-0.00720764855611786,0.00203320665357535,-0.000965073945013166,-0.00142550852824568,-0.00301801026859407,7.07572143426205,-1.79166383475149,0.213284869232666,-0.123400992038114,11.4479396359002
108,0.0713484675788361,NA,0.446285921941596,-0.565823547888137,0.169363439844647,-0.274793813511188,-3.46040514253488,-0.00599300876402839,-0.00077390615357047,0.00135511345607903,-0.00149730865974828,-0.00163396569858153,9.26282484726926,-1.63891042291198,0.189241296197906,-0.0122177726780137,13.2660047506761
109,0.0715285435862696,NA,0.44165117274483,-0.568730317958843,0.171484679825091,-0.274295160604646,-3.46058521854231,-0.00463474919676591,-0.0029067700707062,0.00212123998044443,0.000498652906541877,-0.000180076007433476,11.0400159559276,-1.33355684852177,0.0675074846867574,0.154105514980074,14.5803961225965
110,0.0702515000654929,-418.232374659354,0.438461903505863,-0.573049771998132,0.172895914074929,-0.271289896330623,-3.45930817502153,-0.00318926923896744,-0.00431945403928862,0.00141123424983733,0.00300526427402348,0.00127704352077691,12.3201429454411,-0.937532423677112,-0.0455796896403626,0.204684553750667,15.3591497286243
111,0.0675744640123783,NA,0.43673925480762,-0.578021812124728,0.173400140416583,-0.267397780309498,-3.45663113896842,-0.0017226486982431,-0.0049720401265964,0.000504226341654033,0.00389211602112546,0.00267703605311454,13.0513072241456,-0.497852073522154,-0.0602927121917674,0.0811532771649581,15.588472463719
112,0.0636024024094248,NA,0.436439954650711,-0.582838257117685,0.174101973965978,-0.265249158511272,-3.45265907736547,-0.000299300156908218,-0.00481644499295751,0.000701833549395468,0.00214862179822562,0.00397206160295333,13.2231993944742,-0.0528299136703936,0.0154245782368889,-0.110259291545844,15.2798933373788
113,0.0584740715563887,NA,0.437465546822586,-0.586695168646084,0.176003536631002,-0.265762866963749,-3.44753074651243,0.00102559217187467,-0.0038569115283989,0.00190156266502442,-0.00051370845247715,0.00512833085303623,12.8532569749495,0.352394426386127,0.081944547787316,-0.179560624928854,14.4718521795539
114,0.0523505076626711,NA,0.439672328011099,-0.58896285294321,0.178715198573409,-0.267147565733559,-3.44140718261871,0.00220678118851275,-0.00226768429712521,0.002711661942407,-0.00138469876981035,0.00612356389371754,11.9599459821984,0.653347242973723,0.057635259622657,-0.0620397020156815,13.2241152630286
115,0.045408573166331,NA,0.442877718794455,-0.589393704103266,0.180796968736922,-0.266917807155335,-3.43446524812237,0.00320539078335631,-0.000430851160056379,0.00208177016351269,0.000229758578224482,0.00694193449634028,10.5562247375701,0.784469770565011,-0.029125100127203,0.101180617662067,11.6036273874442
116,0.0378402215399913,NA,0.446862746630586,-0.588195297036721,0.181468174757148,-0.264887077346941,-3.42689689649603,0.00398502783613106,0.00119840706654445,0.000671206020225731,0.00203072980839403,0.00756835162633953,8.67287242954262,0.717019868829993,-0.0735628373149666,0.116413245336844,9.67245715344234
117,0.0298563443584228,NA,0.451372539224836,-0.58594229078654,0.181648685005042,-0.263480442497199,-3.41891301931446,0.00450979259424951,0.00225300625018188,0.000180510247894658,0.00140663484974182,0.00798387718156845,6.39039249790585,0.480908401527813,-0.0247575354705987,-0.0314754311148135,7.49049242074307
118,0.0216927184296942,NA,0.456116951192847,-0.583440126397468,0.18268600807535,-0.264734379404657,-3.41074939338573,0.00474441196801154,0.00250216438907161,0.00103732307030733,-0.00125393690745832,0.00816362592872834,3.84453648166527,0.148805816024833,0.0448806900976706,-0.152234108554694,5.12931134949213
119,0.0150370684292165,NA,0.460773545623845,-0.581579037219688,0.184505441617742,-0.267300802006299,-3.40267166710446,0.00465659443099741,0.00186108917777998,0.00181943354239175,-0.0025664226016417,0.00807772628127652,1.19785785500426,-0.196507275518343,0.0413844719560075,-0.0798867199591768,2.6789827364837
120,0.0192601614549667,-417.665339201617,0.464996638649595,-0.581152996128314,0.18593739999428,-0.267918452985397,-3.39497506796223,0.00422309302575013,0.000426041091374193,0.00143195837653869,-0.00061765097909766,0.007696599142225,-1.3935939239218,-0.488834926954951,-0.0137273531208848,0.0984913754109584,0.247152304382325
121,0.0227031674357926,NA,0.468439644630421,-0.582655195508665,0.186896594811174,-0.26570483072295,-3.38797325937018,0.00344300598082593,-0.00150219938035124,0.000959194816893919,0.0022136222624472,0.00700180859205374,-3.77997992814016,-0.679463527717417,-0.0176920747207987,0.152772893216024,-2.04592817624416
122,0.0250604006172863,NA,0.470796877811914,-0.586130467237181,0.188807390204443,-0.263054781243682,-3.38197143150589,0.00235723318149375,-0.00347527172851611,0.00191079539326868,0.00265004947926761,0.00600182786429082,-5.79520603025685,-0.725775277032881,0.0426539571662943,0.028973730081816,-4.07135115949586
123,0.0261183242855158,NA,0.471854801480144,-0.591144927567983,0.191996811439031,-0.262365663556229,-3.37722597603368,0.00105792366822947,-0.00501446033080158,0.00318942123458817,0.000689117687453287,0.00474545547220565,-7.27202610278255,-0.596975272060263,0.0567907522963651,-0.0899912561180827,-5.70445542166453
124,0.0257884271799062,NA,0.471524904374534,-0.596781808054094,0.194440857743561,-0.262494386875339,-3.37390615573693,-0.000329897105609627,-0.00563688048611127,0.00244404630453031,-0.000128723319110128,0.00331982029675049,-8.10295168832909,-0.288737083451451,-0.0222687282303013,-0.0375447297074061,-6.85676468094698
125,0.024102272110322,NA,0.46983874930495,-0.60164443450157,0.194748684548328,-0.260927964815916,-3.37207397394405,-0.00168615506958425,-0.00486262644747598,0.000307826804767006,0.00156642205942312,0.0018321817928806,-8.29167031781708,0.145520888850115,-0.0734857519546495,0.0782373518859458,-7.48847766999461
126,0.0260548113439829,NA,0.466917253691789,-0.60417105905844,0.194788666209697,-0.258296882355626,-3.37168512659188,-0.00292149561316103,-0.00252662455686985,3.99816613685309e-05,0.00263108246028958,0.000388847352176037,-7.92902803368634,0.58586115756043,-0.00896117398951901,0.0512597966917383,-7.59109807802361
127,0.0253016336455308,NA,0.462939915467041,-0.603417881359988,0.195775702768179,-0.257719132689597,-3.37260342505522,-0.00397733822474832,0.000753177698452087,0.000987036558482201,0.000577749666028842,-0.000918298463342014,-7.12407516687108,0.893912352921689,0.0321934129488,-0.0802031098601219,-7.17438661069991
128,0.0212624824053799,NA,0.458126337373677,-0.599378730119837,0.194905479790042,-0.259532451746025,-3.37462350215259,-0.00481357809336365,0.00403915124015099,-0.000870222978137269,-0.0018133190564277,-0.00202007709737396,-5.971225082817,1.01110099649304,-0.0586352422260461,-0.0984770275636038,-6.2978837877381
129,0.0144699678081295,NA,0.45272637770472,-0.592586215522586,0.190934100392757,-0.261255434770713,-3.37749326324938,-0.00539995966895712,0.00679251459725035,-0.00397137939728458,-0.001722983024688,-0.00286976109678632,-4.57346873304232,0.961279981765983,-0.105423630429868,-0.000108299218481989,-5.07311656292586
130,0.00813448476886602,-417.645660331933,0.447016567499049,-0.583838254625725,0.187137701652759,-0.261930624605376,-3.38092219018717,-0.00570981020567039,0.00874796089686175,-0.00379639873999846,-0.00067518983466284,-0.00342892693779559,-3.03458505584331,0.755082705836685,-0.000902913939171412,0.0361393148295974,-3.59433031803746
131,0.00447971466014252,NA,0.441302909643343,-0.574265410869312,0.185960370972191,-0.263254347259311,-3.3845769602959,-0.00571365785570682,0.00957284375641266,-0.00117733068056769,-0.00132372265393467,-0.00365477010872342,-1.4298705048077,0.38752831869715,0.0709245205143816,-0.0247507722406226,-1.92752302098143
132,0.0126425468537854,NA,0.4359235587083,-0.565473700860671,0.183567888069541,-0.265414916137283,-3.38808416524489,-0.0053793509350424,0.00879171000864055,-0.00239248290264988,-0.0021605688779725,-0.00350720494898827,0.183448221378057,-0.0773158132005847,-0.037716274050581,-0.0313644488869613,-0.179263059862933
133,0.0189919207587406,NA,0.431235559432856,-0.559124326955716,0.179164547153087,-0.266816102366699,-3.39106197570561,-0.00468799927544431,0.00634937390495514,-0.00440334091645423,-0.00140118622941596,-0.00297781046071947,1.72250814159725,-0.479750656836586,-0.0627887249038395,0.0210856342164334,1.46473038114436
134,0.0220106247543195,NA,0.427581988660495,-0.556105622960137,0.178080402520431,-0.267093050609454,-3.39316694281642,-0.00365357077236073,0.00301870399557886,-0.00108414463265612,-0.000276948242755455,-0.00210496711081281,3.09631752827499,-0.712221123535528,0.0824608400762372,0.0326453761090306,2.85161486374363
135,0.0217082064405524,NA,0.425243879206677,-0.556408041273904,0.179900913066607,-0.266513619987833,-3.39413863791404,-0.00233810945381781,-0.000302418313767057,0.00182051054617603,0.000579430621621339,-0.000971695097623564,4.21729395100101,-0.782909016265876,0.0793104680951728,0.0250445867777671,3.90022453188976
136,0.0213522400648253,NA,0.424384237129803,-0.559375423165093,0.179928240926793,-0.265502215178021,-3.39384868918805,-0.000859642076874722,-0.00296738189118856,2.73278601864708e-05,0.00101140480981184,0.000289948725997465,4.97424656259682,-0.691098722995775,-0.0456131277815075,0.0130758348859672,4.50279728852365
137,0.020721797664112,NA,0.425014679530516,-0.563881671774023,0.179778547484051,-0.265097252693207,-3.39232788978153,0.000630442400713315,-0.00450624860893031,-0.000149693442742346,0.000404962484814163,0.00152079940651731,5.2673025805916,-0.430744597110788,-0.00454388441539777,-0.0148594051552209,4.56202574298459
138,0.0187309749025735,NA,0.427005502292055,-0.568565531076313,0.182712660748018,-0.264194391511053,-3.38974332332032,0.00199082276153854,-0.00468385930228972,0.00293411326396718,0.000902861182154129,0.00258456646120696,5.06348626743147,-0.0971287641959862,0.0795992480107088,0.0132587251755467,4.10571797431203
139,0.0156266122891938,NA,0.430109864905434,-0.572312320830048,0.185085676638071,-0.262334360043788,-3.38635993890575,0.00310436261337965,-0.00374678975373477,0.00237301589005321,0.00186003146726486,0.00338338441456822,4.36263289941508,0.153288654587413,-0.0100488847465385,0.0245652887542747,3.24239329643206
140,0.0117578208810594,-417.643429295871,0.433978656313569,-0.574533957280509,0.184942002032115,-0.262825314937077,-3.38253284362697,0.0038687914081344,-0.00222163645046136,-0.000143674605956739,-0.000490954893289159,0.00382709527878282,3.19986640249681,0.278433673770451,-0.0560709986530128,-0.0524491713349562,2.04034107355255
141,0.010347219145082,NA,0.43817193574098,-0.575118647597104,0.186086891389415,-0.263318726573777,-3.37870945581096,0.0041932794274109,-0.000584690316594757,0.00114488935730003,-0.000493411636699643,0.00382338781601152,1.70588667572247,0.308084333937586,0.0295389372695354,-0.000623415417067008,0.59429191082927
142,0.0136665807672691,NA,0.442166532545845,-0.574773232322872,0.187876169871901,-0.262042899498879,-3.37539009418877,0.00399459680486565,0.000345415274231947,0.0017892784824864,0.00127582707489826,0.00331936162218719,0.0498457114872508,0.176092769379466,0.015503541135331,0.0377665287487616,-0.881617227150855
143,0.0159975122926856,NA,0.445407657350258,-0.574738475418407,0.187520284735038,-0.263576821490342,-3.37305916266335,0.00324112480441269,3.4756904465023e-05,-0.000355885136862956,-0.00153392199146317,0.00233093152541643,-1.53699260408757,-0.0545151488040574,-0.042940554294546,-0.0579970594571932,-2.20232956110067
144,0.0169624201182699,NA,0.44744936362759,-0.575683412501018,0.18737339923294,-0.263307755296671,-3.37209425483777,0.00204170627733191,-0.000944937082610311,-0.00014688550209801,0.000269066193670989,0.000964907825584369,-2.74600247166745,-0.173636831846125,0.00385621376608469,0.0353004361386411,-3.23547739469632
145,0.0164071868241447,NA,0.448079004817353,-0.577717109894413,0.189451489368137,-0.26224527817668,-3.3726494881319,0.000629641189762995,-0.00203369739339504,0.00207809013519734,0.00106247711999114,-0.000555233294125028,-3.38917572776154,-0.194119095340284,0.0436774382706062,0.0159714983283266,-3.78191214736034
146,0.01442220173278,NA,0.447366024011419,-0.580316425978365,0.188380809998066,-0.262671129906558,-3.37463447322326,-0.000712980805934051,-0.00259931608395257,-0.00107067937007182,-0.000425851729878624,-0.00198498509136475,-3.36192748193298,-0.108934212903478,-0.0579868020622598,-0.026973641524819,-3.75648250269478
147,0.0112644004435718,NA,0.445608313694115,-0.581915107866808,0.188086697095104,-0.261813360371415,-3.37779227451247,-0.00175771031730394,-0.00159868188844316,-0.000294112902961144,0.000857769535143841,-0.00315780128920821,-2.72359871132721,0.131797650624321,0.0134648632865719,0.0228369640353776,-3.25544384793375
148,0.00732860289063364,NA,0.443246320049573,-0.581301774560825,0.188792807142026,-0.262355029915224,-3.38172807206541,-0.00236199364454212,0.000613333305983583,0.00070611004692177,-0.000541669543809089,-0.003935797552938,-1.67910734376164,0.312959789994238,0.0175772299826349,-0.0234346106253724,-2.31825576747724
149,0.00492749959535482,NA,0.440808977599273,-0.578346986531221,0.184819440285428,-0.262221419974706,-3.38593917057477,-0.00243734245029934,0.00295478802960409,-0.0039733668565981,0.000133609940517353,-0.0042110985093611,-0.446894852075275,0.350663476069712,-0.0881754880310837,0.010690351359699,-1.10398258073019
150,0.00690425700589276,-417.642314904172,0.438832220188735,-0.573802470450591,0.185084617124928,-0.265979995200335,-3.3898646574828,-0.00197675741053791,0.00454451608062961,0.000265176839499968,-0.00375857522562907,-0.00392548690802832,0.713793774593796,0.253793681963543,0.0744272773545163,-0.0666034668483917,0.148549716527668
151,0.00868081373362339,NA,0.437788914477454,-0.569435433980833,0.181796179993042,-0.262134946902996,-3.39293201932895,-0.001043305711281,0.00436703646975759,-0.00328843713188652,0.00384504829733961,-0.00306736184615142,1.67747272541874,0.0074987235620938,-0.0717852122988916,0.143750511369944,1.30398123246778
152,0.010297719402798,NA,0.437927012886947,-0.567818528311659,0.182509537919726,-0.266619061115269,-3.39471734092674,0.000138098409492827,0.0016169056691746,0.000713357926684575,-0.00448411421227336,-0.00178532159779272,2.20298975818878,-0.315132781452121,0.0752301400552824,-0.216448476635378,2.12985129735443
153,0.00861261561382221,NA,0.439319556047585,-0.569503632100635,0.181229418989271,-0.268101960077008,-3.39507822015075,0.00139254316063825,-0.00168510378897581,-0.00128011893045528,-0.00148289896173879,-0.00036087922400751,2.42393277801511,-0.414818520084737,-0.0393469611026376,0.0799806065288067,2.47488833338139
154,0.00511895841328558,NA,0.44181392843665,-0.573489442028884,0.182648132622416,-0.263983223480004,-3.39417563336933,0.00249437238906413,-0.00398580992824941,0.00141871363314544,0.00411873659700397,0.000902586781422176,2.21776183423117,-0.317296759817509,0.0516726294108594,0.185295461392343,2.28619154768239
155,0.00331744846576898,NA,0.445056205577496,-0.578696469059416,0.186802224348031,-0.262066175489982,-3.39237412342181,0.00324227714084618,-0.00520702703053163,0.00415409172561428,0.001917047990022,0.0018015099475165,1.59793323348367,-0.183684682610874,0.0570832912671904,-0.0648452555651602,1.69215696644187
156,0.0054388067587936,NA,0.448553374807218,-0.58355505447325,0.185667415357292,-0.263937387438765,-3.39019652778769,0.00349716922972187,-0.00485858541383477,-0.00113480899073892,-0.00187121194878308,0.0021775956341189,0.723147649068778,0.00959880594564311,-0.0987748865100002,-0.123568659091688,0.797831701220275
157,0.00754555414803015,NA,0.451691314651551,-0.585661801862487,0.187090796498243,-0.264303457293996,-3.3883114579601,0.00313793984433323,-0.00210674738923655,0.00142338114095165,-0.000366069855231207,0.00188506982759175,-0.285917246856116,0.27348422634077,0.0521267992326102,0.0463059421917933,-0.287860170260501
158,0.00806355401752784,NA,0.453800031212156,-0.585068320861503,0.189219569037805,-0.261786959623726,-3.38732148607282,0.00210871656060505,0.000593481000983903,0.00212877253956189,0.00251649767026981,0.000989971887275573,-1.29092520353424,0.287658604634089,0.0157754146812294,0.0943550151077943,-1.19993301723298
159,0.00865129983321022,NA,0.454387777027838,-0.583667668988863,0.186857298348293,-0.262176995499082,-3.38756148731032,0.000587745815682359,0.00140065187264019,-0.0023622706895125,-0.000390035875356054,-0.000240001237501951,-2.0348818986804,0.0912956619458782,-0.0888796262188407,-0.0878217088029487,-1.71698235703843
160,0.00767000900839665,-417.642599719965,0.453406486203025,-0.582469568122697,0.186566860424019,-0.265575901088211,-3.38903320108358,-0.000981290824813564,0.00119810086616627,-0.000290437924273326,-0.00339890558912888,-0.00147171377325746,-2.21748283763645,-0.0134644602667322,0.0392665373283307,-0.100073589806016,-1.78350300132024
161,0.00551333170896817,NA,0.451249808903596,-0.581573580212453,0.186259501452754,-0.26483672728145,-3.3913806692028,-0.00215667729942848,0.000895987910243351,-0.000307358971265728,0.000739173806761179,-0.00234746811921731,-1.75304052845604,-0.0235163588513387,-0.000622378024672798,0.125426703903031,-1.32707880595717
162,0.00491189873988063,NA,0.44857388694359,-0.580849413676141,0.184961838434262,-0.26219379235126,-3.39396857369592,-0.00267592196000621,0.000724166536312713,-0.00129766301849204,0.00264293493019046,-0.00258790449312119,-0.860659977774958,-0.0116790118909194,-0.01880129161691,0.0641857866412465,-0.475131406005858
163,0.0069502608553571,NA,0.446185888224128,-0.579897519317495,0.185799607759904,-0.263879714239766,-3.3960069358114,-0.00238799871946222,0.000951894358645271,0.000837769325642215,-0.00168592188850589,-0.0020383621154766,0.191150075465885,0.02336863644814,0.0369731014870922,-0.135769663529572,0.509850593175543
164,0.0077359852831953,NA,0.444847216489196,-0.578312441934534,0.182839682065784,-0.265879459589538,-3.39679266023924,-0.00133867173493218,0.001585077382961,-0.00295992569411978,-0.00199974534977277,-0.000785724427837992,1.10445625068678,0.057369713317712,-0.0689126272845897,-0.0130670053977155,1.33454303067992
165,0.00701020411265096,NA,0.444873479058822,-0.57617420570947,0.18397631948091,-0.26474147496594,-3.39606687906869,2.62625696260173e-05,0.00213823622506478,0.00113663741512638,0.00113798462359858,0.000725781170544203,1.50379235947184,0.0508443633862043,0.071601565423407,0.0954663136099043,1.68914699429479
166,0.00495252669189705,NA,0.446013496674385,-0.575981266718345,0.184522986958949,-0.263683824586621,-3.39400920164794,0.00114001761556291,0.000192938991124748,0.000546667478038771,0.00105765037931831,0.0020576774207539,1.27266211563892,-0.138527538524613,-0.00969266523043188,-0.000675306068842474,1.56834794097449
167,0.00212922175343833,NA,0.447668781922318,-0.578566769592228,0.184273188089103,-0.265132520692907,-3.39118589670948,0.00165528524793367,-0.00258550287388351,-0.00024979886984582,-0.00144869610628552,0.00282330493845888,0.628555891921678,-0.210814611136811,-0.0133469251295537,-0.0730677362525967,0.965848162195471
168,0.00354156922570603,NA,0.449114735029559,-0.581657816940163,0.187347292296134,-0.264360665826471,-3.38843202385862,0.00144595310724098,-0.00309104734793452,0.00307410420703036,0.000771854866435443,0.00275387285086213,-0.127973044641294,-0.0467544356297367,0.0580544781314529,0.0620726945044225,0.0778226376496605
169,0.00504727636945534,NA,0.449661574163211,-0.583163524083912,0.186787060152773,-0.261225048740414,-3.38656726753888,0.000546839133651501,-0.00150570714374935,-0.000560232143360419,0.00313561708605705,0.00186475631973385,-0.802612935331126,0.0971430949903151,-0.0587086231007561,0.0700319907309677,-0.717614881295958
170,0.00396535721637703,-417.639692955023,0.448907361257154,-0.582081604930834,0.188510410704707,-0.262937691297924,-3.38608962288061,-0.00075421290605685,0.00108191915307834,0.00172335055193346,-0.00171264255751003,0.000477644658273795,-1.20597772308884,0.168394883530709,0.0389609851936257,-0.134162782501335,-1.19478220369729
171,0.00216033066717891,NA,0.446986447553969,-0.579201467309409,0.185104210558984,-0.264719596501168,-3.38689634428886,-0.00192091370318445,0.00288013762142443,-0.00340620014572252,-0.00178190520324317,-0.000806721408252706,-1.12556047895396,0.124069345019961,-0.0922158278626739,-0.00459962620880106,-1.15146151927092
172,0.00242210899873996,NA,0.444454190512498,-0.575694138715717,0.185138627076457,-0.263811735980419,-3.38844103216398,-0.00253225704147175,0.00350732859369246,3.4416517472689e-05,0.000907860520748876,-0.0015446878751179,-0.636548301145012,0.0494334693712517,0.0593740048770997,0.072996613766918,-0.691113189645876
173,0.00362488670191008,NA,0.442161552478119,-0.574491361012547,0.18500405932161,-0.263800236352738,-3.38981275366269,-0.00229263803437914,0.00120277770317009,-0.000134567754846915,1.14996276805401e-05,-0.00137172149871187,0.0914654600592257,-0.125296224950944,-0.00304892125768674,-0.023196498091238,0.0781046099973537
174,0.00467282632540816,NA,0.44106365086922,-0.575389450134986,0.183113906221601,-0.264909023861095,-3.39016472776671,-0.00109790160889863,-0.000898089122439294,-0.00189015310000949,-0.00110878750835665,-0.000351974104023587,0.842786433850051,-0.119669831519786,-0.0310684652049531,-0.0293167886411538,0.748939290815542
175,0.00413028960592149,NA,0.441606187588707,-0.575620994181724,0.185946428099094,-0.263816137668578,-3.38923942859628,0.000542536719486698,-0.000231544046737613,0.00283252187749361,0.00109288619251707,0.000925299170431504,1.22267799213205,0.0349618937889318,0.0834125387427775,0.0539811748012653,0.971027414493619
176,0.00238582027165779,NA,0.44335065692297,-0.576081483994102,0.184676874025939,-0.262797971082741,-3.38739996860481,0.00174446933426368,-0.00046048981237807,-0.00126955407315501,0.00101816658583673,0.00183945999147538,0.944757006777763,-0.0129196109810437,-0.0728524361193195,-0.000450511947747145,0.723489600886751
177,0.00346201911418209,NA,0.445291592152973,-0.577357604776703,0.185879081724212,-0.265188927059313,-3.38559465584186,0.001940935230003,-0.0012761207826014,0.00120220769827257,-0.00239095597657237,0.00180531276294871,0.208205822787022,-0.0429572003213252,0.0452096691105908,-0.0806374418971245,0.0425977623308427
178,0.00417915092069565,NA,0.446394536978637,-0.578730205064078,0.186644541917182,-0.263018156446362,-3.38487752403534,0.00110294482566412,-0.00137260028737507,0.000765460192970223,0.00217077061295164,0.000717131806513728,-0.501901896541312,-0.00785835084116115,-0.00678089918437763,0.108826634459547,-0.661075146126677
179,0.00335493400123443,NA,0.446148414330947,-0.579698386990352,0.186707525067658,-0.262124958107264,-3.38570174095481,-0.000246122647690346,-0.000968181926273959,6.29831504756916e-05,0.000893198339097926,-0.000824216919461059,-0.850780259042949,0.0153284895532124,-0.0113994718731192,-0.0284747977730149,-0.982969093570318
180,0.00137895636625585,-417.636028679456,0.444964708550531,-0.578698733601425,0.186346741144443,-0.264616089277352,-3.38767771858978,-0.00118370578041558,0.000999653388927332,-0.000360783923214912,-0.00249113117008807,-0.00197597763497874,-0.612035354947693,0.0846215129968186,-0.00688162856476993,-0.082214087342436,-0.772847530470244
181,0.00229805665115579,NA,0.443820176495795,-0.575818191063301,0.183579957385562,-0.263672341447482,-3.38984177921393,-0.00114453205473664,0.00288054253812388,-0.00276678375888049,0.000943747829869591,-0.00216406062414747,-0.013147629829291,0.0843215320855961,-0.0391343115779819,0.0798607959495712,-0.17702935735997
182,0.0030841822538562,NA,0.443573339354925,-0.575032065460601,0.185909146119408,-0.264646600025999,-3.39109244266724,-0.000246837140869679,0.000786125602700454,0.00232918873384607,-0.00097425857851686,-0.0012506634533111,0.483738736534178,-0.0790928868354968,0.0806512571216444,-0.045123881022846,0.456665554224855
183,0.00274011750724956,NA,0.444638616964912,-0.577925409677831,0.182829687830156,-0.26439291737629,-3.39086509975961,0.00106527760998642,-0.00289334421723059,-0.00307945828925211,0.000253682649708956,0.000227342907632727,0.731586214897106,-0.153529164776955,-0.0964035132255958,0.0272678744295263,0.781986556717129
184,0.00115189818286954,NA,0.446644169822955,-0.579268145897326,0.186476390454441,-0.263452368065514,-3.38971669769373,0.00200555285804387,-0.00134273621949513,0.0036467026242845,0.000940549310776355,0.00114840206587706,0.547358726521452,0.056402672043987,0.139914227474947,0.0155196522655388,0.506428545463677
185,0.00264764406695456,NA,0.448384121261583,-0.580048041957117,0.187762777651637,-0.263429852803045,-3.38868541332876,0.00173995143862719,-0.000779896059790807,0.00128638719719584,2.25152624691768e-05,0.00103128436497735,-0.0835235135809853,0.0192054386616292,-0.0479383908214004,-0.0182778666157901,-0.0298725683478551
186,0.00296773819997986,NA,0.448686005987171,-0.581083985914437,0.184640467831982,-0.2638539457539,-3.38878024168097,0.000301884725588151,-0.00103594395731955,-0.00312230981965434,-0.00042409295085535,-9.48283522192205e-05,-0.656189621395242,-0.0109779716694902,-0.102478070971301,-0.00892823436515755,-0.523780432786225
187,0.00183874972837206,NA,0.447575226923,-0.579381030626232,0.186007396208156,-0.263800918700799,-3.39011528685644,-0.00111077906417065,0.00170295528820433,0.00136692837617419,5.30270531015329e-05,-0.00133504517546966,-0.675716123055281,0.0968328834005661,0.103164015285984,0.00866000846144743,-0.596547868667585
188,0.00256466478747974,NA,0.445989966489011,-0.57802042143321,0.186447932640002,-0.263994810277946,-3.39162133974352,-0.00158526043398868,0.0013606091930222,0.00044053643184546,-0.000193891577147372,-0.00150605288707557,-0.24771192784101,-0.00883217467162467,-0.0206683483838788,-0.00441148301888461,-0.109209794345588
189,0.00287744719236871,NA,0.445273812937017,-0.578342708091839,0.183316112394463,-0.264158946343823,-3.39193412214841,-0.000716153551994666,-0.000322286658628323,-0.00313182024553901,-0.000164136065876675,-0.000312782404888797,0.343457612075326,-0.0532867426272787,-0.0873339286044938,0.000339449570674333,0.478826266316901
190,0.00169906298579869,-417.636107633494,0.445966268991022,-0.577317590216189,0.18472978860243,-0.264483827592675,-3.39075573794184,0.000692456054005161,0.00102511787564902,0.00141367620796678,-0.000324881248852034,0.00117838420656984,0.582662088959296,0.0425115581492719,0.106820841097033,-0.00275148863693175,0.625975455363914
191,0.00130383517798355,NA,0.447040312372612,-0.578732213561072,0.186788672513408,-0.263583763571814,-3.38893804452606,0.00107404338158968,-0.00141462334488278,0.00205888391097803,0.00090006402086035,0.00181769341577503,0.170990774108759,-0.0738930930310744,0.0179151300017111,0.0187546640972869,0.287909801954811
192,0.00320045399224522,NA,0.447189457916905,-0.581316701706702,0.186000479382947,-0.263562501199023,-3.38786727017157,0.000149145544293012,-0.00258448814562986,-0.000788193130460755,2.12623727911036e-05,0.00107077435449516,-0.336546405037552,-0.0376390937617543,-0.065342580342076,-0.0122847245620505,-0.250432258326327
193,0.00140262184174461,NA,0.446181510093526,-0.578288429762785,0.186415662946061,-0.262380972969242,-3.38826067809154,-0.00100794782337884,0.00302827194391651,0.000415183563113615,0.00118152822978141,-0.000393407919966668,-0.432885312875442,0.172017790873724,0.0271444929467179,0.0164457622986447,-0.522959192608141
194,0.00343021970748275,NA,0.444505332716653,-0.576587118676248,0.185285275193304,-0.267213814518469,-3.38930638138022,-0.00167617737687313,0.00170131108653727,-0.00113038775275645,-0.00483284154922738,-0.00104570328868441,-0.261747227909837,-0.0371098792584235,-0.0342445514434075,-0.0964800489100526,-0.243112204429963
195,0.00296068131100286,NA,0.443770194986028,-0.575779774531521,0.182609124026403,-0.261868096950504,-3.38963233519498,-0.000735137730624923,0.000807344144726824,-0.00267615116690118,0.00534571756796524,-0.000325953814764576,0.290081227944938,-0.0245984557523116,-0.0351487096850178,0.227198876814327,0.227108756689631
196,0.00132430020555074,NA,0.444412176989077,-0.577949619687542,0.186555477324714,-0.263119518771419,-3.3886712662038,0.000641982003049621,-0.00216984515602019,0.00394635329831101,-0.00125142182091537,0.0009610689911821,0.44309138047538,-0.0887169113639175,0.156351182454273,-0.180157825298011,0.420722566900622
197,0.00217838779364504,NA,0.445785074951563,-0.579162690914289,0.187748193131051,-0.26541853059373,-3.38733456492171,0.00137289796248547,-0.00121307122674783,0.0011927158063369,-0.00229901182231093,0.00133670128209682,0.24577943577242,0.0244055001985544,-0.0628018449333467,-0.0356004852619662,0.135145925241886
198,0.00173638877292026,NA,0.446273640399572,-0.577592267772973,0.184375178631401,-0.262982571622295,-3.38732028618312,0.000488565448008723,0.0015704231413167,-0.00337301449964965,0.00243595897143509,1.42787385858451e-05,-0.245765940007914,0.0770757458212756,-0.121126515182368,0.148521837104454,-0.376361762732813
199,0.000921958315571375,NA,0.445133649030317,-0.578174125659829,0.184647847021834,-0.262930707098051,-3.38888447103657,-0.00113999136925413,-0.000581857886856327,0.00027266839043324,5.18645242437724e-05,-0.00156418485344575,-0.4763453216583,-0.0570183266290769,0.09163819584046,-0.0727651683973818,-0.472946221066195
200,0.00158007175683506,-417.636604366873,0.444407052733483,-0.577716423189608,0.187149877094241,-0.264951438053806,-3.3902307561317,-0.00072659629683406,0.000457702470220442,0.00250203007240644,-0.00202073095575473,-0.00134628509513609,0.100630316524075,0.026882244128501,0.0614878121041329,-0.0666253430381403,0.0390599558386384
201,0.00125951554845771,NA,0.445554733108795,-0.576856732165999,0.184731692113845,-0.263998702624622,-3.3898267284592,0.00114768037531197,0.000859691023609418,-0.00241818498039557,0.000952735429183656,0.000404027672505841,0.510022418325207,0.0108018059563619,-0.132739873492937,0.0890217984306219,0.457654052183898
202,0.00226007312656581,NA,0.447000786687485,-0.579564556794848,0.18330973221084,-0.263550056383451,-3.38880974491879,0.00144605357869016,-0.00270782462884847,-0.00142195990300531,0.000448646241171309,0.00101698354041107,0.0962242188506934,-0.0896142847750525,0.0242032996311536,-0.013786581689601,0.169372187315275
203,0.00179807746126875,NA,0.447110044114139,-0.57925906925475,0.187367882798675,-0.264118590522861,-3.3890773871336,0.000109257426653845,0.000305487540097465,0.00405815058783457,-0.000568534139410034,-0.000267642214818607,-0.320482668030309,0.0708228731127747,0.164923607144374,-0.0287202976778644,-0.312830255211338
204,0.00228382182713691,NA,0.446012969989156,-0.579028866342836,0.187853627164543,-0.263377486025545,-3.39027268157559,-0.0010970741249838,0.000230202911913809,0.000485744365868161,0.00074110449731613,-0.00119529444198484,-0.300310305192397,-0.00144939519941545,-0.100585651807705,0.0353622306192847,-0.23335252706147
205,0.00157258808012103,NA,0.445655014736353,-0.578417118008084,0.183997217257285,-0.263231522705721,-3.39052349355101,-0.000357955252802193,0.000611748334752515,-0.00385640990725794,0.000145963319823791,-0.000250811975424019,0.161777384732886,0.00908689173684252,-0.144939929214161,-0.0146454675586938,0.20648787369737
206,0.00247438533402056,NA,0.446411888996839,-0.576885156965753,0.183095420003385,-0.265388906111876,-3.38952498131943,0.000756874260486039,0.00153196104233101,-0.000901797253899514,-0.00215738340615445,0.000998512231579041,0.251238127475517,0.0210159521429887,0.0876429561458281,-0.0590270855127528,0.282045714925516
207,0.00132457873453051,NA,0.446374255519025,-0.579440826448987,0.185897672523379,-0.26464334544694,-3.38885281778257,-3.76334778146447e-05,-0.00255566948323462,0.00280225251999417,0.000745560664935426,0.000672163536864225,-0.165090049790706,-0.0888568240497989,0.123477943247963,0.0690173112616321,-0.0596170548305963
208,0.00268249706745283,NA,0.445657689016979,-0.578561962657646,0.188252302404859,-0.261159076004405,-3.38907284198157,-0.000716566502046138,0.000878863791341769,0.00235462988147922,0.00348426944253494,-0.000220024199002463,-0.142943208061297,0.0728959849993771,-0.0098635553058557,0.0711198407543634,-0.177317893417239
209,0.00115146020304069,NA,0.44505837955652,-0.579267707917497,0.185973838744239,-0.264110938117494,-3.38910113490398,-0.000599309460458625,-0.000705745259851914,-0.00227846366061936,-0.00295186211308913,-2.82929224091986e-05,0.0160157145501216,-0.0338475268790717,-0.148055786439727,-0.16738603903832,0.0356286670921691
210,0.00292138610621251,-417.636293214011,0.445646832328328,-0.575194861608244,0.183211189849745,-0.265474072081704,-3.38861349072578,0.000588452771808385,0.00407284630925316,-0.00276264889449406,-0.00136313396420937,0.000487644178204126,0.220443291709671,0.112260832452193,-0.0199452739479966,0.0402090807938293,0.0967231750337305
211,0.00173917015420644,NA,0.445114519099538,-0.578215928941894,0.183830635183199,-0.264386655469996,-3.388760484255,-0.000532313228790448,-0.00302106733365018,0.000619445333454187,0.00108741661170763,-0.000146993529218334,-0.200195497086497,-0.177689139491122,0.102378572250927,0.065513917206772,-0.108866597088308
212,0.00194984303553816,NA,0.445151925288024,-0.57894023557732,0.187519648372944,-0.262138826466937,-3.38889800776544,3.74061884856423e-05,-0.000724306635425105,0.00368901318974459,0.00224782900305898,-0.000137523510444207,0.0952020980093948,0.0595642973166832,0.104152775293187,0.0327986953152504,0.000327583506987139
213,0.00212664246672226,NA,0.446006625816996,-0.578124791515312,0.187696447804128,-0.263575753164051,-3.38860880208622,0.000854700528971972,0.000815444062007801,0.000176799431184094,-0.00143692669711378,0.000289205679218873,0.138089499728267,0.0412494637203054,-0.10442190273352,-0.0933165972583083,0.0677920434100088
214,0.00147779695210609,NA,0.445856414192439,-0.579039929645785,0.1840920083853,-0.26510469452715,-3.38919831313419,-0.000150211624556447,-0.000915138130472882,-0.00360443941882834,-0.00152894136309892,-0.000589511047969593,-0.153905486399708,-0.0446165478251714,-0.12966628958111,-0.00428969087806763,-0.133326586819749
215,0.00211375526772786,NA,0.445873186055864,-0.576478639532481,0.183456050069678,-0.263094563473511,-3.39001928426386,1.67718634246967e-05,0.00256129011330396,-0.000635958315621762,0.00201013105363863,-0.000820971129672493,0.0244334290755432,0.0911011920834426,0.0902419606063631,0.088288501842726,-0.0385360999644035
216,0.00110589135543782,NA,0.446015351083282,-0.578842843914936,0.185971380737183,-0.264889486166424,-3.38972437779965,0.000142165027418507,-0.0023642043824554,0.00251533066750472,-0.00179492269291301,0.000294906464215973,0.0183832787570282,-0.131094521975683,0.105518362261137,-0.0956362333681682,0.150309970763374
217,0.00173590182376135,NA,0.446630637918646,-0.579646995158667,0.187305707161167,-0.263514849718555,-3.38895232547479,0.000615286835364126,-0.000804151243731358,0.00133432642398448,0.00137463644786884,0.000772052324856261,0.0666068075361181,0.039485987599619,-0.0338627876317332,0.0802597395477278,0.0663735659145459
218,0.00160355627968639,NA,0.445821740590044,-0.578711741895255,0.185796086694273,-0.2621800385313,-3.3896140102592,-0.000808897328602559,0.000935253263412401,-0.00150962046689412,0.00133481118725535,-0.000661684784407455,-0.185638891139206,0.0453979060921483,-0.0879822772503758,0.000782218876338447,-0.180088995307415
219,0.00149669266041919,NA,0.445605292438813,-0.577509574362267,0.184223997469976,-0.265280287471406,-3.3895309660843,-0.000216448151230349,0.00120216753298797,-0.00157208922429687,-0.00310024894010559,8.30441748960559e-05,0.0702779385619579,0.00806123068741726,-0.00429591864303802,-0.114261343924227,0.0882804783941538
220,0.00120400779219926,-417.635970044133,0.445999028679433,-0.577090320178169,0.184715002107521,-0.264987602603186,-3.38875385759892,0.000393736240619818,0.00041925418409853,0.000491004637544861,0.000292684868219922,0.000777108485378654,0.0730943730786748,-0.0174584147316637,0.0579824217084024,0.0832297524766545,0.0833085664453392
221,0.00157693880264143,NA,0.444885733675518,-0.579693186517098,0.186362758568691,-0.262392502992241,-3.38918807458064,-0.00111329500391478,-0.00260286633892965,0.00164775646116999,0.00259509961094436,-0.000434216981714836,-0.176033237266893,-0.0724237679605721,0.0336989222660122,0.0616030723676886,-0.133333573444361
222,0.00129877133032805,NA,0.446260896500839,-0.577063191940816,0.186868576667734,-0.262845582492713,-3.38822121458906,0.00137516282532075,0.00262999457628244,0.00050581809904285,-0.00045307950047198,0.000966859991576521,0.287050410747725,0.127038163668658,-0.0284282145912584,-0.0737765458325157,0.15304677219774
223,0.00235227016319167,NA,0.444769162319875,-0.579545659454738,0.184370002604885,-0.266135864974178,-3.3895986447396,-0.0014917341809646,-0.00248246751392257,-0.00249857406284889,-0.00329028248146481,-0.00137743015053544,-0.341151205702772,-0.135165859660447,-0.0800266212763745,-0.0754446966766409,-0.253443148494625
224,0.0021993280244772,NA,0.446438866488244,-0.57591691968998,0.184467891290975,-0.262948680275105,-3.38890824285207,0.0016697041683696,0.00362873976475876,9.78886860901085e-05,0.00318718469907297,0.000690401887525878,0.399207706323068,0.18796402400767,0.063507367258353,0.176475458033565,0.218542795664689
225,0.000924701299482439,NA,0.44551904036558,-0.578395179018322,0.186494506636888,-0.263435497323696,-3.38970960281722,-0.000919826122664522,-0.00247825932834239,0.00202661534591317,-0.000486817048590745,-0.000801359965152949,-0.333757471935314,-0.207189103207384,0.0498098199841479,-0.104331573425043,-0.158393203264495
226,0.00251774194902887,NA,0.445845761481186,-0.580633989663486,0.185854100022818,-0.264616587781795,-3.38894551181487,0.00032672111560659,-0.0022388106451636,-0.000640406614069704,-0.00118109045809864,0.000764091002356151,0.159888655844043,0.00413699410728441,-0.0631382266647051,-0.0215492070765322,0.161510071166049
227,0.00102114666011005,NA,0.446641748297161,-0.577770792756053,0.185438088403434,-0.262762448150876,-3.38899727986656,0.000795986815974528,0.00286319690743291,-0.000416011619384034,0.00185413963091819,-5.17680516966842e-05,0.0625740193527236,0.18980358618137,0.0045955221139593,0.0870754581683286,-0.0792374862612633
228,0.0017194313602058,NA,0.445182322602397,-0.577358382231564,0.185572778560502,-0.26410567646973,-3.39077610631625,-0.00145942569476409,0.000412410524488336,0.000134690157067412,-0.0013432283188535,-0.001778826449683,-0.281455106687645,-0.0876746258882122,0.0120618602750255,-0.0898276618954696,-0.175480312236687
229,0.00145517759969407,NA,0.446680196345777,-0.57826589460593,0.184114627737712,-0.265233011857383,-3.38848568448966,0.00149787374337984,-0.000907512374365572,-0.0014581508227902,-0.00112733538765291,0.00229042182658997,0.375159211216669,-0.0488076580040797,-0.0347717366366851,0.00415520105434553,0.432455274221866
230,0.00117539806058664,-417.635915185321,0.445580462860135,-0.579164927292254,0.186745203397992,-0.263231947106923,-3.38909262779631,-0.00109973348564181,-0.000899032686324011,0.00263057566028073,0.00200106475045938,-0.000606943306658114,-0.338479035804085,-0.00136210474011023,0.0888715788960326,0.0853847973303345,-0.317649872840775
231,0.00161951974562047,NA,0.445122693474458,-0.578270865975684,0.186415927903382,-0.262164075065366,-3.38948072990523,-0.000457769385676708,0.000894061316569632,-0.000329275494610154,0.00106787204155752,-0.000388102108914901,0.0776529839185969,0.059772320923912,-0.0615046070606695,-0.0222035453134595,0.0218239466676096
232,0.00169639218008644,NA,0.446282613885961,-0.577419349352461,0.183873413157319,-0.265170235413248,-3.38820753226666,0.00115992041150293,0.00085151662322332,-0.00254251474606293,-0.00300616034788211,0.00127319763857371,0.206914325531216,0.000109168922790559,-0.0494240981652183,-0.110410862816934,0.186210348829263
233,0.00149048982279898,NA,0.44488382124743,-0.578025906916439,0.185827683835454,-0.265274084633785,-3.38967862588581,-0.00139879263853105,-0.000606557563977635,0.00195427067813422,-0.00010384922053736,-0.00147109361915407,-0.324665822972747,-0.044124453211225,0.0959624770757728,0.0731609020476753,-0.305646208289545
234,0.00210895343264778,NA,0.445916392720699,-0.577393223720353,0.185836652617069,-0.261674641378339,-3.38892825422939,0.00103257147326914,0.000632683196085415,8.96878161504324e-06,0.00359944325544676,0.000750371656414391,0.310251409132434,0.0361357996325751,-0.0407034565341746,0.105479714989087,0.246632029075045
235,0.00201833275738283,NA,0.445869437193973,-0.58013458047184,0.185311842819727,-0.263881393246936,-3.38872238843148,-4.69555267261101e-05,-0.00274135675148651,-0.000524809797341296,-0.00220675186859688,0.000205865797910581,-0.133118680309963,-0.100402092471086,-0.0113897777964667,-0.163500326380017,-0.0571427244722145
236,0.00135238247352021,NA,0.445734011332348,-0.577879144107572,0.186780722337783,-0.265135977284507,-3.38969853860324,-0.000135425861625149,0.00225543636426781,0.00146887951805521,-0.00125458403757112,-0.000976150171760314,-0.0113217299713142,0.149021169590924,0.0405020142579815,0.0254240876529366,-0.127906047850956
237,0.00200031962963079,NA,0.446387852028437,-0.576657262805378,0.183569485707775,-0.263193161963622,-3.38945643544159,0.000653840696088783,0.00122188130219345,-0.00321123663000754,0.00194281532088479,0.000242103161655316,0.0930507218299681,-0.0284104498859961,-0.0987638873084506,0.094152616725296,0.121777854928951
238,0.0016638210181652,NA,0.44531147973105,-0.579780068732622,0.185374112996343,-0.264274994813869,-3.38974700425924,-0.00107637229738637,-0.00312280592724363,0.00180462728856789,-0.00108183285024679,-0.000290568817652955,-0.196190655401551,-0.137575900112097,0.107454079056879,-0.086641846337443,-0.0522424750215578
239,0.00224791621996084,NA,0.446752490326203,-0.57829272288253,0.187817721557367,-0.263627194116627,-3.38822440608112,0.00144101059515272,0.00148734585009165,0.00244360856102375,0.000647800697241704,0.00152259817812375,0.286454219349253,0.144692594972184,0.0167834105013753,0.0487388717829162,0.177738105548997
240,0.0010181050675766,-417.636242154735,0.444885843218696,-0.578832507787275,0.184726795272646,-0.263061741648315,-3.39007478002362,-0.00186664710750728,-0.000539784904744435,-0.0030909262847208,0.000565452468311674,-0.00185037394249852,-0.398588692291924,-0.064884663970588,-0.129023918020721,-0.00136895835112227,-0.336772253035633
241,0.00168878530883262,NA,0.446145834167248,-0.576862096738463,0.183881020028573,-0.264488101386286,-3.38884029486782,0.00125999094855197,0.00197041104881161,-0.000845775244072659,-0.00142635973797122,0.00123448515579695,0.392769982227037,0.0817689510768105,0.0500638248013274,-0.0527439982533906,0.322031934842926
242,0.00145008594151658,NA,0.445705787641854,-0.577921530165053,0.186566339930779,-0.265233680752503,-3.38899327103634,-0.000440046525393745,-0.00105943342658993,0.00268531990220628,-0.000745579366216565,-0.00015297616852313,-0.21634652910052,-0.0937756465191342,0.0866228327822682,0.0155411623836699,-0.144451129813206
243,0.00179063456110817,NA,0.445174633445252,-0.579405525539351,0.185889160370654,-0.261992960249878,-3.38935313786287,-0.000531154196601862,-0.00148399537429803,-0.000677179560125272,0.00324072050262472,-0.00035986682652419,-0.0146253654520478,-0.0150471925053353,-0.0781168552066447,0.103837298297549,-0.0226736636932401
244,0.000720774397322987,NA,0.446446354473373,-0.577839839597317,0.185249193146748,-0.263220952493842,-3.38833590055872,0.00127172102812151,0.00156568594203381,-0.000639967223906215,-0.00122799224396342,0.00101723730414994,0.222917316818894,0.0907416819018181,5.91131765759201e-05,-0.112291460823144,0.138444252684167
245,0.00252423966788584,NA,0.445002006676858,-0.578387533500655,0.185856261720855,-0.266307834478872,-3.39011869899627,-0.0014443477965152,-0.000547693903337191,0.000607068574106795,-0.0030868819850306,-0.00178279843754977,-0.335390667487445,-0.0606009035664101,0.0277742879006837,-0.0527914050962863,-0.284879747027844
246,0.00151424557680901,NA,0.44649729887645,-0.576602002137648,0.184189689825285,-0.263010820223001,-3.388889237012,0.0014952921995919,0.00178553136300684,-0.00166657189557011,0.00329701425587133,0.00122946198427179,0.378050095832805,0.0678369991646832,-0.0499064071846078,0.180926363668732,0.310763271613723
247,0.0017293074390472,NA,0.445547044570084,-0.579845555153504,0.186031848931621,-0.262973486495292,-3.38938696752978,-0.000950254306366618,-0.00324355301585625,0.00184215910633664,3.73337277093691e-05,-0.000497730517787002,-0.320008338690059,-0.15265558658939,0.0754456601725906,-0.0938345982604005,-0.180108356175879
248,0.00175172015711025,NA,0.445857490269771,-0.579155761320182,0.187321525494516,-0.264204467381263,-3.38912626031364,0.000310445699687042,0.00068979383332204,0.00128967656289474,-0.00123098088597161,0.000260707216140022,0.16256207288734,0.117389851084226,-0.00983149845978915,-0.038722935187252,0.0772495195633383
249,0.00166230219928848,NA,0.446320367545282,-0.576916119785425,0.183907503138117,-0.263687940435558,-3.38903642677248,0.000462877275511077,0.0022396415347569,-0.00341402235639872,0.000516526945705557,8.98335411668577e-05,0.021736772737313,0.0508285330624858,-0.104320529317192,0.0491082829512379,-0.0158138533379315
250,0.00121853285577256,-417.636267998131,0.444928100391663,-0.578309374978144,0.184680829063665,-0.264724194530471,-3.39027520781181,-0.00139226715361818,-0.00139325519271875,0.000773325925547836,-0.00103625409491372,-0.0012387810393377,-0.231637636147752,-0.109341490315273,0.0899106873930577,-0.0430553546948431,-0.128848036524687
251,0.00125789940649368,NA,0.446702231450656,-0.577729839439912,0.186827704743899,-0.263576635207802,-3.38802434637127,0.0017741310589927,0.000579535538231814,0.00214687568023434,0.00114755932266948,0.00225086144054519,0.403052382580427,0.0587310972832711,0.0327151019519079,0.0580464325139474,0.351452276277087
252,0.0020786932238368,NA,0.445144578151218,-0.580194940938294,0.185669912964393,-0.263165226767585,-3.38935652963769,-0.00155765329943844,-0.00246510149838161,-0.00115779177950611,0.000411408440216579,-0.00133218326642598,-0.449301294338511,-0.0935046790573324,-0.0711978077561071,-0.0176808708829412,-0.37620376929226
253,0.00082812783513575,NA,0.445611967610094,-0.577288119879321,0.18524434170955,-0.263584309859489,-3.38945821167829,0.000467389458876114,0.00290682105897259,-0.000425571254843043,-0.000419083091903379,-0.000101682040598084,0.276335614444179,0.170328856370361,0.0147126786487206,-0.0201655456066874,0.130307684571562
254,0.00157202818004681,NA,0.446337603560081,-0.576595720695808,0.185041474017265,-0.265355622991033,-3.38874841096233,0.000725635949986939,0.000692399183512866,-0.00020286769228534,-0.00177131313154453,0.000709800715961412,0.039489746086474,-0.0674677812639857,0.0041831401631498,-0.0329765367723667,0.0879556529298497
255,0.00151390415325903,NA,0.44497081723899,-0.579630151867716,0.185141340652922,-0.263565614976215,-3.38982358141027,-0.00136678632109088,-0.00303443117190766,9.98666356569067e-05,0.00179000801481853,-0.00107517044793733,-0.282379673421929,-0.125991244885881,0.00577896912545839,0.0816101055534091,-0.185516192914292
256,0.00177201068431293,NA,0.446350916303915,-0.578296984370654,0.18695471638069,-0.262011584126674,-3.38847429530979,0.00138009906492543,0.00133316749706219,0.00181337572776862,0.00155403084954119,0.00134928610048044,0.372351370288015,0.142638714351051,0.0328157830153941,-0.00331534749875573,0.252124957569322
257,0.00174392337415163,NA,0.445729118397386,-0.578687182898981,0.185106153339618,-0.265527518185138,-3.38926128576953,-0.000621797906529482,-0.000390198528327297,-0.00184856304107204,-0.00351593405846458,-0.000786990459744685,-0.269929134901759,-0.0568924747312849,-0.0670492482868212,-0.121223295082018,-0.219442796947078
258,0.00123481248119273,NA,0.445557754970078,-0.577196480394031,0.184334992856213,-0.263984383518501,-3.38994371865424,-0.000171363427307455,0.00149070250494959,-0.000771160483405417,0.00154313466663742,-0.000682432884712359,0.057188693176613,0.0623583179049092,0.0180345790568026,0.122155162216586,0.00667183485347778
259,0.000896446814182772,NA,0.446379916970988,-0.577644109407871,0.186466252151589,-0.263067871284223,-3.38875275455734,0.000822162000909353,-0.000447629013839614,0.00213125929537551,0.000916512234277654,0.0011909640969075,0.129359469838164,-0.0596915413098031,0.0521116248819453,-0.0141128060704432,0.186571513722811
260,0.00277659751896808,-417.636317745449,0.445174567960531,-0.580892845233425,0.185417365368698,-0.264550181491242,-3.38936473128621,-0.00120534901045716,-0.00324873582555385,-0.00104888678289042,-0.00148231020701854,-0.000611976728874762,-0.25560214851339,-0.0919772452334655,-0.0546215574104281,-0.058918557783727,-0.172497664152615
261,0.00124076116372041,NA,0.446444824806102,-0.577179907668657,0.186073228218427,-0.262542833647266,-3.38878623265412,0.00127025684557183,0.00371293756476829,0.000655862849729224,0.00200734784397556,0.000578498632088548,0.312552518266784,0.242978440496699,0.0289861071678388,0.0853230972097663,0.112502339106868
262,0.00100565704907885,NA,0.445406047413606,-0.577165187709361,0.184828710326356,-0.264756212464266,-3.39006233200512,-0.00103877739249618,1.47199592960778e-05,-0.00124451789207121,-0.0022133788169996,-0.0012760993509962,-0.293707779519536,-0.132969603896527,-0.0317880443390095,-0.105627445918799,-0.174579018903387
263,0.00130353001997424,NA,0.445914204505775,-0.578500251463179,0.184469053619399,-0.265087124830961,-3.38878758667093,0.00050815709216926,-0.00133506375381888,-0.00035965670695679,-0.000330912366695026,0.00127474533418718,0.193557820580281,-0.0522630239174759,0.0133272141056295,0.0447848191242883,0.23783521214682
264,0.00241109027437575,NA,0.445737533355927,-0.578549785263612,0.187980895611781,-0.262133552213788,-3.38890581850589,-0.000176671149848205,-4.95338004322343e-05,0.00351184199238219,0.00295357261717284,-0.000118231834960798,-0.0825896967171502,0.0447190871000203,0.0646957892058708,0.0847401889814137,-0.125302021842799
265,0.00142814544914655,NA,0.445351074027417,-0.579226664308492,0.184141659888259,-0.263258140424469,-3.38923589085735,-0.00038645932851057,-0.000676879044880538,-0.0038392357235223,-0.00112458821068157,-0.000330072351461445,-0.0261612814256296,-0.0221971799874154,-0.136125671588161,-0.099571410032695,-0.0199178089133056
266,0.00197742116076344,NA,0.446320401141913,-0.576832259601157,0.185281581183996,-0.26576101597175,-3.38884334544632,0.00096932711449662,0.00239440470733518,0.00113992129573696,-0.00250287554728047,0.000392545411033803,0.153936395008714,0.105840080095732,0.100622420973195,-0.0373772326156541,0.0613863420539928
267,0.00132394147154402,NA,0.44506881567549,-0.57766903568675,0.185881787491951,-0.263683489095544,-3.39038061642758,-0.00125158546642316,-0.000836776085592736,0.000600206307954673,0.00207752687620583,-0.00153727098126407,-0.247233134018643,-0.105416764313304,-0.0104895565300467,0.114863773887919,-0.164140610650065
268,0.00140634634726489,NA,0.446840415426217,-0.579218699447196,0.184382126091656,-0.262377248463722,-3.38788524637123,0.00177159975072701,-0.0015496637604462,-0.00149966140029502,0.00130624063182251,0.00249537005635753,0.350910219708567,-0.0254267615673598,-0.0436671717807258,-0.0171388114722504,0.37247979150834
269,0.00234559045995231,NA,0.444973551498113,-0.579718999298685,0.187915395797358,-0.265072321884581,-3.38980494318547,-0.00186686392810423,-0.000500299851489397,0.00353326970570221,-0.00269507342085896,-0.00191969681423869,-0.454639078952823,0.0307658638121211,0.111013242758418,-0.103110612030832,-0.45808482184384
270,0.00199278887359999,-417.636088152134,0.4460933617042,-0.576123458840857,0.185079132677771,-0.262976279498432,-3.38930208280068,0.00111981020608702,0.0035955404578285,-0.00283626311958668,0.00209604238614897,0.000502860384789354,0.393514455936383,0.134834837126618,-0.151451332612851,0.12563625432449,0.268983522460076
271,0.00285828240715277,NA,0.445930877544657,-0.578171172922076,0.182711522930253,-0.264369074000484,-3.38895153487384,-0.000162484159542767,-0.00204771408121942,-0.00236760974751839,-0.00139279450205205,0.000350547926835053,-0.168594610272521,-0.184708940764722,0.00832368982628395,-0.0947732570466542,-0.0146037564263679
272,0.00133441409295304,NA,0.445129461404459,-0.579274150891631,0.186610550987969,-0.265118008903939,-3.3895853281113,-0.000801416140198534,-0.00110297796955466,0.00389902805771645,-0.000748934903455915,-0.000633793237461731,-0.086451163952006,0.0295355317803114,0.174881844827723,0.0157480229745488,-0.106727591742128
273,0.00222465329513746,NA,0.446587091033672,-0.577155570303951,0.187794458632543,-0.261812502175208,-3.38845428861449,0.00145762962921356,0.00211858058768026,0.00118390764457381,0.00330550672873151,0.00113103949681413,0.29261964982652,0.110731824634058,-0.0721092351341213,0.113921179263343,0.186837574460696
274,0.00167741761196316,NA,0.445111938369456,-0.57979366532642,0.184676514280156,-0.263704239480956,-3.38966219674707,-0.00147515266421571,-0.00263809502246938,-0.00311794435238761,-0.00189173730574764,-0.0012079081325774,-0.385689621111851,-0.1687265239525,-0.130989555486849,-0.145044514283654,-0.244888411202737
275,0.00166417619397516,NA,0.446011467733977,-0.578127252135228,0.183905629143431,-0.265330722429969,-3.3890362596936,0.000899529364520557,0.00166641319119167,-0.000770885136725011,-0.00162648294901304,0.000625937053470305,0.317032174734777,0.157096835096127,0.0652225526209804,0.00499165480505326,0.188604192317143
276,0.00207581693366388,NA,0.446248680006529,-0.576040430780793,0.186182126056112,-0.26372127329764,-3.38935144980669,0.000237212272551996,0.00208682135443536,0.00227649691268136,0.00160944913232826,-0.000315190113096627,-0.0836749012478322,0.0192372067431279,0.0916199343237167,0.0914959531428394,-0.0944473083563935
277,0.00107562868600364,NA,0.445008891740754,-0.57919187640046,0.186041866351749,-0.263470355457889,-3.38986831225173,-0.00123978826577475,-0.00315144561966752,-0.000140259704362515,0.000250917839751596,-0.000516862445034908,-0.194407705862432,-0.202802844455618,-0.067404404262561,-0.0360182889380667,-0.0216482874293433
278,0.00166125278657014,NA,0.446479274467687,-0.579777500501027,0.184907300710945,-0.26358357137698,-3.3877191974134,0.0014703827269326,-0.00058562410056646,-0.00113456564080479,-0.00011321591909155,0.00214911483832999,0.351800568978433,0.0945948630715066,-0.0287860399339479,-0.00951003244153981,0.268197750870058
279,0.000997190369611906,NA,0.445283937197884,-0.577807955861786,0.186566995707018,-0.263797504064155,-3.38969693889557,-0.00119533726980331,0.00196954463924084,0.00165969499607301,-0.000213932687174909,-0.00197774148216889,-0.353041727976233,0.10074768965751,0.0764886834758727,-0.00273774219294864,-0.436951110600603
280,0.00147486330207158,-417.635989047824,0.445569898882827,-0.576641384412385,0.185305529208148,-0.264021676318657,-3.3898026590466,0.000285961684943835,0.00116657144940091,-0.00126146649886978,-0.000224172254501909,-0.000105720151029029,0.192839934243239,-0.0266561772832574,-0.0779968769393236,-0.000517298985869274,0.200942421884065
281,0.00199444255057779,NA,0.44644873940367,-0.578558765819107,0.183575362786828,-0.264693449334553,-3.38843018720586,0.000878840520843008,-0.00191738140672185,-0.00173016642131994,-0.000671773015896371,0.00137247184073707,0.0803784081426784,-0.11342039556439,-0.0143361728532909,-0.0106367150465303,0.169347235328132
282,0.00136217062544453,NA,0.445120643964455,-0.579478418339901,0.186635349196376,-0.263159845293949,-3.38972146793689,-0.00132809543921542,-0.000919652520794287,0.00305998640954794,0.00153360404060494,-0.00129128073102911,-0.280919500710297,0.0324502093462797,0.130032046286033,0.0485930991089845,-0.295801063998624
283,0.00181203727127771,NA,0.446254040893165,-0.577499696033681,0.187381842608683,-0.262829581155791,-3.38898613246785,0.00113339692871051,0.00197872230622039,0.000746493412307553,0.000330264138157952,0.000735335469036089,0.312304263161423,0.10169508357194,-0.0585433747346542,-0.0240171817722512,0.225112418661411
284,0.00202628813016981,NA,0.445858022483267,-0.578830652669478,0.184093598644643,-0.265809882941156,-3.38910201058075,-0.000396018409898707,-0.00133095663579661,-0.00328824396404055,-0.00298030178536568,-0.000115878112896562,-0.190360380543098,-0.11272968947651,-0.115089358132536,-0.0713195265689137,-0.091372016868263
285,0.00158116054364629,NA,0.445511027861776,-0.577688010390542,0.183988644793759,-0.262706783775334,-3.38977548079971,-0.000346994621490754,0.00114264227893551,-0.000104953850883448,0.00310309916582199,-0.000673470218964268,0.003591798645175,0.0841350885139036,0.0835493699469225,0.136570450877116,-0.0607636411587009
286,0.0014249536413507,NA,0.446229903203745,-0.577486034338945,0.186994758978756,-0.263868030030297,-3.38888784147101,0.000718875341968623,0.000201976051596966,0.00300611418499699,-0.00116124625496252,0.000887639328702135,0.125630725165138,-0.0297334338483779,0.0906402783584781,-0.100690907061107,0.158727322627783
287,0.0019968998997103,NA,0.445242711662981,-0.580113147614167,0.186373597309571,-0.26494618642104,-3.38921159143558,-0.000987191540763156,-0.00262711327522205,-0.000621161669185532,-0.00107815639074292,-0.000323749964569776,-0.194658611576415,-0.0945896675830227,-0.0974730653524603,0.000582710981689161,-0.116955828843857
288,0.00215324168816111,NA,0.446376888588894,-0.577553947160569,0.184327454407678,-0.261630353122825,-3.38866056047595,0.0011341769259122,0.00255920045359779,-0.0020461429018926,0.00331583329821438,0.000551030959632118,0.239409621372033,0.173803868506184,-0.0415761019212368,0.111233132997768,0.0831633678899379
289,0.001215008584734,NA,0.444964737099345,-0.577704212657414,0.185652612043506,-0.264812448376563,-3.39027168354077,-0.00141215148954858,-0.00015026549684495,0.00132515763582765,-0.00318209525373756,-0.00161112306482689,-0.292452969574697,-0.0902349506759492,0.0901605858416588,-0.17770068268419,-0.205801840706954
290,0.00187390287447259,-417.636249699652,0.446623754893674,-0.577859199055342,0.185575604545002,-0.265657497685459,-3.3882765842191,0.001659017794329,-0.000154986397927319,-7.70074985041056e-05,-0.000845049308896111,0.00199509932167633,0.368693935115516,-0.000426925339525042,-0.0361818121064061,0.0636849568991238,0.35881278506622
291,0.0012843842996127,NA,0.4453201906727,-0.579252645973179,0.185158360492533,-0.262499210511374,-3.38948482277158,-0.00130356422097372,-0.00139344691783712,-0.000417244052469352,0.00315828717408527,-0.00120823855248109,-0.369843839962414,-0.0410036716402828,-0.00894450806754321,0.122747815680668,-0.335461181748542
292,0.00143504377794634,NA,0.445641347884118,-0.577871610545088,0.186355020639103,-0.26234855103304,-3.38942900404463,0.000321157211418138,0.00138103542809092,0.00119666014657091,0.000150659478333621,5.58187269467364e-05,0.201908507051485,0.0860566319715872,0.0396768609789433,-0.0849962987103936,0.132408935087369
293,0.00178207694446436,NA,0.44633454237082,-0.578239498644893,0.185430490089867,-0.265565671755451,-3.3885293978853,0.000693194486701186,-0.000367888099805301,-0.000924530549236793,-0.00321712072241069,0.000899606159337295,0.0490773362571417,-0.0518674960403587,-0.0493786961897058,-0.106188074937563,0.090855662051581
294,0.000940256877282192,NA,0.445067213694087,-0.578557922855491,0.184629548460124,-0.264677187130746,-3.38993012741347,-0.00126732867673245,-0.000318424210597713,-0.000800941629743097,0.000888484624704416,-0.00140072952817582,-0.237638829503339,0.000907708681552322,0.00175361037690891,0.120762531992114,-0.238857405747694
295,0.00179915423219978,NA,0.446448532537071,-0.576317093482257,0.185827899973625,-0.262011863070044,-3.38886223980196,0.00138131884298398,0.00224082937323383,0.00119835151350151,0.00266532406070252,0.00106788761151176,0.321805388239227,0.0739751862965932,0.0433652246556449,0.0580400768512845,0.254893776059362
296,0.00233819353085341,NA,0.44519809950629,-0.58045444124531,0.185849628365354,-0.264369782617574,-3.38929895450032,-0.00125043303078069,-0.00413734776305317,2.17283917290336e-05,-0.00235791954753012,-0.00043671469835678,-0.327483195405875,-0.204086326789366,-0.0236187975133362,-0.156337137582341,-0.153282234123253
297,0.000652900550373314,NA,0.446134605489121,-0.578672566468307,0.18580064743055,-0.26443649536136,-3.38870684065835,0.000936505982830079,0.00178187477700274,-4.8980934803982e-05,-6.67127437857788e-05,0.000592113841962685,0.27513621489561,0.2009493573496,-0.00140822976391064,0.0703255375356093,0.103560527122681
298,0.00177835226721568,NA,0.445888908964535,-0.576337895447241,0.185196824151381,-0.262974342578421,-3.38976491661906,-0.000245696524585639,0.00233467102106634,-0.000603823279169527,0.00146215278293849,-0.00105807596070411,-0.144330663829351,0.0243179744074951,-0.0107194068732497,0.0487506434865281,-0.162447662432896
299,0.00105957090224443,NA,0.445415321489254,-0.578472547139494,0.184510234435161,-0.264548287116049,-3.38957755362328,-0.000473587475280811,-0.0021346516922533,-0.000686589716219267,-0.00157394453762736,0.000187362995779315,-0.0294412581069992,-0.163217497402002,-0.00207609389235586,-0.0922143885873083,0.114941808533331
300,0.00136960496296187,-417.636174790395,0.44640233687833,-0.579068447144447,0.186939410300368,-0.264518276693594,-3.38809517625292,0.000987015389075705,-0.000595900004952397,0.00242917586520629,3.00104224543679e-05,0.00148237737036149,0.169709979331856,0.0533500627852845,0.0556687990638238,0.0460413468772458,0.124252384239298
301,0.00158969290097755,NA,0.444887119098832,-0.578690257876737,0.185304170202111,-0.262193901910009,-3.39000414795155,-0.00151521777949816,0.00037818926771019,-0.00163524009825679,0.00232437478358541,-0.00190897169863749,-0.290653902084159,0.0340115121844065,-0.0708237990920679,0.0687331333892871,-0.324615876365897
302,0.00132279361422438,NA,0.446454013525243,-0.576793454100232,0.184817944419661,-0.263801667208112,-3.38873233767872,0.00156689442641125,0.00189680377650429,-0.000486225782449996,-0.00160776529810333,0.00127181027283309,0.369490098819369,0.0536308306209321,0.0190196010407817,-0.112041014972419,0.31869089752945
303,0.00253505694863621,NA,0.445437219627638,-0.578835731685574,0.186313840933175,-0.266318651759623,-3.38944006185227,-0.00101679389760467,-0.00204227758534144,0.00149589651351451,-0.00251698455151047,-0.000707724173550544,-0.317913584808593,-0.132483497736757,0.0340148869781842,-0.0293411937946075,-0.204140159780763
304,0.0015588923823347,NA,0.445873812120815,-0.578385348769374,0.184010912955071,-0.262702049763339,-3.38915572203785,0.000436592493176437,0.000450382916200178,-0.00230292797810427,0.00361660199628319,0.000284339814421411,0.177970058530263,0.081611138966764,-0.0647920984420125,0.190582288155383,0.0998050234102266
305,0.00180050879549212,NA,0.4459913231077,-0.57761788246893,0.187370314132898,-0.262119429768303,-3.3892306780833,0.000117510986884987,0.000767466300444129,0.00335940117782683,0.000582619995036705,-7.4956045451931e-05,-0.0363332037522923,0.0113276041702193,0.105377912973381,-0.0919249578146264,-0.03443341199727
306,0.00185806264679378,NA,0.445394416474116,-0.579974310361251,0.185158161846692,-0.26507000835257,-3.38924409141024,-0.000596906633583374,-0.00235642789232092,-0.00221215228620604,-0.0029505785842671,-1.34133269330358e-05,-0.0828675092634512,-0.101514685297843,-0.111311164232575,-0.119966107376968,0.00547396268757439
307,0.000982046100256317,NA,0.446553440891019,-0.577200329522394,0.184587759237149,-0.264600091820921,-3.38867829295839,0.00115902441690291,0.00277398083885631,-0.000570402609542392,0.000469916531648773,0.00056579845184739,0.19660490465867,0.171746621617785,0.0325505868659093,0.108276641412886,0.0522881339293235
308,0.00170045675869535,NA,0.444840613462825,-0.577248943420686,0.186350764277773,-0.263235438476991,-3.39075713171474,-0.00171282742819436,-4.86138982914864e-05,0.00176300504062392,0.00136465334393024,-0.00207883875634814,-0.327723428767968,-0.0927054406929528,0.0484817797996584,0.0305235101905055,-0.241116208030689
309,0.00133490460929711,NA,0.446787132764259,-0.579056293074929,0.184234900728109,-0.263562018580861,-3.38804156760864,0.00194651930143423,-0.00180734965424368,-0.00211586354966472,-0.000326580103869851,0.00271556410609677,0.449605273615816,-0.0611053457078015,-0.0797164392452032,-0.0511243524670135,0.498466923204433
310,0.00155866076140243,-417.636031688634,0.445552476635363,-0.579674908475859,0.187050938702135,-0.264593770679015,-3.38905298618248,-0.00123465612889613,-0.000618615400929753,0.00281603797402631,-0.00103175209815404,-0.00101141857383765,-0.414360549712001,0.0359228272373002,0.107924745407217,-0.0219394604528134,-0.423255910391163
311,0.0012808105600729,NA,0.445215450568615,-0.576835437154384,0.18603839072126,-0.262740463373123,-3.3899234370366,-0.000337026066748385,0.00283947132147535,-0.00101254798087495,0.00185330730589181,-0.000870450854120043,0.113519644173721,0.113942134589706,-0.0841718986066553,0.0840163784232573,0.0110715080836599
312,0.00265339709194898,NA,0.446337493742072,-0.577460050699472,0.182916408245457,-0.2641385074357,-3.3885796761549,0.00112204317345751,-0.000624613545087773,-0.00312198247580324,-0.00139804406257652,0.00134376088169821,0.192287953950654,-0.107095019643566,-0.0513421895220745,-0.0924641886967947,0.265883442693848
313,0.00200160597131827,NA,0.445222710566272,-0.579503590281168,0.186293877471017,-0.265785200782305,-3.38931047683174,-0.00111478317580044,-0.00204353958169618,0.00337746922556074,-0.00164669334660517,-0.00073080067684155,-0.286021179931595,-0.0473794841582276,0.16038499552451,-0.00920513969049352,-0.242857706211907
314,0.00197851156738929,NA,0.445992086529005,-0.577207018428527,0.187548316904795,-0.262043201196789,-3.38910965053741,0.000769375962733393,0.00229657185264096,0.00125443943377753,0.00374199958551572,0.00020082629433354,0.238251483324348,0.1380567562137,-0.0510369994799476,0.162799769327648,0.106211448951399
315,0.0013106791892204,NA,0.445758504376252,-0.579048725282813,0.184259126148185,-0.262650539716665,-3.38904731527724,-0.00023358215275318,-0.00184170685428642,-0.00328919075660968,-0.000607338519876285,6.23352601644471e-05,-0.122411260008448,-0.135580827986814,-0.125568161593037,-0.128560907342035,-0.0145556776942612
316,0.00198380501966972,NA,0.445591863911012,-0.57885232736472,0.184713649820226,-0.265767399830656,-3.38935495437157,-0.00016664046524039,0.000196397918093782,0.000454523672041103,-0.00311686011399091,-0.000307639094324912,0.00668111567847518,0.0653323388632998,0.098836968049909,-0.0842622256413961,-0.039578714563504
317,0.00206419789802603,NA,0.446427521265965,-0.576052049816431,0.186614730918959,-0.264409677157899,-3.38923400618042,0.000835657354953837,0.00280027754828879,0.00190108109873243,0.00135772267275709,0.000120948191145472,0.115839204113399,0.0886014669276847,0.0415330055147933,0.139059943649045,0.0422971760372093
318,0.00113859939965089,NA,0.445032485757878,-0.57917513602609,0.184888059225765,-0.262644995411336,-3.38988103653983,-0.00139503550808764,-0.00312308620965946,-0.00172667169319429,0.00176468174656351,-0.000647030359406414,-0.252117941386132,-0.206169043508453,-0.0975965048155558,0.0156608189172402,-0.0746211145497
319,0.00140240983077522,NA,0.446560946820398,-0.579518657545232,0.185071719514531,-0.263432904593002,-3.38789467589686,0.00152846106252056,-0.000343521519141689,0.000183660288766164,-0.000787909181666611,0.00198636064296403,0.337029779871045,0.0957901301035236,0.049559457693249,-0.0773095632666809,0.25901422361585
320,0.00198345281769094,-417.636212695838,0.445124010922026,-0.577893614979449,0.187553258155097,-0.264735521666041,-3.38985843247839,-0.00143693589837234,0.00162504256578288,0.00248153864056594,-0.00130261707303878,-0.00196375658152473,-0.35752598421368,0.0718112369213486,0.0625532396725248,-0.0169821197459896,-0.409876801654718
321,0.00136634059204432,NA,0.445933713034544,-0.576749907122412,0.184634852350792,-0.263424957863201,-3.38934440073657,0.000809702112518343,0.00114370785703664,-0.00291840580430459,0.00131056380283973,0.000514031741819315,0.27463673575312,-0.0139104179197602,-0.148065624898663,0.075119307894056,0.265985390228707
322,0.00230185269602337,NA,0.445980270314841,-0.579059246891893,0.183267952641382,-0.26417509449126,-3.38877418083279,4.65572802971214e-05,-0.0023093397694801,-0.00136689970940974,-0.000750136628058904,0.000570219903782159,-0.0896656581517163,-0.118152316304077,0.0395265254837796,-0.0572407810750519,0.009246261925
323,0.0014282955176228,NA,0.445302759267595,-0.578648168794395,0.186998100855029,-0.264258846780989,-3.3896343466084,-0.000677511047246883,0.000411078097497301,0.00373014821364618,-8.37522897285245e-05,-0.000860165775609816,-0.0861899928850107,0.0882172162164352,0.153952366304111,0.0173341300069296,-0.151060891653287
324,0.00171008634919756,NA,0.446560846011082,-0.577107920171803,0.187279891686603,-0.262611702488942,-3.38873020400084,0.00125808674348716,0.00154024862259271,0.000281790831574759,0.00164714429204683,0.000904142607560432,0.222141775907403,0.0385368525712693,-0.0976973421984439,0.0460655564893386,0.181137631898309
325,0.00209032432036393,NA,0.444975109216973,-0.580206572034821,0.184185409530113,-0.264593815208502,-3.3897227494947,-0.00158573679410912,-0.00309865186301813,-0.00309448215649015,-0.0019821127195602,-0.000992545493858657,-0.331247752569652,-0.157168364580684,-0.10801236669522,-0.0934519027850911,-0.192513997490096
326,0.00127119357082256,NA,0.446550897005508,-0.577445676678791,0.184298611766583,-0.263760914289891,-3.38862514032551,0.00157578778853561,0.00276089535602931,0.000113202236470048,0.000832900918610562,0.00109760916918591,0.386278890687208,0.211929435067759,0.0935836681037472,0.070840999342181,0.211203666253823
327,0.00124705175775705,NA,0.445498467824557,-0.576916320616338,0.186816857095163,-0.264075673933369,-3.38998794162656,-0.00105242918095101,0.000529356062453464,0.00251824532857962,-0.000314759643477247,-0.00136280130104761,-0.33168363245295,-0.0800671722345214,0.0762313970881223,-0.0281918278233206,-0.252278510970427
328,0.00106740305959363,NA,0.445639184006506,-0.57918365077405,0.185658272433272,-0.264080718230422,-3.38906648963667,0.000140716181948923,-0.00226733015771237,-0.001158584661891,-5.04429705306952e-06,0.00092145198988313,0.147658106470772,-0.107470137322707,-0.108716281488341,0.00714019506631303,0.233292172424626
329,0.00100826840700852,NA,0.446268013751289,-0.579124516121465,0.184606984413576,-0.262775988632212,-3.38828132766821,0.000628829744782512,5.91346525850944e-05,-0.00105128801969591,0.00130472959820994,0.000785161968465132,0.0620144891172458,0.0820577486138063,0.00145518640692899,0.030522065230798,-0.00920462298381608
330,0.0011457834845463,-417.63628648228,0.444879669074012,-0.577701976934771,0.186521248754095,-0.264678427077139,-3.39020245844059,-0.00138834467727712,0.00142253918669384,0.00191426434051921,-0.00190243844492668,-0.00192113077237771,-0.244047558339844,0.0499275432730428,0.0867471749188553,-0.0718364822205331,-0.280117329225504
331,0.00152863044076079,NA,0.446571629758351,-0.576587617273696,0.185287319548417,-0.263755093090192,-3.38865408832604,0.00169196068433954,0.00111435966107539,-0.00123392920567765,0.000923333986946596,0.00154837011454644,0.380627144522805,-0.00813680173905595,-0.0894688605512783,0.0613460667864274,0.368417493632478
332,0.0018511961464811,NA,0.445368728250534,-0.579967443860938,0.18424235597234,-0.264346056803683,-3.3892437280018,-0.00120290150781718,-0.0033798265872419,-0.00104496357607771,-0.000590963713491379,-0.000589639675754727,-0.369267143582874,-0.159591234023537,0.00360101466867491,-0.0322986016954019,-0.233237218481008
333,0.0012003150927713,NA,0.445693015760805,-0.578396340403968,0.186597296141893,-0.262583279718215,-3.38935029919097,0.000324287510270755,0.0015711034569703,0.00235494016955368,0.0017627770854681,-0.000106571189178253,0.194197872360746,0.174523250962011,0.0952840338186434,0.0500251019275311,0.0504602786577379
334,0.00111392241229394,NA,0.446390466363884,-0.577255362672526,0.1866837277497,-0.264683612723948,-3.38885337676343,0.000697450603078972,0.0011409777314417,8.64316078062627e-05,-0.00210033300573286,0.000496922427545465,0.050192641083413,-0.0130926412111876,-0.0590386463272807,-0.0812133578165231,0.0636594501202126
335,0.0018410821096092,NA,0.445092512558768,-0.579061118980942,0.183728723227797,-0.264199397173248,-3.38989936160365,-0.0012979538051159,-0.00180575630841658,-0.00295500452190314,0.000484215550700236,-0.00104598484021717,-0.246931670062622,-0.106028076061193,-0.0856647886848805,0.0527095039615233,-0.156475732637773
336,0.00116635537765541,NA,0.446438290598619,-0.577561825165029,0.184922596244937,-0.262617239433331,-3.38861189984906,0.00134577803985097,0.00149929381591307,0.00119387301714087,0.00158215773991678,0.00128746175458278,0.327329410652055,0.116956067586216,0.109981500600043,0.0235173365581431,0.233640527653733
337,0.00211817197776029,NA,0.445348581628969,-0.5785564412443,0.187687977315166,-0.265860520537414,-3.38957973090088,-0.00108970896965016,-0.000994616079271008,0.00276538107022865,-0.00324328110408293,-0.000967831051812589,-0.306322107235246,-0.0871895747422968,0.0464123877463862,-0.103017396213545,-0.224825979557863
338,0.00149321057899732,NA,0.445955042286275,-0.578323304950055,0.185024566139449,-0.262290384231989,-3.38890823241589,0.000606460657306593,0.000233136294245703,-0.00266341117571681,0.00357013630542484,0.000671498484985945,0.211632632840519,0.0410996824484755,-0.153059251033483,0.16434168401247,0.162193078949713
339,0.00148008648148409,NA,0.44572733770401,-0.57848445619031,0.184089718855922,-0.26317963876013,-3.38914100807232,-0.000227704582265442,-0.000161151240255325,-0.00093484728352759,-0.000889254528140612,-0.000232775656435616,-0.100599348797914,-0.0127507001934646,0.0467118098868013,-0.114145661882503,-0.0859422181065383
340,0.00218599959376597,-417.636082753067,0.445569646221879,-0.577664749264541,0.186488412098645,-0.265969594404752,-3.38952577452276,-0.000157691482130506,0.00081970692576867,0.00239869324272355,-0.00278995564462268,-0.000384766450430447,0.0069711018113594,0.0309234803808067,0.0978203615886741,-0.0548306883274563,-0.0154849340106011
341,0.000570679254133899,NA,0.446307156448762,-0.577626841857258,0.185746622821142,-0.263348147641232,-3.38870525852782,0.000737510226882768,3.79074072832807e-05,-0.000741789277503648,0.00262144676352089,0.000820515994933645,0.101430580343731,-0.0223279232614004,-0.0877020136158535,0.151072657104123,0.107499385535448
342,0.00207147500332061,NA,0.444833246607077,-0.580187722717777,0.184647216720711,-0.262358273460834,-3.3899341597997,-0.00147390984168537,-0.00256088086051937,-0.00109940610043094,0.000989874180397852,-0.00122890127188241,-0.246123794340747,-0.077515209682133,-0.0113490199282751,-0.0435270510479313,-0.179167271880942
343,0.00131489228326032,NA,0.447051369477888,-0.576863991044544,0.186386876956549,-0.264370328452391,-3.38795668403729,0.00221812287081179,0.00332373167323305,0.00173966023583819,-0.00201205499155726,0.00197747576241661,0.441024305928295,0.182699586162016,0.0777001611140804,-0.0859214298998268,0.294666735385363
344,0.00167705786055367,NA,0.444932010021647,-0.578472265997185,0.185906868267438,-0.26546065267154,-3.3903126131453,-0.00211935945624089,-0.00160827495264068,-0.000480008689111065,-0.0010903242191492,-0.00235592910800747,-0.585690406751382,-0.161483632155068,-0.0576748550429329,0.0228456036666103,-0.450796611630722
345,0.00191845737133919,NA,0.445750443770383,-0.578128936496924,0.183651347966067,-0.262295944622622,-3.38937118220747,0.000818433748735559,0.000343329500260914,-0.00225552030137117,0.00316470804891774,0.000941430937829254,0.42560016254356,0.0652851463200932,-0.0482333723539341,0.121342633860877,0.366642624953784
346,0.000884426111238679,NA,0.446620903305867,-0.577949905724815,0.186140899976796,-0.263661988818316,-3.38822095560591,0.00087045953548373,0.000179030772108905,0.00248955201072983,-0.00136604419569313,0.00115022660155421,0.0143687890385991,-0.0049363160314897,0.125181791190698,-0.126846383068369,0.0307048821923672
347,0.0018770996988933,NA,0.444918594511424,-0.579766542894966,0.187446905036299,-0.265437694426087,-3.38989084671332,-0.00170230879444246,-0.00181663717015093,0.00130600505950265,-0.0017757056077718,-0.00166989110740483,-0.387312506973103,-0.0647485364879685,-0.0283668839529128,-0.0142284267212744,-0.331203309542616
348,0.00151109042349984,NA,0.446043923671823,-0.576974681833362,0.184237046246731,-0.262272504387487,-3.38908865860109,0.00112532916039916,0.00279186106160436,-0.00320985878956763,0.0031651900386007,0.000802188112223361,0.425066834850441,0.150575793327334,-0.125133146866574,0.14894254036335,0.288728246573555
349,0.00151267988345183,NA,0.446083171358257,-0.577715847306815,0.184057125453954,-0.263682266910131,-3.38884450049297,3.92476864334973e-05,-0.000741165473452767,-0.000179920792777472,-0.001409762522644,0.000244158108128212,-0.159549410341242,-0.113497744109736,0.0786362124927109,-0.139237824896554,-0.0620002799678332
350,0.00215349703831436,-417.636419801644,0.445030007550375,-0.579509301852409,0.187054965748108,-0.265937091849301,-3.38976320554129,-0.00105316380788205,-0.0017934545455944,0.00299784029415372,-0.00225482493917019,-0.000918705048323534,-0.16507035752511,-0.0367330113704156,0.0913459257390059,-0.0297924736969435,-0.133318314965436
351,0.000992623157694883,NA,0.446466278823913,-0.577135384946638,0.186129389465029,-0.262790971653292,-3.38853761841696,0.00143627127353826,0.00237391690577074,-0.000925576283078294,0.00314612019600924,0.00122558712433104,0.366055074323413,0.137120305225835,-0.105418669704704,0.178443538061401,0.239065539062722
352,0.00154493304314676,NA,0.445570493300855,-0.578763381967847,0.184024872294259,-0.262373071322588,-3.38940811922191,-0.000895785523058435,-0.00162799702120878,-0.00210451717077037,0.000417900330703333,-0.000870500804957472,-0.3404394141171,-0.133306505176733,-0.0349448640690753,-0.0869501923261851,-0.229998207714743
353,0.00131210709385055,NA,0.445380926702906,-0.578874653380871,0.185879144132089,-0.265095701904837,-3.38962451322776,-0.000189566597949103,-0.000111271413023838,0.00185427183783046,-0.00272263058224876,-0.000216394005842103,0.0978788636984973,0.0489219746668823,0.107727738054564,-0.109689032115057,0.0672176611260511
354,0.00139516218186564,NA,0.446674890455905,-0.576721085532591,0.186540568236151,-0.264719353422848,-3.38844800737669,0.00129396375299954,0.00215356784827972,0.000661424104062027,0.00037634848198894,0.00117650585106722,0.213871394407761,0.0761373598834325,-0.0302539001495461,0.100028645988459,0.148534251707133
355,0.00125009435860099,NA,0.445088122560144,-0.579232785958258,0.184319710978805,-0.262959423158708,-3.38998005947108,-0.00158676789576151,-0.00251170042566663,-0.00222085725734672,0.00175993026413975,-0.00153205209438963,-0.411880489536998,-0.155783299078394,-0.0780469525807348,0.0475212016226578,-0.285606235479463
356,0.000651585619017681,NA,0.44589237833006,-0.57850254322635,0.185316774024786,-0.263132009191969,-3.38903156276792,0.000804255769916294,0.000730242731907477,0.000997063045981325,-0.000172586033260406,0.000948496703158697,0.342475898946759,0.107603178207683,0.0829101190902293,-0.0591374470104711,0.262311648384639
357,0.00155661967571236,NA,0.446324431532348,-0.577515826230367,0.187126425013118,-0.264880029804557,-3.38861802121796,0.000432053202287603,0.000986716995983459,0.00180965098833203,-0.00174802061258797,0.000413541549962558,-0.0484702013636706,0.0100468810160237,0.0228756124442953,-0.0498398333093064,-0.0524317817962583
358,0.00099751802770498,NA,0.444967796393967,-0.579113765742162,0.184708331046453,-0.264055906256857,-3.39003583690289,-0.0013566351383807,-0.0015979395117949,-0.00241809396666518,0.000824123547699251,-0.0014178156849309,-0.253918209409676,-0.0839708269495532,-0.109548592490682,0.0748249033222237,-0.192411342823107
359,0.00130647851076968,NA,0.446356675919303,-0.577226639596934,0.184263326826636,-0.262552235002574,-3.38863749832973,0.00138887952533585,0.00188712614522798,-0.000445004219816865,0.00150367125428358,0.00139833857315818,0.386204041546989,0.112423366545045,0.0481040734712224,0.0212389517173506,0.293207021968556
360,0.00142673642366734,-417.635988952035,0.445614855316172,-0.578540529251315,0.186996541761073,-0.26506445676825,-3.38926312213535,-0.000741820603130943,-0.00131388965438145,0.00273321493443701,-0.00251222176567572,-0.000625623805617838,-0.299821384146526,-0.102395569001601,0.0837879611026437,-0.116054749241812,-0.210260812423257
361,0.000799259209137815,NA,0.445489277075031,-0.578915506923595,0.185762185479704,-0.263989176680881,-3.38938877515368,-0.000125578241140799,-0.000374977672279402,-0.00123435628136864,0.00107528008736896,-0.000125653018330251,0.0824680989808257,0.0280598550261857,-0.0997242034372903,0.101809841339673,0.0493036390025736
362,0.00152751765879716,NA,0.446391168280962,-0.57723816775563,0.184149991199597,-0.262256077152189,-3.38865936961968,0.000901891205931549,0.00167733916796513,-0.00161219428010716,0.0017330995286914,0.000729405533997883,0.140486624786718,0.0636901074813068,-0.0115440724357541,0.0209567025422075,0.0857972452195099
363,0.00142500573917231,NA,0.444991556266105,-0.579061778322128,0.186224041491121,-0.265208600550159,-3.39008324612218,-0.00139961201485753,-0.00182361056649849,0.00207405029152396,-0.0029525233979695,-0.0014238765024944,-0.307038972664486,-0.105558944483164,0.0930803741994168,-0.138257973958389,-0.211232490414659
364,0.000781235713026351,NA,0.446517712907654,-0.577483214997721,0.185954217449742,-0.264266516254652,-3.38842486557817,0.00152615664154949,0.00157856332440744,-0.000269824041379075,0.000942084295506768,0.00165838054400225,0.399396104739935,0.102943646993481,-0.0567045896104901,0.113551583922344,0.309700392335799
365,0.00111685160421504,NA,0.445554412675276,-0.578808343600906,0.184527886149532,-0.262666743206771,-3.38943164967543,-0.000963300232378709,-0.00132512860318572,-0.00142633130021061,0.00159977304788058,-0.00100678409725854,-0.345281420095489,-0.0877857900150047,-0.0290911509637226,0.0216171332567683,-0.273587133960973
366,0.000664352328063972,NA,0.445430799235177,-0.578397105955618,0.18623415766547,-0.264006823751866,-3.38964460121381,-0.000123613440098416,0.000411237645288735,0.00170627151593813,-0.00134008054509415,-0.000212951538383102,0.111874179538063,0.0505701007114112,0.0741814636739946,-0.0845110110958558,0.0782605928861813
367,0.000851766724532577,NA,0.446581500351574,-0.577355574481556,0.185720976316657,-0.264635361535519,-3.38832986844274,0.00115070111639632,0.00104153147406208,-0.000513181348813017,-0.000628537783653444,0.00131473277107083,0.17504043455574,0.0190206714023589,-0.0504753973018524,0.0184256623469992,0.157025896783125
368,0.00146701685740358,NA,0.444933010231587,-0.57958326457186,0.184477760957391,-0.263610933674732,-3.3900065677521,-0.00164849011998607,-0.00222769009030483,-0.00124321535926568,0.00102442786078691,-0.00167669930935943,-0.381268140472457,-0.0926857717331586,-0.0174039143985283,0.0446873258397318,-0.307268607571132
369,0.00132777924225436,NA,0.446213507434875,-0.576788468472202,0.186471298086759,-0.262870302717301,-3.38892208399864,0.00128049720328794,0.00279479609965799,0.00199353712936791,0.000740630957430987,0.00108448375346433,0.40812804570578,0.147985094258729,0.0716567700465021,-0.00607512561145995,0.289355106701805
370,0.00156566549160564,-417.63597185792,0.445859302656029,-0.578938040989251,0.185394609070461,-0.265349260302592,-3.38884528729161,-0.000354204778845962,-0.00214957251704806,-0.00107668901629758,-0.00247895758529093,7.67967070342941e-05,-0.22695404084061,-0.154088633621541,-0.0660838878729919,-0.0831006872203943,-0.102751660620015
371,0.000782518522408099,NA,0.445286100757154,-0.578743974819421,0.184787286814998,-0.263318053851781,-3.3897165553899,-0.000573201898875505,0.000194066169829792,-0.00060732225546369,0.00203120645081149,-0.000871268098294438,-0.0333723460244073,0.072952174718921,0.00900592397101718,0.115674609446614,-0.0988660610801162
372,0.00143674546023598,NA,0.446424812625708,-0.576679502254221,0.186503344279983,-0.262767609049344,-3.38875597827727,0.00113871186855377,0.00206447256519991,0.00171605746498518,0.000550444802436261,0.000960577112633468,0.229909823019625,0.0610610845797055,0.0484695527802614,-0.0362795907449254,0.181596244033244
373,0.00189353057888514,NA,0.445195449450547,-0.579833071475717,0.184946721679554,-0.265677125389872,-3.38955276230588,-0.0012293631751604,-0.00315356922149673,-0.0015566226004286,-0.0029095163405273,-0.000796784028612049,-0.314026930823275,-0.172941120695214,-0.066177621533825,-0.0922991705465392,-0.1705989183165
374,0.000667979065587299,NA,0.446190619694379,-0.577858524444934,0.185232877753632,-0.263115615745399,-3.38882920526615,0.000995170243831861,0.00197454703078381,0.000286156074077566,0.00256150964447243,0.000723557039732133,0.295436410624461,0.177971309085478,0.0358540864908719,0.148375511344057,0.14484415203242
375,0.00113408823613834,NA,0.445736251671676,-0.577395632280128,0.186703893573544,-0.262817016245433,-3.38960862148497,-0.000454368022703573,0.000462892164805839,0.00147101581991229,0.000298599499966457,-0.000779416218828427,-0.188532140441566,-0.0516647656922942,0.0237111856904448,-0.0607538100894089,-0.140051570269861
376,0.0015747576544011,NA,0.445590518393114,-0.579511372910291,0.183995047683005,-0.265223805530462,-3.3890834228709,-0.000145733278561493,-0.00211574063016278,-0.00270884589053943,-0.00240678928502883,0.000525198614070415,0.0370711939012836,-0.0929058631982116,-0.0819681667962868,-0.0776399394908367,0.117038433700145
377,0.000722274094846848,NA,0.446222825414751,-0.577559639583072,0.186292079432253,-0.263816221164553,-3.38884681428537,0.000632307021636455,0.00195173332721858,0.00229703174924794,0.00140758436590845,0.000236608585536606,0.0957110154331531,0.143596162160975,0.10146632064334,0.104482077176726,-0.0232217564644088
378,0.00109123491418606,NA,0.44517295118945,-0.577938584539849,0.186038392017293,-0.262731816998798,-3.39014790987023,-0.00104987422530037,-0.000378944956777451,-0.000253687414959982,0.00108440416575554,-0.00130109558485944,-0.198984685084724,-0.0805140217607914,-0.051623945864776,-0.00704146259522531,-0.131970817847105
379,0.00168720561035321,NA,0.446589062655224,-0.57890426825469,0.183882599727053,-0.264623232514647,-3.38796270722336,0.00141611146577364,-0.000965683714840479,-0.00215579229024008,-0.00189141551584927,0.00218520264686547,0.291987013270045,-0.021299726995494,-0.0406176434353256,-0.0803615705535776,0.311563012473925
380,0.00166690444649259,-417.636251931451,0.444940726684476,-0.578287637686893,0.187236709783898,-0.264487304643368,-3.38997504692488,-0.00164833597074746,0.000616630567796895,0.00335411005684581,0.000135927871279068,-0.00201233970151421,-0.377350519329411,0.0513003215019125,0.120751537338037,0.0513155617909433,-0.4147088998252
381,0.0017140654688893,NA,0.446098206244317,-0.57692188517779,0.185248115023502,-0.262069529342097,-3.38902024004565,0.00115747955984055,0.00136575250910273,-0.00198859476039661,0.00241777530127058,0.000954806879222349,0.35598703505002,0.0251333392498054,-0.123508638694148,0.060723876913471,0.315553460836782
382,0.00162742167657126,NA,0.445785969120581,-0.579743669391028,0.184044221445899,-0.265100884294519,-3.38877116302292,-0.000312237123736235,-0.00282178421323774,-0.00120389357760262,-0.0030313549524216,0.000249077022728843,-0.185287544809398,-0.134243106231224,0.0167839584719331,-0.14714688290951,-0.0731132183773298
383,0.0015176831004772,NA,0.445525451895125,-0.577861003985332,0.187087488437883,-0.264484741931736,-3.38965549394417,-0.000260517225456102,0.00188266540569611,0.00304326699198385,0.000616142362782707,-0.00088433092124758,0.00453420227586321,0.152487399418533,0.105990767451658,0.0989799099215816,-0.12073419668468
384,0.00165338795763009,NA,0.446378142732621,-0.577005681781556,0.185535911484886,-0.262130206853356,-3.38901028178965,0.00085269083749688,0.000855322203775878,-0.00155157695299737,0.00235453507837961,0.000645212154517577,0.13412842974958,-0.0313738104296135,-0.113819730813702,0.0514043000521269,0.15404027749355
385,0.00218207787938951,NA,0.445084561570412,-0.580298325593846,0.184075677312859,-0.264712668176944,-3.38958274263117,-0.00129358116220911,-0.00329264381229033,-0.00146023417202683,-0.00258246132358797,-0.000572460841519049,-0.25272690663769,-0.143547979405412,0.000305080902762711,-0.141759883831583,-0.119460315204378
386,0.00104191673227469,NA,0.446622207641899,-0.577556595509375,0.18661172206968,-0.264484399764988,-3.38848839327888,0.00153764607148663,0.00274173008447099,0.00253604475682172,0.000228268411956221,0.00109434935229091,0.340209464866348,0.217661568626681,0.102579080589749,0.0795419339283399,0.1617197045789
387,0.00110406571791577,NA,0.445305179540199,-0.577351812977584,0.186239756354979,-0.262856385211499,-3.39016074067396,-0.0013170281016999,0.000204782531791489,-0.000371965714701684,0.00162801455348878,-0.00167234739507353,-0.353979634155621,-0.0926460762684655,-0.0714488385256118,0.0417318813106249,-0.272410259753997
388,0.00200528573369257,NA,0.445877961725063,-0.579071833232128,0.183564519603713,-0.26405576969091,-3.38886842968794,0.000572782184864387,-0.00172002025454364,-0.00267523675126557,-0.00119938447941096,0.0012923109860127,0.234622823995778,-0.0739657832582452,-0.0608836950277691,-0.0782583543923465,0.298025213396613
389,0.000997223933996427,NA,0.446071467436077,-0.578322669726623,0.186091025772203,-0.264780818744983,-3.38871371878231,0.000193505711013652,0.00074916350550472,0.00252650616849029,-0.000725049054072546,0.000154710905631927,-0.0439078161207362,0.0883266295659269,0.134965457618819,0.0114123992034365,-0.110958429218044
390,0.00158056220088806,-417.636207858496,0.445098216574852,-0.577586977638754,0.187150367538294,-0.262825007142507,-3.39000227657028,-0.000973250861224894,0.000735692087869024,0.00105934176609035,0.00195581160247638,-0.00128855778796984,-0.1400324771339,0.000897858285497932,-0.0359497607860249,0.0715955087571274,-0.146758442838291
391,0.00149955301130503,NA,0.44646737315255,-0.578521179423758,0.184070252326101,-0.263586803549525,-3.38826708248208,0.00136915657769732,-0.000934201785003851,-0.0030801152121931,-0.000761796407018484,0.00173519408819932,0.274814386216349,-0.0561394710985041,-0.114175481940038,-0.0686834829366489,0.307575764395551
392,0.0015575175283033,NA,0.445135507275393,-0.579094353906493,0.185053688626268,-0.26534111233929,-3.38958727511514,-0.00133186587715681,-0.000573174482735412,0.000983436300167297,-0.00175430878976473,-0.00132019263305669,-0.321228850452826,0.0102708821714259,0.108237322251625,-0.0266400871851147,-0.321657303175016
393,0.00202952423853242,NA,0.446121301415228,-0.576086723475924,0.18677325867568,-0.262567255950244,-3.38929101959885,0.000985794139835146,0.00300763043056866,0.0017195700494117,0.00277385638904592,0.000296255516290251,0.279407586845082,0.117868813731548,0.0221332783212347,0.116344220941755,0.169948627330996
394,0.00112825490397062,NA,0.44562226747485,-0.579244502618427,0.184940553938278,-0.264118538255441,-3.38902234823778,-0.000499033940378139,-0.00315777914250308,-0.00183270473740129,-0.00155128230519731,0.00026867136106857,-0.176572223153926,-0.214035430872173,-0.0954629808802565,-0.112352705059493,-0.00131986780615989
395,0.00149143906938787,NA,0.445651822384298,-0.579607686783845,0.184962638015025,-0.264509630445415,-3.38900224117245,2.95549094478539e-05,-0.000363184165417201,2.20840767466084e-05,-0.000391092189973568,2.010706532674e-05,0.0597374207700341,0.0969406323747535,0.047491202508354,0.029130919756426,-0.0237429270555367
396,0.00148898699287103,NA,0.446287871173533,-0.576627260721586,0.186791717348036,-0.262554991202235,-3.38936867044869,0.000636048789235276,0.00298042606225891,0.00182907933301144,0.00195463924317927,-0.000366429276233651,0.0690441487449789,0.128373758343514,0.0479361506222631,0.0615728311004204,-0.0370785102177251
397,0.000985194126411792,NA,0.44524989854534,-0.578474690470304,0.185054707371091,-0.264768788937398,-3.38989605721834,-0.00103797262819283,-0.00184742974871859,-0.00173700997694581,-0.00221379773516283,-0.000527386769648837,-0.180652958192695,-0.180921869059603,-0.0903384380990246,-0.108104235323481,-0.0164235115107658
398,0.00153699969339066,NA,0.446689250940744,-0.578821373287386,0.184032805644015,-0.26439137517671,-3.38798203416321,0.00143935239540391,-0.000346682817081433,-0.00102190172707557,0.000377413760688727,0.00191402305512871,0.268023318312771,0.0552138970988381,0.0159112869368983,0.0654242188602439,0.222220853629551
399,0.00174737779301448,NA,0.444640611686011,-0.578216571511977,0.18731718313042,-0.262730823287749,-3.39034806639192,-0.00204863925473309,0.000604801775408573,0.00328437748640515,0.00166055188896023,-0.00236603222871442,-0.404804761160449,0.0353695645571861,0.112117325556937,0.0339728154585828,-0.424005629042767
400,0.000710178416530205,-417.636002309029,0.44638462186697,-0.577406069297927,0.185851535563902,-0.263743285915879,-3.38865370646693,0.00174401018095942,0.000810502214050567,-0.0014656475665178,-0.00101246262813016,0.00169435992498609,0.477530714988461,0.00853133030886966,-0.121705505762293,-0.0648053918439473,0.452646305006965
