"rec","step_dens_0","step_conn_0","step_conn_agri","step_conn_wtr","step_g0_1","grad_dens_0","grad_conn_0","grad_conn_agri","grad_conn_wtr","grad_g0_1","ratio_dens_0","ratio_conn_0","ratio_conn_agri","ratio_conn_wtr","ratio_g0_1"
1,0.0199999999959654,0.0299999999757663,0.029999999977039,-0.0299999999474123,0.0199999999988846,49.5708572543663,12.3794527860355,13.0656375768012,-5.7047523307574,179.313282206977,0.999999999798268,0.99999999919221,0.999999999234634,0.999999998247076,0.999999999944232
2,0.0199746939775187,0.0299913284231295,0.0290394253271735,-0.0299829570898337,0.0199901821276704,47.5966697547392,15.4361386944402,8.53384700462811,-5.5923617787812,176.222905625991,0.998734698875937,0.99971094743765,0.967980844239117,0.999431902994456,0.999509106383521
3,0.0199297948389149,0.0300305756031442,0.026640163069229,-0.0299527463487992,0.0199733993861826,45.5674455656663,18.3287332549753,4.17451696762328,-5.47407133581146,173.090983748807,0.996489741945746,1.00101918677147,0.888005435640967,0.998424878293307,0.998669969309129
4,0.0198623160664799,0.0301266569488692,0.0223482416441752,-0.0299264973313642,0.0199496477786123,43.4565857199232,20.7610178267714,0.496792084732078,-5.42128618008064,169.974871892009,0.993115803323996,1.00422189829564,0.744941388139175,0.997549911045472,0.997482388930616
5,0.0197678443123853,0.0302668762932749,0.016859281437998,-0.0298822872474775,0.0199193102320816,41.2208085401744,22.4251325983005,-1.88792945550631,-5.30980287066996,166.950415645033,0.988392215619266,1.0088958764425,0.561976047933267,0.996076241582583,0.99596551160408
6,0.0196404340620264,0.030416799122622,0.012006374052112,-0.0298362695701092,0.0198829883470944,38.821071706252,22.9982478253987,-2.47272644855911,-5.24371833080295,164.066243804655,0.982021703101322,1.0138933040874,0.400212468403733,0.99454231900364,0.994149417354721
7,0.0194734109231122,0.0305286738673049,0.00913297745998246,-0.0297996701809981,0.0198410619360721,36.25293520372,22.6375388274391,-1.42401124662683,-5.22184095189004,161.298854915231,0.973670546155612,1.0176224622435,0.304432581999415,0.993322339366605,0.992053096803607
8,0.0192603246980459,0.0305668274307779,0.00867540487478598,-0.0297712596466688,0.0197934142546075,33.5469794003984,21.6972535145032,0.699731862141562,-5.2103575012552,158.573718141497,0.963016234902296,1.0188942476926,0.289180162492866,0.992375321555627,0.989670712730373
9,0.0189956584602953,0.0305276450846165,0.0101788702298313,-0.0297456829424204,0.0197394134928427,30.7542469397504,20.6640375256484,2.9675264420348,-5.19195576316633,155.805029148723,0.949782923014765,1.01758816948722,0.339295674327711,0.991522764747347,0.986970674642134
10,0.0186750071506762,0.0304367301205524,0.0126512377754342,-0.029727248512908,0.0196781070916881,27.9263378251926,19.8804551587273,4.66091377461453,-5.1913819265792,152.930526472801,0.93375035753381,1.01455767068508,0.421707925847806,0.990908283763599,0.983905354584406
11,0.0182946968106481,0.0303398891203407,0.0151427160735964,-0.0296955204269268,0.0196085023397661,25.0997722298507,19.5866747048967,5.43698549790861,-5.13460278853017,149.927559388061,0.914734840532404,1.01132963734469,0.504757202453212,0.989850680897561,0.980425116988307
12,0.0178511802482888,0.0302758483844123,0.0170604284831841,-0.0296473586462891,0.0195297874156745,22.2920284068095,19.7569836927869,5.19705012720806,-5.06295425111603,146.807414778323,0.892559012414442,1.00919494614708,0.56868094943947,0.988245288209636,0.976489370783723
13,0.0173405143538814,0.0302679887017808,0.0181158403239698,-0.0295923566879485,0.0194414395874157,19.5055933420463,20.2908558662784,4.13647687764751,-5.01264655781597,143.600596195483,0.86702571769407,1.00893295672603,0.603861344132328,0.986411889598284,0.972071979370787
14,0.0167579315621726,0.0303165859531772,0.0181050867256573,-0.0295322730744657,0.0193432579003541,16.7321572621404,20.9712638775272,2.52235829862002,-4.96600855854012,140.34571614161,0.83789657810863,1.01055286510591,0.603502890855242,0.984409102482189,0.967162895017707
15,0.016097269322915,0.0304091703607198,0.016994569539221,-0.0294661477025718,0.0192353832066225,13.9522024824146,21.6406815536629,0.836208947703199,-4.91632588477842,137.085978949472,0.804863466145749,1.01363901202399,0.566485651307367,0.982204923419061,0.961769160331127
16,0.0153505316173139,0.0305229450958515,0.0150762514382494,-0.029380418004497,0.0191182801506616,11.1388868197082,22.1296297434037,-0.427233944719774,-4.82982752714634,133.863608850788,0.767526580865696,1.01743150319505,0.502541714608313,0.979347266816567,0.955914007533078
17,0.0145082154503499,0.030625142792568,0.0128930612742489,-0.0292830343550774,0.0189926401904715,8.27032308620801,22.2492966702248,-1.01282457990237,-4.75889143558561,130.710474880971,0.725410772517495,1.0208380930856,0.42976870914163,0.976101145169248,0.949632009523576
18,0.0135606760764235,0.0306791993591446,0.0111575143555736,-0.0291846831650551,0.0188592318718246,5.34276084408702,21.8917556765064,-0.711626889824402,-4.71292464453654,127.641967474119,0.678033803821174,1.02263997863815,0.371917145185788,0.972822772168503,0.942961593591228
19,0.0125006420568246,0.0306659740289493,0.0103580687096832,-0.0290951936337927,0.018718730074472,2.38217385799544,21.2300147177302,0.283591247125514,-4.6926814127346,124.654573378393,0.62503210284123,1.02219913429831,0.34526895698944,0.969839787793091,0.935936503723599
20,0.0113257840065563,0.0305800444999253,0.0106025845866817,-0.0290070157508005,0.018571636978272,-0.560250117587202,20.4207762294573,1.56147812617746,-4.65786886479691,121.734998518832,0.566289200327817,1.01933481666418,0.353419486222724,0.966900525026682,0.9285818489136
21,0.0100403868864016,0.0304320560146729,0.0116388418863595,-0.0289270014187891,0.0184183171996421,-3.42204657499678,19.6469030629487,2.67450468413699,-4.64111878955009,118.871663582922,0.50201934432008,1.01440186715576,0.387961396211982,0.964233380626304,0.920915859982105
22,0.00865552682620017,0.0302499437912955,0.0129834198070326,-0.0288500992665466,0.0182591106389754,-6.14600089988926,19.0984886626211,3.26030140627154,-4.61555431570559,116.062684890039,0.432776341310008,1.00833145970985,0.432780660234422,0.961669975551553,0.91295553194877
23,0.0071876757245593,0.0300658648897182,0.014152399667655,-0.0287571495206109,0.0180944680231329,-8.69376942318922,18.8385124999968,3.19655776138461,-4.54654718737402,113.318532135054,0.359383786227965,1.00219549632394,0.4717466555885,0.95857165068703,0.904723401156644
24,0.00565645333344006,0.0299013434297725,0.0147457352742591,-0.0286650170310964,0.0179250497400448,-11.0501844892497,18.7904727079058,2.50977859082013,-4.51315128088936,110.659041901044,0.282822666672003,0.996711447659082,0.491524509141971,0.955500567703215,0.896252487002241
25,0.00408215052228234,0.029771124845818,0.0145745027377328,-0.0285625550917652,0.0177517862894327,-13.2223921082186,18.9091388244833,1.49962741829768,-4.45530568640606,108.110119311959,0.204107526114117,0.992370828193932,0.485816757924428,0.952085169725508,0.887589314471637
26,0.00248394243433715,0.0296676613964393,0.01365234196127,-0.0284521311582609,0.0175758909470649,-15.2312123407228,18.9969484154062,0.475712367915548,-4.400990543445,105.699562925565,0.124197121716857,0.988922046547975,0.455078065375668,0.948404371942029,0.878794547353243
27,0.000879099324670308,0.0295713122533492,0.012304851212793,-0.0283340308908295,0.0173988321014411,-17.1006980724542,18.9310419830235,-0.165325699299501,-4.34615536050842,103.453535651852,0.0439549662335154,0.985710408444972,0.410161707093101,0.944467696360983,0.869941605072056
28,-0.000716395185342231,0.0294551621200062,0.0109568195127997,-0.0282049789095089,0.0172222233707175,-18.8424035525259,18.6249414230133,-0.310464719177617,-4.28318052286158,101.389514678658,0.0358197592671115,0.981838737333541,0.365227317093322,0.940165963650295,0.861111168535873
29,-0.002286880452298,0.0292924619982222,0.0100224154726818,-0.0280791593668725,0.0170476764851413,-20.4500856682444,18.0603630008136,0.0477034916457342,-4.24883506752849,99.5129413888662,0.1143440226149,0.976415399940739,0.33408051575606,0.935971978895749,0.852383824257065
30,-0.00381632492959493,0.0290702479058443,0.00976100667564744,-0.0279604249578648,0.0168766434197737,-21.9005603446476,17.3460429448369,0.76159569630363,-4.22396066596775,97.8160182523879,0.190816246479746,0.969008263528144,0.325366889188248,0.932014165262158,0.843832170988683
31,-0.00528843865863282,0.0287938607127855,0.0101830595117652,-0.0278465232674745,0.0167102976330445,-23.1618426391833,16.6370567126251,1.56173949221738,-4.19645724377915,96.2805103324627,0.264421932931641,0.959795357092849,0.339435317058841,0.928217442249149,0.835514881652225
32,-0.00668768047363234,0.0284783920737795,0.0111153743039339,-0.0277286532184288,0.016549491101363,-24.2055144315145,16.0211959723711,2.23279353008365,-4.1523048810177,94.8835252449953,0.334384023681617,0.949279735792651,0.370512476797796,0.924288440614295,0.827474555068151
33,-0.00800057714497769,0.0281535844734377,0.0123234170564455,-0.0276076585491549,0.0163947701231476,-25.0154591503815,15.6272216179332,2.68270794322234,-4.10955024221948,93.6020914821256,0.400028857248884,0.938452815781258,0.410780568548183,0.920255284971829,0.819738506157381
34,-0.00921674276764693,0.0278525661749803,0.013716353866723,-0.0274813342255184,0.016246416552909,-25.59044091754,15.4985503104399,3.06608112055073,-4.06220240620314,92.4152577340465,0.460837138382346,0.928418872499343,0.457211795557432,0.916044474183947,0.812320827645449
35,-0.0103289815552035,0.0276083164222769,0.0153706364215422,-0.0273359997473163,0.0161044416637889,-25.9370938931625,15.6543433001843,3.59990196443505,-3.98711288084996,91.3006409291484,0.516449077760175,0.920277214075897,0.51235454738474,0.911199991577211,0.805222083189443
36,-0.0113326703204597,0.0274553028868761,0.0175286349040605,-0.0271626407354285,0.0159685181293201,-26.062131865956,16.1312369232292,4.57496182093564,-3.89139191156573,90.229720761954,0.566633516022987,0.915176762895872,0.58428783013535,0.905421357847615,0.798425906466003
37,-0.0122246905944147,0.0274307267811508,0.0202228286635975,-0.0269629159490779,0.0158378430773165,-25.9654098101691,16.9849112569409,5.86491752528673,-3.79450320338037,89.1624245116418,0.611234529720733,0.914357559371695,0.674094288786585,0.898763864969264,0.791892153865826
38,-0.0130030514667729,0.027553898752524,0.0228008109033086,-0.0267245285835315,0.0157111290636625,-25.6485634599812,18.119162155017,6.36575239809645,-3.67053565696551,88.0561336805386,0.650152573338643,0.918463291750799,0.760027030110287,0.890817619451051,0.785556453183123
39,-0.0136681831689241,0.0278425338025767,0.0238442771279315,-0.0264167141466192,0.0155870153408065,-25.1402227752351,19.5620024146592,4.32347221817508,-3.48418060639233,86.8965580104941,0.683409158446207,0.928084460085891,0.794809237597715,0.880557138220639,0.779350767040326
40,-0.0142257538275049,0.0282901523855499,0.0210179815358019,-0.0260679223006819,0.0154649557062719,-24.5215144025224,21.1609695350035,-0.83554555203591,-3.3404615840027,85.7339060803497,0.711287691375243,0.943005079518329,0.70059938452673,0.868930743356062,0.773247785313594
41,-0.0146911554998457,0.0287957079297785,0.013290807267654,-0.0257395824854261,0.015346757167091,-23.9541675250621,22.1102845512178,-6.57133298318513,-3.30188749899207,84.7328067845865,0.734557774992285,0.959856930992617,0.4430269089218,0.857986082847537,0.767337858354549
42,-0.0150899529594078,0.0292296473127325,0.0041170447714627,-0.0253739140962507,0.0152374208799658,-23.622812833537,22.017595347279,-9.69178062291576,-3.16529136284771,84.1285944682113,0.754497647970389,0.974321577091082,0.137234825715423,0.84579713654169,0.761871043998291
43,-0.0154475887970157,0.0293714508429487,-0.00231086410089634,-0.025046334175846,0.0151428075890175,-23.5709211540325,19.9685928475901,-8.2864846854136,-3.15582399366576,84.0078054488913,0.772379439850783,0.979048361431624,0.0770288033632113,0.834877805861532,0.757140379450876
44,-0.0157791915293634,0.0291604027645409,-0.0047798913465355,-0.0248088878239218,0.015066516325465,-23.6861135590516,17.2138610412276,-3.79270262442333,-3.24308102790383,84.2439980772269,0.788959576468168,0.972013425484698,0.159329711551183,0.826962927464059,0.75332581627325
45,-0.016088439001401,0.0285705921782996,-0.00309720194018518,-0.0246598395343551,0.0150090220915845,-23.8203972628526,14.0896783670996,1.73122944829629,-3.34241592781837,84.6399387137353,0.80442195007005,0.952353072609985,0.103240064672839,0.821994651145171,0.750451104579223
46,-0.016369180772413,0.0276468729963925,0.00172836935174278,-0.0245855452989337,0.0149677373242045,-23.8298456679331,11.1722925987578,6.33097825243567,-3.43329941188131,84.9863250152794,0.818459038620648,0.921562433213082,0.0576123117247594,0.819518176631123,0.748386866210225
47,-0.0166095544692687,0.0265317710464285,0.00736002669352152,-0.0245495050887986,0.0149379461855732,-23.6163058696093,9.16322506668621,8.55410768622278,-3.4743530011383,85.1213261501016,0.830477723463434,0.884392368214283,0.245334223117384,0.818316836293287,0.746897309278657
48,-0.0167982434249728,0.0253863398155029,0.0118066288028542,-0.0245088471335472,0.0149145371698136,-23.1687250163759,8.19858038084931,8.00067880163624,-3.44880264606218,84.9895805106371,0.839912171248639,0.846211327183432,0.393554293428472,0.816961571118239,0.745726858490679
49,-0.0169288074263964,0.0243513326324931,0.0140769114626685,-0.0244483835148429,0.0148933793729939,-22.5445966668758,8.17839987007574,5.25876334904751,-3.39704360953874,84.6269582689274,0.846440371319822,0.81171108774977,0.46923038208895,0.814946117161431,0.744668968649694
50,-0.0170010778213982,0.0234826737624738,0.0137628312420935,-0.0243485523558781,0.0148720347355403,-21.8308397029432,8.59503691117425,1.46566724311015,-3.30965427224328,84.1227662749588,0.850053891069909,0.782755792082459,0.458761041403118,0.811618411862604,0.743601736777016
51,-0.0170209234091682,0.0227763701826321,0.0111743886099888,-0.0242398388692064,0.0148501457893995,-21.1192375331848,9.08053516809559,-1.93564154869819,-3.26716267295524,83.6013100592936,0.851046170458412,0.759212339421071,0.372479620332959,0.807994628973548,0.742507289469974
52,-0.0169984632509519,0.0221657978029268,0.00769586246740711,-0.0241011241977082,0.0148292762755298,-20.4818190229616,9.22312645911916,-3.52975769146724,-3.1888773855826,83.1872609194306,0.849923162547595,0.738859926764225,0.25652874891357,0.803370806590273,0.741463813776489
53,-0.0169444696740102,0.02155738332471,0.00460593203197429,-0.023965980814908,0.0148117397991043,-19.942404773019,8.81665899214568,-3.44512250308071,-3.16119816943683,82.9383409916318,0.847223483700508,0.718579444157,0.153531067732476,0.7988660271636,0.740586989955216
54,-0.0168676717170647,0.0208724853254235,0.00254264723267244,-0.0238538032432729,0.0147994195577112,-19.486177059207,7.91903384765646,-2.3791997364242,-3.16575438091604,82.8391797335826,0.843383585853233,0.695749510847449,0.0847549077557479,0.795126774775765,0.739970977885562
55,-0.0167737907480534,0.0200765078378188,0.00157348855988805,-0.0237657458380688,0.014793169420142,-19.0819310796542,6.78123702641642,-1.063368015366,-3.1758913212343,82.8333264848879,0.838689537402672,0.669216927927295,0.052449618662935,0.792191527935626,0.7396584710071
56,-0.0166658360231918,0.0191734827225958,0.00164914359674465,-0.0237179451544014,0.0147927783424784,-18.6990655174668,5.632536349367,0.316158137820821,-3.21578606303774,82.8566050404334,0.833291801159589,0.639116090753195,0.0549714532248218,0.790598171813381,0.739638917123918
57,-0.0165446084934636,0.0181863146206884,0.00263056099476475,-0.0236706934120598,0.0147970664319179,-18.3109533600145,4.5897381062332,1.61652124234024,-3.19869399390882,82.8453429483034,0.827230424673179,0.606210487356279,0.0876853664921582,0.789023113735326,0.739853321595896
58,-0.016409308402867,0.0171451680159385,0.00418623760939803,-0.0236316846344206,0.0148040691359966,-17.8970034369286,3.7034678564396,2.55745147683228,-3.19407891993251,82.7424714009339,0.820465420143351,0.571505600531282,0.139541253646601,0.787722821147353,0.740203456799832
59,-0.0162583878002928,0.0161397064001471,0.00618405306516357,-0.0235845150366035,0.0148113913346295,-17.4466773353288,3.32987653791861,3.39656745040884,-3.16503324029327,82.5092787647463,0.812919390014638,0.537990213338235,0.206135102172119,0.786150501220117,0.740569566731477
60,-0.0160900341201746,0.0152035773096918,0.00846754836122493,-0.0235216359390964,0.0148163735203039,-16.9553463922512,3.17569870048828,4.09306416258914,-3.12315281803421,82.1154124753321,0.804501706008728,0.506785910323061,0.282251612040831,0.784054531303212,0.740818676015196
61,-0.0159025534977379,0.014410079913071,0.0113284492747736,-0.0234237580389974,0.0148162580010236,-16.4233939995029,3.47959111763885,5.31309487996623,-3.04922376585637,81.5398123427258,0.795127674886895,0.480335997102367,0.377614975825785,0.780791934633248,0.740812900051178
62,-0.0156940586415268,0.0138027412080861,0.0152627061469448,-0.0233170662828609,0.0148079117889676,-15.8473480644261,4.10097893450256,7.57696206619585,-3.01089639947349,80.7440074459009,0.784702932076339,0.46009137360287,0.508756871564827,0.777235542762031,0.740395589448379
63,-0.0154619026142401,0.0134144139613284,0.020244764638999,-0.0231877718676758,0.014787269978791,-15.2163556299456,4.99792501045704,10.5578439456622,-2.95043909659398,79.6537027497379,0.773095130712007,0.447147132044279,0.674825487966635,0.772925728922527,0.739363498939549
64,-0.0152030258083666,0.0133622492373685,0.0245999164636517,-0.0229888979338459,0.0147491387232513,-14.5236407786342,6.66469936390968,11.0408397404171,-2.81590027839229,78.1787954554147,0.760151290418328,0.445408307912283,0.819997215455056,0.766296597794864,0.737456936162563
65,-0.0149166637702552,0.0137953808288661,0.0251414196219557,-0.022705649641891,0.0146889262530805,-13.7968807678135,9.35605598215261,4.68958426608879,-2.65046538402203,76.3309093952103,0.745833188512759,0.459846027628869,0.838047320731857,0.756854988063035,0.734446312654026
66,-0.0146085013838184,0.0147353587511466,0.0187978106406048,-0.0223405036380727,0.0146067739909703,-13.1179186689678,12.464072755165,-5.84730870741623,-2.47864795937858,74.3761844125856,0.730425069190922,0.49117862503822,0.626593688020159,0.744683454602423,0.730338699548514
67,-0.0142940778366418,0.0159803643385406,0.00736985231474372,-0.0219206121453665,0.0145113880216988,-12.6155791258498,14.7451406849086,-14.2627257787353,-2.33726332908191,72.8326478520103,0.714703891832091,0.532678811284688,0.245661743824791,0.730687071512217,0.725569401084941
68,-0.0139951720031007,0.0171567059680195,-0.00318018330147482,-0.0215165680636853,0.0144172637821884,-12.3811973674037,15.0471214612935,-16.7254124562533,-2.29223209089469,72.0902379498511,0.699758600155033,0.571890198933982,0.106006110049161,0.717218935456175,0.720863189109418
69,-0.0137298717642975,0.0179513309901641,-0.0100755551392469,-0.0211837217865757,0.014336824931325,-12.3894479440878,13.4633848904286,-13.6234580259043,-2.32944477147612,72.0987534396045,0.686493588214876,0.598377699672138,0.335851837974895,0.706124059552524,0.716841246566249
70,-0.0135078882742431,0.0181777830930013,-0.0128137746023066,-0.0209518857702981,0.0142770236727725,-12.5551589280803,10.5836518810065,-7.07610933318392,-2.41890931192756,72.5981975449486,0.675394413712157,0.605926103100043,0.427125820076888,0.698396192343269,0.713851183638623
71,-0.0133303359302181,0.0178146227209965,-0.0113454021690576,-0.0208263964264433,0.0142390192594215,-12.7832685450358,7.3262123510176,0.50202093120788,-2.52951292168291,73.2837381087847,0.666516796510906,0.593820757366551,0.378180072301919,0.694213214214775,0.711950962971076
72,-0.0131909599679575,0.0169697702307504,-0.00656539038610195,-0.0207784871267942,0.0142185623382812,-12.9855982993377,4.44142498963629,6.72244100314856,-2.61345481249009,73.8444143178185,0.659547998397876,0.56565900769168,0.218846346203398,0.692616237559806,0.71092811691406
73,-0.0130787647159983,0.0158369685079564,-0.000368811063910953,-0.0207803595611085,0.0142076622811777,-13.098518913921,2.43397841700244,10.3006671611183,-2.66841869347445,74.0392468344453,0.653938235799916,0.527898950265214,0.0122937021303651,0.692678652036949,0.710383114058886
74,-0.0129815840857394,0.014629161022325,0.00556570097847352,-0.0207948526437766,0.0141973240495473,-13.0966143899514,1.45938303035109,11.3846598947021,-2.67751710794073,73.767671275391,0.649079204286969,0.487638700744165,0.185523365949117,0.693161754792554,0.709866202477366
75,-0.0128887813282543,0.0135361474375059,0.0101911280525819,-0.020789179658162,0.0141796477086762,-12.985647961159,1.46381839954302,10.3074131311587,-2.64216720552213,73.046286272529,0.644439066412716,0.451204914583531,0.339704268419397,0.692972655272067,0.70898238543381
76,-0.0127926563001021,0.0127101984858799,0.0128067086214217,-0.0207390485446919,0.0141489748690113,-12.7897013271649,2.32212209652971,7.21585074643372,-2.5702716413889,71.964042296031,0.639632815005107,0.423673282862663,0.426890287380722,0.691301618156397,0.707448743450564
77,-0.0126891665301797,0.0122355720969261,0.0129005997643391,-0.0206323649328258,0.0141026454470608,-12.5442454987024,3.74304102820133,2.56688616445899,-2.47604861101536,70.6648259711073,0.634458326508986,0.407852403230869,0.430019992144636,0.68774549776086,0.705132272353042
78,-0.0125783639190346,0.0121099238323791,0.0103890135342432,-0.0204736682536689,0.0140415333836957,-12.2932657257024,5.3134300299007,-2.50157753384883,-2.38126631188607,69.3374617617337,0.628918195951731,0.403664127745971,0.346300451141441,0.682455608455631,0.702076669184785
79,-0.012464322632886,0.0122323552967516,0.0059743300071213,-0.0202805017028743,0.0139699371457146,-12.0835492509741,6.51994609825124,-6.55177172802723,-2.30442174483869,68.1806944737673,0.623216131644297,0.407745176558388,0.19914433357071,0.676016723429145,0.698496857285731
80,-0.0123538938599249,0.0124363851864266,0.000989042992352861,-0.0200727181302648,0.0138943620886875,-11.9510111608179,6.97490697916692,-8.54257935657188,-2.25070984470221,67.3399589095425,0.617694692996244,0.414546172880888,0.0329680997450954,0.669090604342159,0.694718104434377
81,-0.0122543282316856,0.0125472606679312,-0.00324133888844114,-0.0198876111750839,0.0138215407291637,-11.9067141770302,6.56053236184562,-8.15339689552275,-2.24599644752743,66.8596440209512,0.612716411584279,0.418242022264374,0.108044629614705,0.662920372502797,0.691077036458186
82,-0.0121708595568978,0.0124231564435233,-0.00586008072332894,-0.0197407583577409,0.013756629165673,-11.9345122959658,5.37577186946692,-5.8123875351157,-2.2652858785932,66.6846701096802,0.608542977844891,0.414105214784109,0.195336024110965,0.658025278591365,0.687831458283648
83,-0.0121052801423306,0.0119985456997631,-0.00649783090715882,-0.0196434473075953,0.0137021665350462,-12.0002757012116,3.76184792571621,-2.34971305303588,-2.3046291994433,66.6950483378059,0.605264007116528,0.399951523325435,0.216594363571961,0.654781576919843,0.685108326752308
84,-0.0120557006435959,0.0112869776120814,-0.00525634279028669,-0.0195956570122973,0.0136577706416358,-12.0640164823271,2.10045684184479,1.22407396247581,-2.35024266089567,66.741855445116,0.602785032179794,0.376232587069378,0.17521142634289,0.653188567076577,0.682888532081789
85,-0.0120172637633237,0.0103704368328904,-0.00267705170990204,-0.0195808007260555,0.0136205128055788,-12.0903845731846,0.739641667450996,4.02850355726514,-2.38003506183304,66.6831109742816,0.600863188166187,0.345681227763012,0.0892350569967347,0.652693357535183,0.681025640278938
86,-0.0119834579008571,0.0093700348164262,0.000434273155664649,-0.0195771816159273,0.0135858830545452,-12.0560312927864,-0.100056541896265,5.53631635739293,-2.38521173173467,66.4177832368296,0.599172895042853,0.312334493880873,0.0144757718554883,0.652572720530911,0.679294152727261
87,-0.0119475861524008,0.00841717094864642,0.00327409983188662,-0.0195713163266397,0.0135490390153593,-11.9525412048915,-0.326222436797252,5.60771373329771,-2.37404523659279,65.9057018083331,0.597379307620041,0.280572364954881,0.109136661062887,0.652377210887991,0.677451950767966
88,-0.0119040220053009,0.00762526899145409,0.0052255324495739,-0.0195437547042837,0.0135059427440149,-11.7853799611112,0.0220885488033673,4.40660666981785,-2.33709354233724,65.167140360245,0.595201100265044,0.25417563304847,0.174184414985797,0.65145849014279,0.675297137200747
89,-0.0118490867993191,0.00706176147536922,0.00589676293837771,-0.0194835469754402,0.0134541536850574,-11.5707880468108,0.765509591929003,2.25899349629799,-2.28328134653566,64.2691998439204,0.592454339965953,0.235392049178974,0.19655876461259,0.649451565848008,0.672707684252869
90,-0.0117815530794502,0.00674581289992961,0.0051922460556723,-0.0193873772351371,0.0133932512251274,-11.3323540210786,1.697170226862,-0.279839846371033,-2.2213754925815,63.3091206134395,0.58907765397251,0.224860429997654,0.17307486852241,0.646245907837902,0.669662561256369
91,-0.0117027068265751,0.00663913276787621,0.00333453848166217,-0.0192671680589319,0.013324807591492,-11.096526949359,2.54836581575546,-2.59814910123168,-2.17081193227386,62.3917551934028,0.585135341328753,0.221304425595874,0.111151282722072,0.642238935297728,0.666240379574598
92,-0.0116158661635632,0.00665937548858531,0.000830251215351986,-0.0191296527356499,0.0132519016292823,-10.8866845380362,3.09316022708117,-4.15151816355319,-2.12626785128123,61.6048043320916,0.58079330817816,0.221979182952844,0.0276750405117329,0.637655091188332,0.662595081464116
93,-0.0115253672515699,0.0067042154561992,-0.00167627084789638,-0.0189928224021773,0.0131782652555648,-10.7169444947885,3.20406833793641,-4.61116970768671,-2.10293928830652,60.9972537188241,0.576268362578496,0.223473848539973,0.0558756949298792,0.633094080072576,0.658913262778242
94,-0.0114352900742659,0.00667767220916735,-0.00361503202451354,-0.0188698948179401,0.0131073067163114,-10.5885463858613,2.87171289528487,-3.98579188299664,-2.09672532491822,60.5693518866701,0.571764503713293,0.222589073638912,0.120501067483785,0.628996493931336,0.655365335815569
95,-0.0113483807192675,0.00651463771323978,-0.00462569824344032,-0.0187702284412051,0.0130413189332218,-10.4909392939589,2.20572815123887,-2.56321097936052,-2.10418064511941,60.278301012886,0.567419035963374,0.217154590441326,0.154189941448011,0.625674281373502,0.65206594666109
96,-0.0112654886821766,0.00619410864424843,-0.00460250910732513,-0.0186974325312698,0.0129810491320473,-10.4064088316136,1.38922701353295,-0.782836589223734,-2.11906048889432,60.0538530716221,0.563274434108831,0.206470288141614,0.153416970244171,0.623247751042326,0.649052456602365
97,-0.0111855815791662,0.00573824465030421,-0.00369436840095448,-0.0186443517129118,0.0129256717550798,-10.3157557703071,0.615733047197864,0.877639982945766,-2.12817847113911,59.8175062611972,0.55927907895831,0.191274821676807,0.123145613365149,0.621478390430393,0.646283587753989
98,-0.0111062309283302,0.00520427150898963,-0.00223763285465773,-0.0186064568634299,0.0128731393593761,-10.2032976064947,0.0551484822608472,2.05018637871035,-2.13401528867507,59.5020131413548,0.555311546416511,0.173475716966321,0.0745877618219243,0.620215228780996,0.643656967968804
99,-0.0110243597668635,0.00466012384491349,-0.000649790167553427,-0.0185716730912895,0.0128207842584385,-10.0600349946944,-0.222795177933222,2.54097883612303,-2.12660519878227,59.0658593193893,0.551217988343176,0.155337461497116,0.0216596722517809,0.61905576970965,0.641039212921925
100,-0.0109370169560292,0.00417679000436139,0.000682183843935942,-0.0185292098742166,0.0127659873268751,-9.88455145602529,-0.179666352551067,2.34003883178957,-2.10619905374188,58.4993021186619,0.546850847801461,0.139226333478713,0.0227394614645314,0.617640329140554,0.638299366343755
101,-0.0108420338228359,0.00380687603461921,0.00147422265439665,-0.018474743020446,0.0127067467697708,-9.68241155305805,0.126977902255021,1.57262987841023,-2.07963842058234,57.8220634815807,0.542101691141797,0.12689586782064,0.0491407551465551,0.615824767348199,0.635337338488538
102,-0.0107384579425476,0.00357603725970216,0.00158254002835963,-0.0184014161987624,0.012642046696952,-9.46435866580941,0.594532959894423,0.45423658434629,-2.04333520059663,57.0754429611497,0.536922897127381,0.119201241990072,0.0527513342786543,0.613380539958747,0.632102334847598
103,-0.0106267229067926,0.00348059476876267,0.0010300894981731,-0.0183116719059796,0.0125719873444536,-9.24390695445254,1.10029694837976,-0.728851570102051,-2.00800861193784,56.3116474324943,0.531336145339631,0.116019825625422,0.0343363166057702,0.610389063532653,0.628599367222682
104,-0.0105085167744393,0.00349113383744697,-2.08256153692891e-05,-0.0182076667945706,0.0124976558943394,-9.03435454347346,1.52752346480156,-1.72104697639952,-1.97359256162599,55.581116898793,0.525425838721964,0.116371127914899,0.000694187178976304,0.606922226485687,0.624882794716968
105,-0.010386391587658,0.00355753480061754,-0.0012987901504736,-0.0180975969524635,0.0124207979622868,-8.84601892721548,1.77307333501631,-2.30405750016871,-1.94769661902683,54.9218991886846,0.519319579382901,0.118584493353918,0.0432930050157866,0.603253231748785,0.621039898114339
106,-0.010263171808455,0.00362487132373929,-0.00250765977461884,-0.0179866598614515,0.0123433505945179,-8.68388784624585,1.79719620405194,-2.39180536141248,-1.92756154092422,54.3513582761079,0.513158590422749,0.120829044124643,0.0835886591539615,0.599555328715051,0.617167529725897
107,-0.0101413445063095,0.00364578926377281,-0.00339939192813381,-0.017887494445728,0.0122669763343897,-8.54698332204862,1.61330212677058,-2.02255023737052,-1.92273606330673,53.8643532649985,0.507067225315477,0.121526308792427,0.113313064271127,0.596249814857599,0.613348816719487
108,-0.0100225907725138,0.00359039367538913,-0.00383490306357295,-0.0178008398752128,0.0121927082391528,-8.42932153659604,1.28103506540356,-1.35305130243069,-1.92022865121544,53.4369010063074,0.501129538625689,0.119679789179638,0.127830102119098,0.593361329173758,0.609635411957642
109,-0.00990757562034223,0.00345186900292479,-0.00380033274494421,-0.0177260735919198,0.0121207905958279,-8.32214894444405,0.890639214503608,-0.587714755511115,-1.91847288078861,53.0344610558586,0.495378781017112,0.115062300097493,0.126677758164807,0.590869119730659,0.606039529791393
110,-0.00979600922011754,0.00324358584527646,-0.00338267285886956,-0.0176648098506383,0.0120507264829136,-8.21649296085525,0.527555131384361,0.0953033315909124,-1.92006574025072,52.6215198499358,0.489800461005877,0.108119528175882,0.112755761962319,0.588826995021278,0.602536324145678
111,-0.00968690070614786,0.00299235796845433,-0.00274144495158174,-0.0176100416648564,0.011981478435045,-8.10512753105286,0.254740217542349,0.555988631276705,-1.91489872918282,52.1693285645597,0.484345035307393,0.0997452656151443,0.0913814983860581,0.587001388828547,0.599073921752248
112,-0.00957892020029332,0.00272997485043186,-0.00205509790986672,-0.0175600195143799,0.0119117637713896,-7.98384293489107,0.103135067774929,0.738778207960422,-1.9084595669483,51.6613614615835,0.478946010014666,0.090999161681062,0.0685032636622241,0.585333983812663,0.59558818856948
113,-0.0094707604979043,0.00249027760764303,-0.0014739666696681,-0.017508166983272,0.0118403523379514,-7.85172300538761,0.0926990185234899,0.666816908960755,-1.89485010764656,51.0946277097446,0.473538024895215,0.0830092535881011,0.0491322223222701,0.583605566109065,0.592017616897571
114,-0.00936142991940703,0.00229482583578686,-0.00111474124754688,-0.0174508174200131,0.01176629669554,-7.71074641079394,0.183057494496097,0.37660653219973,-1.87680517797162,50.4775764898113,0.468071495970352,0.0764941945262286,0.0371580415848961,0.581693914000438,0.588314834777002
115,-0.00925044332988376,0.0021557401789878,-0.00103346908574219,-0.0173855557044754,0.0116890866095348,-7.56501179921543,0.341672707691032,-0.0439463497059478,-1.85541334872141,49.8273288860673,0.462522166494188,0.07185800596626,0.0344489695247396,0.579518523482514,0.584454330476738
116,-0.0091378900101247,0.00207497285371677,-0.00122910649399499,-0.0173111159323803,0.0116086970216133,-7.41968033139528,0.529746437223366,-0.504576787534461,-1.83177330427498,49.1651281276972,0.456894500506235,0.069165761790559,0.0409702164664996,0.577037197746009,0.580434851080663
117,-0.00902438943545662,0.00204116327029431,-0.00165207215953827,-0.017232059992899,0.0115255435751705,-7.27993668078852,0.691929576532857,-0.922052950045327,-1.81254742642523,48.5120617202028,0.451219471772831,0.0680387756764769,0.0550690719846091,0.574401999763302,0.576277178758526
118,-0.00891094456233689,0.00203533436676603,-0.0022214478432231,-0.017150754398504,0.0114403640814024,-7.14996500619236,0.792288328739232,-1.23594845717889,-1.79566428755606,47.8853245681421,0.445547228116844,0.0678444788922011,0.0740482614407699,0.571691813283467,0.572018204070119
119,-0.00879873847792952,0.00203458558935022,-0.00285173534980813,-0.0170704676527156,0.0113540602284958,-7.03229437476693,0.807811658205537,-1.4267847359406,-1.78241118760525,47.2958516934341,0.439936923896476,0.0678195196450074,0.0950578449936044,0.569015588423854,0.567703011424791
120,-0.008688928030369,0.00201456317714319,-0.00345472798107134,-0.0169935681350322,0.0112675441760127,-6.92761814548248,0.724536694178823,-1.477474636431,-1.77208594777767,46.747931421578,0.43444640151845,0.0671521059047729,0.115157599369045,0.566452271167741,0.563377208800636
121,-0.00858244706935497,0.00195811844181367,-0.00398139286557013,-0.0169196390573113,0.0111815942281126,-6.83473413118918,0.563802001352087,-1.44102321087303,-1.76173233171539,46.2390477230201,0.429122353467749,0.0652706147271225,0.132713095519004,0.563987968577044,0.559079711405629
122,-0.00847990465285643,0.0018501421269627,-0.00441329564034839,-0.0168566592940393,0.0110967855637656,-6.75129825594922,0.328234669950689,-1.36167892605954,-1.76090290096909,45.7628597609983,0.423995232642821,0.06167140423209,0.14710985467828,0.561888643134643,0.554839278188282
123,-0.00838154528146451,0.001683713830877,-0.00476602949247462,-0.0168045037149069,0.0110134741130928,-6.67433638909642,0.0462929722289118,-1.29374141351946,-1.76117208070536,45.3114352626471,0.419077264073225,0.0561237943625667,0.158867649749154,0.56015012383023,0.550673705654641
124,-0.00828728692967971,0.00145605122481565,-0.00506904596595409,-0.0167609818268686,0.0109318372641874,-6.6009469594519,-0.267337338755169,-1.26262426192625,-1.760172737022,44.877848492888,0.414364346483985,0.0485350408271883,0.168968198865136,0.558699394228954,0.546591863209368
125,-0.00819678921942341,0.00116554280607883,-0.00537188037737688,-0.0167296678123638,0.0108519338658754,-6.52861353387379,-0.608638188168698,-1.30588133970377,-1.76420071056782,44.4572407729993,0.40983946097117,0.0388514268692943,0.179062679245896,0.55765559374546,0.542596693293772
126,-0.00810954900025163,0.000813880439430141,-0.00571121040900495,-0.0167090348918018,0.0107737886986567,-6.45551198772409,-0.964648413628311,-1.40940710480209,-1.76785619714792,44.0481850523611,0.405477450012582,0.0271293479810047,0.190373680300165,0.556967829726727,0.538689434932834
127,-0.00802497963653381,0.000399605170281787,-0.00612133083270978,-0.0166971809197587,0.0106974522230277,-6.38043190974713,-1.34726071792102,-1.57457894374602,-1.77055367430512,43.6518692526988,0.401248981826691,0.0133201723427262,0.204044361090326,0.556572697325289,0.534872611151384
128,-0.00794247376814238,-7.99898845143886e-05,-0.00660934884990823,-0.0166966232955413,0.0106230504073697,-6.30268341296869,-1.76182540599257,-1.7618060235236,-1.77705123064698,43.2718648835362,0.397123688407119,0.00266632948381295,0.220311628330274,0.556554109851376,0.531152520368487
129,-0.00786142143492262,-0.000632431526751075,-0.00715587612126019,-0.0167079394560377,0.0105507902834567,-6.2217341314863,-2.22836395892045,-1.92881575458159,-1.78542969933915,42.9122874743371,0.393071071746131,0.0210810508917025,0.238529204042007,0.556931315201257,0.527539514172835
130,-0.00778118016942537,-0.00126689767341695,-0.00770906397720484,-0.0167314449969103,0.0104809240620602,-6.13678416357288,-2.75598934422305,-2.01974974288532,-1.79545011860682,42.5759268000547,0.389059008471269,0.0422299224472317,0.256968799240161,0.557714833230342,0.524046203103011
131,-0.00770100111770852,-0.00199194333830164,-0.00817290429269078,-0.0167696323428012,0.0104136653938431,-6.04634533146964,-3.34551006631045,-1.95499351548278,-1.80956120402698,42.2619400490021,0.385050055885426,0.0663981112767215,0.272430143089693,0.55898774476004,0.520683269692156
132,-0.00761990108709066,-0.00281298350814717,-0.00843086887284576,-0.0168215388295863,0.0103490401891724,-5.94770009115564,-3.98781236754076,-1.68750095781434,-1.82417925202571,41.9625838276261,0.380995054354533,0.0937661169382391,0.281028962428192,0.560717960986209,0.517452009458619
133,-0.00753651842570474,-0.00372240736840191,-0.00837347666241797,-0.0168866078187918,0.0102867097084655,-5.8366675148136,-4.63406842300174,-1.21319642971685,-1.8396509926788,41.6614193545684,0.376825921285237,0.124080245613397,0.279115888747266,0.562886927293059,0.514335485423276
134,-0.00744900939920065,-0.00469679536171301,-0.00795116411585431,-0.0169612748950784,0.0102258169588357,-5.707870157039,-5.22010675354068,-0.615097571881051,-1.85259511226832,41.3337204611253,0.372450469960032,0.156559845390434,0.26503880386181,0.565375829835948,0.511290847941786
135,-0.00735506026282075,-0.00569410940957078,-0.0072176443421025,-0.0170401317847437,0.0101649474170477,-5.55570392634763,-5.66495207408479,-0.0526472240380826,-1.86061324825459,40.9510484314524,0.367753013141038,0.189803646985693,0.24058814473675,0.568004392824792,0.508247370852384
136,-0.00725208703517289,-0.00665868252965111,-0.00633218340130133,-0.0171153525327373,0.0101022752732544,-5.37602856752528,-5.90003199022249,0.299768499871789,-1.86049554713463,40.4894149960455,0.362604351758644,0.221956084321704,0.211072780043378,0.570511751091242,0.505113763662721
137,-0.00713762437363945,-0.00753187239524769,-0.00552130210725908,-0.0171790361946345,0.0100358846176369,-5.16799307206384,-5.89317841331649,0.315425087364929,-1.85136512186546,39.9376271036544,0.356881218681973,0.251062413174923,0.184043403575303,0.57263453982115,0.501794230881844
138,-0.00700982962483725,-0.00826447126111884,-0.0050033212852622,-0.0172237839790082,0.00996417958639365,-4.93532461291579,-5.65978122381239,-0.0232125023558183,-1.83297768785451,39.3024167135536,0.350491481241862,0.275482375370628,0.166777376175407,0.574126132633606,0.498208979319683
139,-0.0068679516253824,-0.00882878525092501,-0.00491954680248548,-0.0172461795024745,0.00988624185510691,-4.68635652055127,-5.26626105965988,-0.625302286607621,-1.80893989067954,38.6075943902142,0.34339758126912,0.2942928416975,0.163984893416183,0.574872650082483,0.494312092755346
140,-0.00671261086834744,-0.00922352303853836,-0.00528318401897363,-0.0172457040228838,0.00980201872774241,-4.43267655441559,-4.80607427334689,-1.31020842559337,-1.78207362409921,37.8878474384692,0.335630543417372,0.307450767951279,0.176106133965788,0.574856800762795,0.49010093638712
141,-0.00654577980537242,-0.00947369414314264,-0.00598030924202003,-0.0172263610174577,0.00971227137183266,-4.18667563508279,-4.38133644593108,-1.88189702498676,-1.75723958932394,37.1788454197031,0.327288990268621,0.315789804771421,0.199343641400668,0.574212033915256,0.485613568591633
142,-0.00637045696473452,-0.00962105529580179,-0.00680051851236295,-0.0171938846619369,0.00961830701808739,-3.95885026932774,-4.06577077228576,-2.17406506862972,-1.73671465972802,36.5075662546133,0.318522848236726,0.320701843193393,0.226683950412098,0.57312948873123,0.480915350904369
143,-0.00619010788136896,-0.00971249422536351,-0.00750341941023943,-0.0171551343660799,0.00952157019970816,-3.75554852098503,-3.89360749409207,-2.10941630371053,-1.72228278643161,35.8851740361388,0.309505394068448,0.323749807512117,0.250113980341314,0.571837812202662,0.476078509985408
144,-0.00600801866397451,-0.00978612081644599,-0.00789025015453111,-0.0171156367155851,0.00942321920716891,-3.57783425670277,-3.84733051078001,-1.71853799201926,-1.71319228684297,35.3049168245434,0.300400933198726,0.326204027214866,0.26300833848437,0.570521223852838,0.471160960358445
145,-0.00582673398172666,-0.00986146823000717,-0.0078635214433851,-0.0170784185423816,0.00932381243720731,-3.42177989068659,-3.86914225032342,-1.13229948851767,-1.70731218872788,34.7453870642767,0.291336699086333,0.328715607666906,0.26211738144617,0.569280618079387,0.466190621860366
146,-0.00564773874637453,-0.00993635660638446,-0.00745219466034761,-0.0170429691984423,0.00922319732646191,-3.280182280605,-3.88324738651136,-0.534216735559312,-1.70116477079318,34.1781634767813,0.282386937318726,0.331211886879482,0.248406488678254,0.568098973281409,0.461159866323096
147,-0.00547147761741712,-0.0099900366474722,-0.00679689764333789,-0.0170064736855342,0.00912062702943565,-3.14524036184594,-3.81868462113744,-0.0995018649518897,-1.69224800742995,33.5772263349554,0.273573880870856,0.333001221582407,0.22656325477793,0.566882456184473,0.456031351471782
148,-0.00529770858631205,-0.00999238702315692,-0.00609767921419919,-0.0169640658080835,0.00901505867811984,-3.01141725458365,-3.63327607715291,0.0635861135833693,-1.67811282153707,32.9271636701378,0.264885429315602,0.333079567438564,0.20325597380664,0.565468860269452,0.450752933905992
149,-0.00512606383664931,-0.00991580960134352,-0.00554811494277752,-0.0169114836545434,0.00890552621391914,-2.87743952640085,-3.32677214828436,-0.0609619223723712,-1.65892986387917,32.2274116842891,0.256303191832466,0.330526986711451,0.184937164759251,0.563716121818113,0.445276310695957
150,-0.00495661821823736,-0.00974426088132921,-0.00527455861595216,-0.0168460035179755,0.00879146624095339,-2.74673928743141,-2.93377826778851,-0.397127240603368,-1.63591659998019,31.4915579031094,0.247830910911868,0.324808696044307,0.175818620531739,0.561533450599184,0.43957331204767
151,-0.00479026441864397,-0.00947926704367746,-0.00530533264782549,-0.0167672515507101,0.00867289671842323,-2.62620695480109,-2.51502742685261,-0.814052211808303,-1.6112907076149,30.7422241803579,0.239513220932198,0.315975568122582,0.176844421594183,0.55890838502367,0.433644835921161
152,-0.0046287758402237,-0.009139470230812,-0.00557234324322453,-0.0166782772957644,0.00855040841771,-2.52382102644333,-2.1348883342398,-1.17066359280216,-1.58861270733723,30.0037579984291,0.231438792011185,0.304649007693733,0.185744774774151,0.555942576525479,0.4275204208855
153,-0.00447455075304041,-0.00875555290913827,-0.00594271682956369,-0.0165832454347926,0.00842498976892202,-2.44602533030047,-1.84400950161034,-1.36068009737755,-1.56934502911099,29.2951729522883,0.223727537652021,0.291851763637942,0.198090560985456,0.55277484782642,0.421249488446101
154,-0.00433013513619061,-0.00836170366404028,-0.00626605542714964,-0.0164873699493019,0.00829775547544948,-2.39571579868425,-1.66513713566019,-1.3399560907601,-1.55497950572681,28.6254998479762,0.21650675680953,0.278723455468009,0.208868514238321,0.549578998310063,0.414887773772474
155,-0.00419768226135154,-0.00798696832651003,-0.00642235672091278,-0.016394839081623,0.00816966961162063,-2.37139924365692,-1.59029437213576,-1.13383676875856,-1.54494551225071,27.9926234338745,0.209884113067577,0.266232277550334,0.214078557363759,0.546494636054099,0.408483480581031
156,-0.00407851694824546,-0.0076493939631962,-0.00635391254053468,-0.0163083626845223,0.00804134652977714,-2.36770140077169,-1.58850636125862,-0.819492100845309,-1.53810634174079,27.3855802231537,0.203925847412273,0.254979798773207,0.211797084684489,0.543612089484077,0.402067326488857
157,-0.00397292511131134,-0.00735327320515675,-0.0060748881403879,-0.0162284507720891,0.00791297777902172,-2.37693637927805,-1.61538501174618,-0.496239256335684,-1.532443063752,26.7891173928092,0.198646255565567,0.245109106838558,0.202496271346263,0.540948359069636,0.395648888951086
158,-0.00388021645387918,-0.00709099994543798,-0.00565827402138644,-0.0161535327791265,0.00778439116424967,-2.39121321214952,-1.62905547654191,-0.252737071377851,-1.52585765704316,26.1889189084741,0.194010822693959,0.236366664847933,0.188609134046215,0.538451092637551,0.389219558212483
159,-0.00379902040783004,-0.00684794864590211,-0.00520762816143934,-0.0160810864309659,0.00765520786124587,-2.40439006688575,-1.60165832085113,-0.143096506235452,-1.51722189002612,25.5758559717378,0.189951020391502,0.228264954863404,0.173587605381311,0.536036214365531,0.382760393062293
160,-0.00372770873201439,-0.00660853953824545,-0.0048244220003429,-0.016008438329352,0.00752503950333397,-2.41330701101106,-1.52508173528076,-0.177408455783734,-1.5061424551277,24.9481654611827,0.18638543660072,0.220284651274848,0.160814066678097,0.533614610978402,0.376251975166699
161,-0.00366481188884809,-0.0063617217520245,-0.00457992560217261,-0.0159335380378803,0.00739366418438551,-2.418017634227,-1.41065182106104,-0.324621360050514,-1.49300496445903,24.3112516636756,0.183240594442404,0.21205739173415,0.152664186739087,0.531117934596011,0.369683209219276
162,-0.00360931032386166,-0.00610463545086861,-0.00449959778148507,-0.0158558187352896,0.00726113358943017,-2.42105163920314,-1.28419034695071,-0.527310698998917,-1.47912943816664,23.675463910422,0.180465516193083,0.203487848362287,0.149986592716169,0.528527291176321,0.363056679471509
163,-0.00356073242333462,-0.00584315270962495,-0.00456160787496536,-0.0157760658955421,0.00712778957958609,-2.42604543245761,-1.17591290518249,-0.720230110573539,-1.46583712876236,23.0527674705172,0.178036621166731,0.194771756987498,0.152053595832179,0.525868863184737,0.356389478979304
164,-0.00351905403617225,-0.00559007026291045,-0.00470877530880505,-0.0156962015503042,0.00699419585095806,-2.43620824335267,-1.1122132161745,-0.849492062116042,-1.45435192621335,22.4533513801362,0.175952701808612,0.186335675430348,0.156959176960168,0.523206718343472,0.349709792547903
165,-0.00348445195991359,-0.00536125174276898,-0.00486788009723331,-0.0156186785019332,0.0068610133059356,-2.45308321950688,-1.10787277549207,-0.884628464064008,-1.44538673566785,21.8831237418726,0.174222597995679,0.178708391425633,0.162262669907777,0.520622616731108,0.34305066529678
166,-0.00345699705907915,-0.0051710747634608,-0.00497132825208674,-0.0155457330412238,0.00672885849245367,-2.47590219260019,-1.16249974894345,-0.824347305297124,-1.43894799521149,21.3426156608421,0.172849852953958,0.172369158782027,0.165710941736225,0.518191101374128,0.336442924622684
167,-0.00343638241037903,-0.00502876999937822,-0.00497464422217258,-0.0154788275959486,0.00659818515526431,-2.50166388241269,-1.26236113487721,-0.693196781185179,-1.43446170227435,20.8274417718712,0.171819120518951,0.167625666645941,0.165821474072419,0.515960919864953,0.329909257763216
168,-0.0034217626831167,-0.00493608708341933,-0.00486574048274636,-0.0154181971926982,0.00646921792243004,-2.52584081636087,-1.38398969170339,-0.531856269390119,-1.43082963518282,20.3299977818006,0.171088134155835,0.164536236113978,0.162191349424879,0.513939906423274,0.323460896121502
169,-0.00341174523950461,-0.00488734097210115,-0.0046653497356738,-0.0153629127820272,0.00634195025030974,-2.54347774330199,-1.5018416638668,-0.385535902296397,-1.42690705047244,19.841808093588,0.17058726197523,0.162911365736705,0.155511657855793,0.512097092734239,0.317097512515487
170,-0.00340453145860959,-0.00487113005657618,-0.00441852950152373,-0.0153111349184873,0.00621620162788706,-2.55037388456003,-1.59415031362187,-0.29130025836821,-1.42169873242892,19.3558780267722,0.170226572930479,0.162371001885873,0.147284316717458,0.510371163949576,0.310810081394353
171,-0.00339816587460164,-0.00487354698964105,-0.00418052176561124,-0.0152606894434235,0.00609171364015147,-2.5440252613862,-1.64862039696345,-0.269122488134599,-1.41470168500746,18.8684237514281,0.169908293730082,0.162451566321368,0.139350725520375,0.508689648114116,0.304585682007574
172,-0.00339082302076217,-0.00488175129147363,-0.0040009094604714,-0.0152095568198004,0.00596825592487233,-2.52408331903098,-1.66461536764473,-0.317890931000875,-1.40586975362567,18.3795787381769,0.169541151038109,0.162725043049121,0.13336364868238,0.506985227326679,0.298412796243616
173,-0.0033810543861189,-0.00488692422585622,-0.00391008787153724,-0.0151563925451612,0.00584571252046728,-2.49222850811748,-1.65205092685028,-0.416840337038593,-1.39568640747711,17.8929677156248,0.169052719305945,0.162897474195207,0.130336262384575,0.505213084838706,0.292285626023364
174,-0.00336793116326177,-0.00488582006685013,-0.00391184038826076,-0.0151007351819287,0.00572412593588495,-2.45151570652524,-1.62739874781437,-0.532518380396141,-1.38490088943399,17.4143279423333,0.168396558163089,0.162860668895004,0.130394679608692,0.503357839397623,0.286206296794248
175,-0.00335105056353494,-0.00488068860251431,-0.0039837966945301,-0.0150430463509355,0.00560368937788031,-2.4054030939169,-1.60852172939485,-0.628911457170034,-1.37437987859812,16.9496234002509,0.167552528176747,0.16268962008381,0.132793223151003,0.501434878364517,0.280184468894016
176,-0.00333041316894931,-0.004877490957998,-0.00408523990192316,-0.0149843433066222,0.00548469263589127,-2.35675390058532,-1.60879665486391,-0.677719649502251,-1.36471051973786,16.5032119821262,0.166520658447465,0.162583031933267,0.136174663397439,0.49947811022074,0.274234631794563
177,-0.00330621513890721,-0.0048832225023439,-0.00416976050327934,-0.0149258471946844,0.00536744001214552,-2.30709739184931,-1.63355173413038,-0.666001432136909,-1.35618388185321,16.0765841098964,0.165310756945361,0.162774083411463,0.138992016775978,0.497528239822814,0.268372000607276
178,-0.00327862098817721,-0.00490304150509078,-0.00419907564709571,-0.0148684221977373,0.0052521657078283,-2.25634456796797,-1.67864487480074,-0.599275347212824,-1.34856095996838,15.6680003624388,0.16393104940886,0.163434716836359,0.139969188236524,0.49561407325791,0.262608285391415
179,-0.00324758618447971,-0.00493817322649981,-0.00415380460011634,-0.014812363070427,0.00513897190476018,-2.20302493517011,-1.73228256585389,-0.498919308711265,-1.3413642921023,15.2730971888104,0.162379309223986,0.16460577421666,0.138460153337211,0.493745435680901,0.256948595238009
180,-0.00321278138353178,-0.00498514165176228,-0.00403839639441666,-0.0147571722586479,0.00502780695602683,-2.14495169075235,-1.77892185433848,-0.395332742755272,-1.33385039134737,14.8862340483902,0.160639069176589,0.166171388392076,0.134613213147222,0.491905741954929,0.251390347801341
181,-0.00317363908589876,-0.00503649217112622,-0.00387845844631035,-0.014701700776463,0.00491848891871872,-2.08010846790785,-1.80408867549886,-0.318046260190386,-1.32534367594417,14.502165391832,0.158681954294938,0.167883072370874,0.129281948210345,0.490056692548765,0.245924445935936
182,-0.00312950437596678,-0.00508279947719296,-0.0037116303926948,-0.0146445106264357,0.00481076543033468,-2.0074713916074,-1.79891272296118,-0.286590899349903,-1.31546288457685,14.117507625997,0.156475218798339,0.169426649239765,0.123721013089827,0.488150354214522,0.240538271516734
183,-0.00307983821554122,-0.0051152164707898,-0.00357483584508973,-0.014584232188165,0.00470438995628969,-1.92750308769973,-1.76251516336379,-0.304546192637645,-1.3041470913322,13.731555063714,0.153991910777061,0.170507215692993,0.119161194836324,0.486141072938834,0.235219497814485
184,-0.00302440443546756,-0.00512777329211353,-0.00349221349246019,-0.0145199586609392,0.00459918969052764,-1.84215683475486,-1.70189106256657,-0.359030653953596,-1.29172124729848,13.3462050121125,0.151220221773378,0.170925776403784,0.11640711641534,0.483998622031305,0.229959484526382
185,-0.00296337743962445,-0.00511865521298872,-0.00346769784682949,-0.0144514294132646,0.00449510387086666,-1.75439480585737,-1.62914265160907,-0.425628882112505,-1.27872648931771,12.9650511280488,0.148168871981223,0.170621840432957,0.11558992822765,0.481714313775486,0.224755193543333
186,-0.00289733500316784,-0.00509011816306118,-0.00348469178837722,-0.0143790465493491,0.00439218173092962,-1.6673898562658,-1.55729551238437,-0.477119240258617,-1.2657753586609,12.5919784420603,0.144866750158392,0.169670605435373,0.116156392945907,0.479301551644969,0.219609086546481
187,-0.00282714001778542,-0.00504713585307766,-0.00351262980381372,-0.0143036248861301,0.00429054322102448,-1.58368672941833,-1.49605964907096,-0.492712503046278,-1.25329841239363,12.2297533368965,0.141357000889271,0.168237861769255,0.117087660127124,0.476787496204336,0.214527161051224
188,-0.00275375202191396,-0.00499526600953859,-0.00351808404075024,-0.0142260745158837,0.00419031790064891,-1.5046020587306,-1.44886681709977,-0.46489967985508,-1.24145897302697,11.879079377195,0.137687601095698,0.16650886698462,0.117269468025008,0.474202483862792,0.209515895032446
189,-0.0026780322819317,-0.00493853156382234,-0.00347636673552666,-0.0141470502541318,0.00409158425251427,-1.43005814720709,-1.41232749683695,-0.401376640866147,-1.23009539038321,11.5384209698277,0.133901614096585,0.164617718794078,0.115878891184222,0.471568341804395,0.204579212625714
190,-0.00260060641349074,-0.00487802378969028,-0.00337958508888224,-0.0140667283369541,0.00399433051179162,-1.35888920453908,-1.37801986966224,-0.321607224122999,-1.21881270274571,11.2046167532753,0.130030320674537,0.162600792989676,0.112652836296075,0.468890944565136,0.199716525589581
191,-0.00252182677090014,-0.00481167333176852,-0.00323854459679789,-0.0139847792304434,0.00389844970389763,-1.28949560803449,-1.33593556483902,-0.249521464183999,-1.20714970648805,10.8740311691236,0.126091338545007,0.160389111058951,0.10795148655993,0.466159307681445,0.194922485194881
192,-0.00244184108382739,-0.00473521888716606,-0.00307787087414595,-0.0139005079455553,0.00380376918855137,-1.22060606031482,-1.27833481997186,-0.204720822694071,-1.19473483323418,10.5438204366237,0.12209205419137,0.157840629572202,0.102595695804865,0.463350264851844,0.190188459427569
193,-0.00236073525272033,-0.00464392854470443,-0.00292638927538847,-0.0138131472479099,0.00371010259625696,-1.1518668111421,-1.20246895448872,-0.195667089428753,-1.18144150860644,10.2128537696444,0.118036762636016,0.154797618156814,0.0975463091796156,0.460438241596996,0.185505129812848
194,-0.00227869216471117,-0.00453445588762671,-0.00280647930801039,-0.0137221429627586,0.00361730449222086,-1.0840477466445,-1.11149046006176,-0.217269659970043,-1.16740479484179,9.88197551237135,0.113934608235559,0.151148529587557,0.093549310267013,0.457404765425286,0.180865224611043
195,-0.00219610440639149,-0.00440611077500073,-0.00272639875345835,-0.0136273706005457,0.00352530801682975,-1.01880257489029,-1.01306083706731,-0.253611885909777,-1.15298027822064,9.55354790676211,0.109805220319575,0.146870359166691,0.0908799584486115,0.454245686684855,0.176265400841487
196,-0.00211359856115352,-0.00426112097049116,-0.00267824301986996,-0.0135291754721684,0.00343413301197294,-0.958092239216057,-0.916431506539084,-0.284488698980567,-1.13859682642214,9.23048399045001,0.105679928057676,0.142037365683039,0.0892747673289985,0.450972515738948,0.171706650598647
197,-0.00203196374885949,-0.00410384823327413,-0.00264205933033591,-0.0134282548235654,0.00334386363131714,-0.903502281062174,-0.829142292104734,-0.293229443286691,-1.12461259732299,8.91515542093657,0.101598187442975,0.136794941109138,0.0880686443445304,0.447608494118846,0.167193181565857
198,-0.00195201373492908,-0.00393929708741416,-0.00259423121388852,-0.0133254061148269,0.00325460579755388,-0.855716590422162,-0.754534717088973,-0.272724264505086,-1.11118115455611,8.60858753526372,0.0976006867464541,0.131309902913806,0.086474373796284,0.444180203827563,0.162730289877694
199,-0.00187443598217804,-0.00377153677805675,-0.00251671904115325,-0.0132212838367314,0.00316644175368813,-0.814338702639361,-0.691070383709302,-0.227464086037799,-1.09823898696959,8.31022232432588,0.0937217991089018,0.125717892601892,0.0838906347051084,0.440709461224381,0.158322087684407
200,-0.00179968367810112,-0.00360258308639248,-0.00240362268035479,-0.013116206480153,0.00307939893795884,-0.77811041478526,-0.633375123015867,-0.171081037478871,-1.08553235008912,8.01829837769219,0.0899841839050561,0.120086102879749,0.0801207560118264,0.437206882671766,0.153969946897942
201,-0.00128024333068418,-0.00254291936185282,-0.00167645409122282,-0.00963925421898049,0.00221785381483471,-0.745426332287025,-0.57482407214593,-0.120558255503056,-1.07275549112273,7.73066340684636,0.0640121665342091,0.0847639787284273,0.0558818030407606,0.321308473966016,0.110892690741735
202,-0.000913341675348761,-0.00179539935887134,-0.00116520981411935,-0.00709984247279799,0.00160109767160478,-0.722819279417308,-0.526982790916009,-0.0979198432560224,-1.06305784697724,7.51957519696589,0.045667083767438,0.0598466452957114,0.0388403271373117,0.236661415759933,0.0800548835802392
203,-0.000752639286538595,-0.00146055619717196,-0.000935360130019882,-0.00603472164444263,0.00133438908212584,-0.706921890696321,-0.487564498143911,-0.0943061127145484,-1.05567183027233,7.36418429937657,0.0376319643269298,0.0486852065723988,0.0311786710006627,0.201157388148088,0.0667194541062919
204,-0.000658179246951907,-0.00125763440181522,-0.000799990706084581,-0.00543748917373455,0.00117951854222746,-0.694066944788574,-0.451168268682522,-0.101076959708735,-1.04922044783962,7.23240465049457,0.0329089623475954,0.041921146727174,0.026666356869486,0.181249639124485,0.058975927111373
205,-0.000594827339334807,-0.00111613225490609,-0.000711769371525296,-0.00505728024107549,0.0010768410053507,-0.683218179347023,-0.416923397779101,-0.113340469169998,-1.04330468275293,7.11429464331559,0.0297413669667404,0.0372044084968697,0.0237256457175099,0.16857600803585,0.0538420502675348
206,-0.000549050169034849,-0.00100895790379829,-0.000651754733918761,-0.00479804517937044,0.00100342084117705,-0.673993004056683,-0.384998248819102,-0.127355706354138,-1.03777197750787,7.00542163940554,0.0274525084517425,0.0336319301266097,0.021725157797292,0.159934839312348,0.0501710420588527
207,-0.000514387937826449,-0.00092327653811393,-0.000610087506875057,-0.00461415871190211,0.00094831544731233,-0.666234153641199,-0.355844734940547,-0.140179005256869,-1.03255548083325,6.90342223947482,0.0257193968913225,0.0307758846037977,0.0203362502291686,0.153805290396737,0.0474157723656165
208,-0.000487321758758106,-0.000852193936083789,-0.000580598018415083,-0.00448084797306783,0.000905557646739359,-0.659858450262618,-0.329850296338918,-0.149625400354125,-1.02761012499286,6.80686604596303,0.0243660879379053,0.0284064645361263,0.0193532672805028,0.149361599102261,0.045277882336968
209,-0.000465752920261654,-0.000791686308183738,-0.000558933552232869,-0.00438337055883777,0.000871579691321526,-0.654789522513965,-0.307255617144619,-0.154341181541895,-1.02291610687644,6.71477937089549,0.0232876460130827,0.0263895436061246,0.0186311184077623,0.146112351961259,0.0435789845660763
210,-0.000448342667128897,-0.000739248932784166,-0.000541827885945867,-0.00431233434421441,0.000844098642205694,-0.650926245953087,-0.288026170665034,-0.153770949964382,-1.0184419579673,6.62641802477992,0.0224171333564449,0.0246416310928055,0.0180609295315289,0.14374447814048,0.0422049321102847
211,-0.000434189985758085,-0.000693232870111631,-0.000526820839233505,-0.00426143276619697,0.000821574769524139,-0.648130633180699,-0.271904297051151,-0.148134664641475,-1.01415636095226,6.54115320458004,0.0217094992879043,0.0231077623370544,0.0175606946411168,0.142047758873232,0.041078738476207
212,-0.000422660035754885,-0.000652482149147964,-0.000512147699114992,-0.0042262461471117,0.000802924564982316,-0.646228338609944,-0.258392336718316,-0.138293613645146,-1.01002259043526,6.45841709115302,0.0211330017877442,0.0217494049715988,0.0170715899704997,0.14087487157039,0.0401462282491158
213,-0.000413286596260161,-0.000616129197961513,-0.000496687832705068,-0.00420356163417517,0.000787358116234234,-0.645017806846226,-0.246847199605327,-0.125575904803554,-1.00599386996691,6.37768258684446,0.0206643298130081,0.0205376399320504,0.0165562610901689,0.140118721139172,0.0393679058117117
214,-0.000405713871575376,-0.000583472475827341,-0.00047992115514018,-0.00419097385688352,0.000774281936227332,-0.644284790496386,-0.236531059272238,-0.111579552140029,-1.00203316151237,6.2984630903884,0.0202856935787688,0.019449082527578,0.015997371838006,0.139699128562784,0.0387140968113666
215,-0.000399660674407301,-0.000553906753509161,-0.000461860674304806,-0.00418662838109671,0.000763238403857607,-0.643819658989742,-0.226703645012094,-0.0979438209469663,-0.998091430801651,6.22032340174883,0.019983033720365,0.0184635584503054,0.0153953558101602,0.13955427936989,0.0381619201928804
216,-0.000394898044527704,-0.000526888251330629,-0.000442951079581361,-0.0041890650154648,0.00075386673586528,-0.643434685798638,-0.216716733802969,-0.0861298610743688,-0.994135035625732,6.14289494023978,0.0197449022263852,0.017562941711021,0.0147650359860454,0.139635500515493,0.037693336793264
217,-0.000391235258471869,-0.00050192054997033,-0.000423938368035636,-0.00419711037893743,0.000745877150092106,-0.642978782252612,-0.206071438242361,-0.0772477574173536,-0.990134801668319,6.06588989285228,0.0195617629235935,0.016730684999011,0.0141312789345212,0.139903679297914,0.0372938575046053
218,-0.000388511183024426,-0.000478555401145496,-0.00040571599911222,-0.00420980831066089,0.000739033375463576,-0.642347756638628,-0.194470754877329,-0.0719241029401019,-0.986075350510873,5.98911061501894,0.0194255591512213,0.0159518467048499,0.013523866637074,0.140326943688696,0.0369516687731788
219,-0.00038658899046604,-0.000456403141843253,-0.000389169735913637,-0.00422636861903104,0.000733140560753339,-0.641488634300913,-0.181853479261918,-0.0702617296610697,-0.981946014917412,5.91245139048624,0.019329449523302,0.0152134380614418,0.0129723245304546,0.140878953967701,0.036657028037667
220,-0.0003853528747066,-0.000435141707702891,-0.000375029574578354,-0.00424613339325422,0.000728036721435767,-0.640397591951114,-0.168351070897188,-0.0718413502909243,-0.977747348542835,5.83589187613143,0.01926764373533,0.0145047235900964,0.0125009858192785,0.141537779775141,0.0364018360717884
221,-0.00038470579590071,-0.000414528175412545,-0.000363754130340883,-0.00426855733094656,0.000723586505998573,-0.639111773352852,-0.154284772406754,-0.0758178043724911,-0.973500592635901,5.75948211348987,0.0192352897950355,0.0138176058470848,0.0121251376780294,0.142285244364885,0.0361793252999287
222,-0.000384567567270714,-0.000394402970114539,-0.000355460863619924,-0.00429318448260528,0.000719676471721377,-0.637696169860646,-0.14008827406542,-0.0810682149676722,-0.969222619460197,5.68332084981193,0.0192283783635357,0.0131467656704846,0.0118486954539975,0.143106149420176,0.0359838235860688
223,-0.000384872840701267,-0.000374687334446175,-0.000349909435105388,-0.0043196334330071,0.000716211334013107,-0.636227545101065,-0.126238273878698,-0.0863688239860494,-0.964933375371402,5.60753005515835,0.0192436420350633,0.0124895778148725,0.0116636478368463,0.143987781100237,0.0358105667006554
224,-0.00038556876113715,-0.000355373142441383,-0.000346536233081778,-0.00434758316460959,0.000713110844348119,-0.634777749155546,-0.113180498146903,-0.0905679485185829,-0.960648815180321,5.53222890516736,0.0192784380568575,0.0118457714147128,0.0115512077693926,0.14491943882032,0.035655542217406
225,-0.000386612238789814,-0.000336504849015881,-0.00034454714821208,-0.00437676774955744,0.000710307089691479,-0.633398650506933,-0.101256313200793,-0.0927823236906988,-0.95639476398901,5.45751049230603,0.0193306119394907,0.0112168283005294,0.0114849049404027,0.145892258318581,0.0355153544845739
226,-0.000387966972548252,-0.000318156693648408,-0.000343031201398248,-0.00440695658100665,0.000707742116240783,-0.63211128463081,-0.0906555601432046,-0.0924750088415749,-0.952169634729216,5.38342496497535,0.0193983486274126,0.0106052231216136,0.0114343733799416,0.146898552700222,0.0353871058120391
227,-0.000389600439224169,-0.000300410640944972,-0.000341109430026849,-0.00443795388232395,0.000705365843703885,-0.630900162832404,-0.0814135557902773,-0.0895764708275237,-0.947983497781024,5.30997052578641,0.0194800219612084,0.010013688031499,0.0113703143342283,0.147931796077465,0.0352682921851942
228,-0.000391481170895133,-0.000283329990569435,-0.000338054988814231,-0.00446958144859968,0.00070313429286922,-0.629714231763501,-0.0733713829959015,-0.0844067130856274,-0.943818656651274,5.237094298991,0.0195740585447567,0.00944433301898117,0.011268499627141,0.148986048286656,0.035156714643461
229,-0.000393576594904522,-0.000266943306449471,-0.000333407057676258,-0.00450168119316228,0.000701008154342814,-0.628473385404504,-0.0662473189549928,-0.0776632862198312,-0.939670408115489,5.16470145043968,0.0196788297452261,0.00889811021498237,0.0111135685892086,0.150056039772076,0.0350504077171407
230,-0.00039585169761985,-0.000251233072304943,-0.000327025506132577,-0.00453410434328482,0.000698951735439277,-0.62708007362744,-0.0596687345932878,-0.070247972416837,-0.935517077778059,5.09267184042983,0.0197925848809925,0.0083744357434981,0.0109008502044192,0.151136811442827,0.0349475867719639
231,-0.00128024333068418,-0.00254291936185282,-0.00167645409122282,-0.00963925421898049,0.00221785381483471,-0.745426332287025,-0.57482407214593,-0.120558255503056,-1.07275549112273,7.73066340684636,0.0640121665342091,0.0847639787284273,0.0558818030407606,0.321308473966016,0.110892690741735
232,-0.000913341675348761,-0.00179539935887134,-0.00116520981411935,-0.00709984247279799,0.00160109767160478,-0.722819279417308,-0.526982790916009,-0.0979198432560224,-1.06305784697724,7.51957519696589,0.045667083767438,0.0598466452957114,0.0388403271373117,0.236661415759933,0.0800548835802392
233,-0.000752639286538595,-0.00146055619717196,-0.000935360130019882,-0.00603472164444263,0.00133438908212584,-0.706921890696321,-0.487564498143911,-0.0943061127145484,-1.05567183027233,7.36418429937657,0.0376319643269298,0.0486852065723988,0.0311786710006627,0.201157388148088,0.0667194541062919
234,-0.000658179246951907,-0.00125763440181522,-0.000799990706084581,-0.00543748917373455,0.00117951854222746,-0.694066944788574,-0.451168268682522,-0.101076959708735,-1.04922044783962,7.23240465049457,0.0329089623475954,0.041921146727174,0.026666356869486,0.181249639124485,0.058975927111373
235,-0.000594827339334807,-0.00111613225490609,-0.000711769371525296,-0.00505728024107549,0.0010768410053507,-0.683218179347023,-0.416923397779101,-0.113340469169998,-1.04330468275293,7.11429464331559,0.0297413669667404,0.0372044084968697,0.0237256457175099,0.16857600803585,0.0538420502675348
236,-0.000549050169034849,-0.00100895790379829,-0.000651754733918761,-0.00479804517937044,0.00100342084117705,-0.673993004056683,-0.384998248819102,-0.127355706354138,-1.03777197750787,7.00542163940554,0.0274525084517425,0.0336319301266097,0.021725157797292,0.159934839312348,0.0501710420588527
237,-0.000514387937826449,-0.00092327653811393,-0.000610087506875057,-0.00461415871190211,0.00094831544731233,-0.666234153641199,-0.355844734940547,-0.140179005256869,-1.03255548083325,6.90342223947482,0.0257193968913225,0.0307758846037977,0.0203362502291686,0.153805290396737,0.0474157723656165
238,-0.000487321758758106,-0.000852193936083789,-0.000580598018415083,-0.00448084797306783,0.000905557646739359,-0.659858450262618,-0.329850296338918,-0.149625400354125,-1.02761012499286,6.80686604596303,0.0243660879379053,0.0284064645361263,0.0193532672805028,0.149361599102261,0.045277882336968
239,-0.000465752920261654,-0.000791686308183738,-0.000558933552232869,-0.00438337055883777,0.000871579691321526,-0.654789522513965,-0.307255617144619,-0.154341181541895,-1.02291610687644,6.71477937089549,0.0232876460130827,0.0263895436061246,0.0186311184077623,0.146112351961259,0.0435789845660763
240,-0.000448342667128897,-0.000739248932784166,-0.000541827885945867,-0.00431233434421441,0.000844098642205694,-0.650926245953087,-0.288026170665034,-0.153770949964382,-1.0184419579673,6.62641802477992,0.0224171333564449,0.0246416310928055,0.0180609295315289,0.14374447814048,0.0422049321102847
241,-0.000434189985758085,-0.000693232870111631,-0.000526820839233505,-0.00426143276619697,0.000821574769524139,-0.648130633180699,-0.271904297051151,-0.148134664641475,-1.01415636095226,6.54115320458004,0.0217094992879043,0.0231077623370544,0.0175606946411168,0.142047758873232,0.041078738476207
242,-0.000422660035754885,-0.000652482149147964,-0.000512147699114992,-0.0042262461471117,0.000802924564982316,-0.646228338609944,-0.258392336718316,-0.138293613645146,-1.01002259043526,6.45841709115302,0.0211330017877442,0.0217494049715988,0.0170715899704997,0.14087487157039,0.0401462282491158
243,-0.000413286596260161,-0.000616129197961513,-0.000496687832705068,-0.00420356163417517,0.000787358116234234,-0.645017806846226,-0.246847199605327,-0.125575904803554,-1.00599386996691,6.37768258684446,0.0206643298130081,0.0205376399320504,0.0165562610901689,0.140118721139172,0.0393679058117117
244,-0.000405713871575376,-0.000583472475827341,-0.00047992115514018,-0.00419097385688352,0.000774281936227332,-0.644284790496386,-0.236531059272238,-0.111579552140029,-1.00203316151237,6.2984630903884,0.0202856935787688,0.019449082527578,0.015997371838006,0.139699128562784,0.0387140968113666
245,-0.000399660674407301,-0.000553906753509161,-0.000461860674304806,-0.00418662838109671,0.000763238403857607,-0.643819658989742,-0.226703645012094,-0.0979438209469663,-0.998091430801651,6.22032340174883,0.019983033720365,0.0184635584503054,0.0153953558101602,0.13955427936989,0.0381619201928804
246,-0.000394898044527704,-0.000526888251330629,-0.000442951079581361,-0.0041890650154648,0.00075386673586528,-0.643434685798638,-0.216716733802969,-0.0861298610743688,-0.994135035625732,6.14289494023978,0.0197449022263852,0.017562941711021,0.0147650359860454,0.139635500515493,0.037693336793264
247,-0.000391235258471869,-0.00050192054997033,-0.000423938368035636,-0.00419711037893743,0.000745877150092106,-0.642978782252612,-0.206071438242361,-0.0772477574173536,-0.990134801668319,6.06588989285228,0.0195617629235935,0.016730684999011,0.0141312789345212,0.139903679297914,0.0372938575046053
248,-0.000388511183024426,-0.000478555401145496,-0.00040571599911222,-0.00420980831066089,0.000739033375463576,-0.642347756638628,-0.194470754877329,-0.0719241029401019,-0.986075350510873,5.98911061501894,0.0194255591512213,0.0159518467048499,0.013523866637074,0.140326943688696,0.0369516687731788
249,-0.00038658899046604,-0.000456403141843253,-0.000389169735913637,-0.00422636861903104,0.000733140560753339,-0.641488634300913,-0.181853479261918,-0.0702617296610697,-0.981946014917412,5.91245139048624,0.019329449523302,0.0152134380614418,0.0129723245304546,0.140878953967701,0.036657028037667
250,-0.0003853528747066,-0.000435141707702891,-0.000375029574578354,-0.00424613339325422,0.000728036721435767,-0.640397591951114,-0.168351070897188,-0.0718413502909243,-0.977747348542835,5.83589187613143,0.01926764373533,0.0145047235900964,0.0125009858192785,0.141537779775141,0.0364018360717884
251,-0.00038470579590071,-0.000414528175412545,-0.000363754130340883,-0.00426855733094656,0.000723586505998573,-0.639111773352852,-0.154284772406754,-0.0758178043724911,-0.973500592635901,5.75948211348987,0.0192352897950355,0.0138176058470848,0.0121251376780294,0.142285244364885,0.0361793252999287
252,-0.000384567567270714,-0.000394402970114539,-0.000355460863619924,-0.00429318448260528,0.000719676471721377,-0.637696169860646,-0.14008827406542,-0.0810682149676722,-0.969222619460197,5.68332084981193,0.0192283783635357,0.0131467656704846,0.0118486954539975,0.143106149420176,0.0359838235860688
253,-0.000384872840701267,-0.000374687334446175,-0.000349909435105388,-0.0043196334330071,0.000716211334013107,-0.636227545101065,-0.126238273878698,-0.0863688239860494,-0.964933375371402,5.60753005515835,0.0192436420350633,0.0124895778148725,0.0116636478368463,0.143987781100237,0.0358105667006554
254,-0.00038556876113715,-0.000355373142441383,-0.000346536233081778,-0.00434758316460959,0.000713110844348119,-0.634777749155546,-0.113180498146903,-0.0905679485185829,-0.960648815180321,5.53222890516736,0.0192784380568575,0.0118457714147128,0.0115512077693926,0.14491943882032,0.035655542217406
255,-0.000386612238789814,-0.000336504849015881,-0.00034454714821208,-0.00437676774955744,0.000710307089691479,-0.633398650506933,-0.101256313200793,-0.0927823236906988,-0.95639476398901,5.45751049230603,0.0193306119394907,0.0112168283005294,0.0114849049404027,0.145892258318581,0.0355153544845739
256,-0.000387966972548252,-0.000318156693648408,-0.000343031201398248,-0.00440695658100665,0.000707742116240783,-0.63211128463081,-0.0906555601432046,-0.0924750088415749,-0.952169634729216,5.38342496497535,0.0193983486274126,0.0106052231216136,0.0114343733799416,0.146898552700222,0.0353871058120391
257,-0.000389600439224169,-0.000300410640944972,-0.000341109430026849,-0.00443795388232395,0.000705365843703885,-0.630900162832404,-0.0814135557902773,-0.0895764708275237,-0.947983497781024,5.30997052578641,0.0194800219612084,0.010013688031499,0.0113703143342283,0.147931796077465,0.0352682921851942
258,-0.000391481170895133,-0.000283329990569435,-0.000338054988814231,-0.00446958144859968,0.00070313429286922,-0.629714231763501,-0.0733713829959015,-0.0844067130856274,-0.943818656651274,5.237094298991,0.0195740585447567,0.00944433301898117,0.011268499627141,0.148986048286656,0.035156714643461
259,-0.000393576594904522,-0.000266943306449471,-0.000333407057676258,-0.00450168119316228,0.000701008154342814,-0.628473385404504,-0.0662473189549928,-0.0776632862198312,-0.939670408115489,5.16470145043968,0.0196788297452261,0.00889811021498237,0.0111135685892086,0.150056039772076,0.0350504077171407
260,-0.00039585169761985,-0.000251233072304943,-0.000327025506132577,-0.00453410434328482,0.000698951735439277,-0.62708007362744,-0.0596687345932878,-0.070247972416837,-0.935517077778059,5.09267184042983,0.0197925848809925,0.0083744357434981,0.0109008502044192,0.151136811442827,0.0349475867719639
261,-0.00528843865863282,0.0287938607127855,0.0101830595117652,-0.0278465232674745,0.0167102976330445,-23.1618426391833,16.6370567126251,1.56173949221738,-4.19645724377915,96.2805103324627,0.264421932931641,0.959795357092849,0.339435317058841,0.928217442249149,0.835514881652225
262,-0.00668768047363234,0.0284783920737795,0.0111153743039339,-0.0277286532184288,0.016549491101363,-24.2055144315145,16.0211959723711,2.23279353008365,-4.1523048810177,94.8835252449953,0.334384023681617,0.949279735792651,0.370512476797796,0.924288440614295,0.827474555068151
263,-0.00800057714497769,0.0281535844734377,0.0123234170564455,-0.0276076585491549,0.0163947701231476,-25.0154591503815,15.6272216179332,2.68270794322234,-4.10955024221948,93.6020914821256,0.400028857248884,0.938452815781258,0.410780568548183,0.920255284971829,0.819738506157381
264,-0.00921674276764693,0.0278525661749803,0.013716353866723,-0.0274813342255184,0.016246416552909,-25.59044091754,15.4985503104399,3.06608112055073,-4.06220240620314,92.4152577340465,0.460837138382346,0.928418872499343,0.457211795557432,0.916044474183947,0.812320827645449
265,-0.0103289815552035,0.0276083164222769,0.0153706364215422,-0.0273359997473163,0.0161044416637889,-25.9370938931625,15.6543433001843,3.59990196443505,-3.98711288084996,91.3006409291484,0.516449077760175,0.920277214075897,0.51235454738474,0.911199991577211,0.805222083189443
266,-0.0113326703204597,0.0274553028868761,0.0175286349040605,-0.0271626407354285,0.0159685181293201,-26.062131865956,16.1312369232292,4.57496182093564,-3.89139191156573,90.229720761954,0.566633516022987,0.915176762895872,0.58428783013535,0.905421357847615,0.798425906466003
267,-0.0122246905944147,0.0274307267811508,0.0202228286635975,-0.0269629159490779,0.0158378430773165,-25.9654098101691,16.9849112569409,5.86491752528673,-3.79450320338037,89.1624245116418,0.611234529720733,0.914357559371695,0.674094288786585,0.898763864969264,0.791892153865826
268,-0.0130030514667729,0.027553898752524,0.0228008109033086,-0.0267245285835315,0.0157111290636625,-25.6485634599812,18.119162155017,6.36575239809645,-3.67053565696551,88.0561336805386,0.650152573338643,0.918463291750799,0.760027030110287,0.890817619451051,0.785556453183123
269,-0.0136681831689241,0.0278425338025767,0.0238442771279315,-0.0264167141466192,0.0155870153408065,-25.1402227752351,19.5620024146592,4.32347221817508,-3.48418060639233,86.8965580104941,0.683409158446207,0.928084460085891,0.794809237597715,0.880557138220639,0.779350767040326
270,-0.0142257538275049,0.0282901523855499,0.0210179815358019,-0.0260679223006819,0.0154649557062719,-24.5215144025224,21.1609695350035,-0.83554555203591,-3.3404615840027,85.7339060803497,0.711287691375243,0.943005079518329,0.70059938452673,0.868930743356062,0.773247785313594
271,-0.0146911554998457,0.0287957079297785,0.013290807267654,-0.0257395824854261,0.015346757167091,-23.9541675250621,22.1102845512178,-6.57133298318513,-3.30188749899207,84.7328067845865,0.734557774992285,0.959856930992617,0.4430269089218,0.857986082847537,0.767337858354549
272,-0.0150899529594078,0.0292296473127325,0.0041170447714627,-0.0253739140962507,0.0152374208799658,-23.622812833537,22.017595347279,-9.69178062291576,-3.16529136284771,84.1285944682113,0.754497647970389,0.974321577091082,0.137234825715423,0.84579713654169,0.761871043998291
273,-0.0154475887970157,0.0293714508429487,-0.00231086410089634,-0.025046334175846,0.0151428075890175,-23.5709211540325,19.9685928475901,-8.2864846854136,-3.15582399366576,84.0078054488913,0.772379439850783,0.979048361431624,0.0770288033632113,0.834877805861532,0.757140379450876
274,-0.0157791915293634,0.0291604027645409,-0.0047798913465355,-0.0248088878239218,0.015066516325465,-23.6861135590516,17.2138610412276,-3.79270262442333,-3.24308102790383,84.2439980772269,0.788959576468168,0.972013425484698,0.159329711551183,0.826962927464059,0.75332581627325
275,-0.016088439001401,0.0285705921782996,-0.00309720194018518,-0.0246598395343551,0.0150090220915845,-23.8203972628526,14.0896783670996,1.73122944829629,-3.34241592781837,84.6399387137353,0.80442195007005,0.952353072609985,0.103240064672839,0.821994651145171,0.750451104579223
276,-0.016369180772413,0.0276468729963925,0.00172836935174278,-0.0245855452989337,0.0149677373242045,-23.8298456679331,11.1722925987578,6.33097825243567,-3.43329941188131,84.9863250152794,0.818459038620648,0.921562433213082,0.0576123117247594,0.819518176631123,0.748386866210225
277,-0.0166095544692687,0.0265317710464285,0.00736002669352152,-0.0245495050887986,0.0149379461855732,-23.6163058696093,9.16322506668621,8.55410768622278,-3.4743530011383,85.1213261501016,0.830477723463434,0.884392368214283,0.245334223117384,0.818316836293287,0.746897309278657
278,-0.0167982434249728,0.0253863398155029,0.0118066288028542,-0.0245088471335472,0.0149145371698136,-23.1687250163759,8.19858038084931,8.00067880163624,-3.44880264606218,84.9895805106371,0.839912171248639,0.846211327183432,0.393554293428472,0.816961571118239,0.745726858490679
279,-0.0169288074263964,0.0243513326324931,0.0140769114626685,-0.0244483835148429,0.0148933793729939,-22.5445966668758,8.17839987007574,5.25876334904751,-3.39704360953874,84.6269582689274,0.846440371319822,0.81171108774977,0.46923038208895,0.814946117161431,0.744668968649694
280,-0.0170010778213982,0.0234826737624738,0.0137628312420935,-0.0243485523558781,0.0148720347355403,-21.8308397029432,8.59503691117425,1.46566724311015,-3.30965427224328,84.1227662749588,0.850053891069909,0.782755792082459,0.458761041403118,0.811618411862604,0.743601736777016
281,-0.0170209234091682,0.0227763701826321,0.0111743886099888,-0.0242398388692064,0.0148501457893995,-21.1192375331848,9.08053516809559,-1.93564154869819,-3.26716267295524,83.6013100592936,0.851046170458412,0.759212339421071,0.372479620332959,0.807994628973548,0.742507289469974
282,-0.0169984632509519,0.0221657978029268,0.00769586246740711,-0.0241011241977082,0.0148292762755298,-20.4818190229616,9.22312645911916,-3.52975769146724,-3.1888773855826,83.1872609194306,0.849923162547595,0.738859926764225,0.25652874891357,0.803370806590273,0.741463813776489
283,-0.0169444696740102,0.02155738332471,0.00460593203197429,-0.023965980814908,0.0148117397991043,-19.942404773019,8.81665899214568,-3.44512250308071,-3.16119816943683,82.9383409916318,0.847223483700508,0.718579444157,0.153531067732476,0.7988660271636,0.740586989955216
284,-0.0168676717170647,0.0208724853254235,0.00254264723267244,-0.0238538032432729,0.0147994195577112,-19.486177059207,7.91903384765646,-2.3791997364242,-3.16575438091604,82.8391797335826,0.843383585853233,0.695749510847449,0.0847549077557479,0.795126774775765,0.739970977885562
285,-0.0167737907480534,0.0200765078378188,0.00157348855988805,-0.0237657458380688,0.014793169420142,-19.0819310796542,6.78123702641642,-1.063368015366,-3.1758913212343,82.8333264848879,0.838689537402672,0.669216927927295,0.052449618662935,0.792191527935626,0.7396584710071
286,-0.0166658360231918,0.0191734827225958,0.00164914359674465,-0.0237179451544014,0.0147927783424784,-18.6990655174668,5.632536349367,0.316158137820821,-3.21578606303774,82.8566050404334,0.833291801159589,0.639116090753195,0.0549714532248218,0.790598171813381,0.739638917123918
287,-0.0165446084934636,0.0181863146206884,0.00263056099476475,-0.0236706934120598,0.0147970664319179,-18.3109533600145,4.5897381062332,1.61652124234024,-3.19869399390882,82.8453429483034,0.827230424673179,0.606210487356279,0.0876853664921582,0.789023113735326,0.739853321595896
288,-0.016409308402867,0.0171451680159385,0.00418623760939803,-0.0236316846344206,0.0148040691359966,-17.8970034369286,3.7034678564396,2.55745147683228,-3.19407891993251,82.7424714009339,0.820465420143351,0.571505600531282,0.139541253646601,0.787722821147353,0.740203456799832
289,-0.0162583878002928,0.0161397064001471,0.00618405306516357,-0.0235845150366035,0.0148113913346295,-17.4466773353288,3.32987653791861,3.39656745040884,-3.16503324029327,82.5092787647463,0.812919390014638,0.537990213338235,0.206135102172119,0.786150501220117,0.740569566731477
290,-0.0160900341201746,0.0152035773096918,0.00846754836122493,-0.0235216359390964,0.0148163735203039,-16.9553463922512,3.17569870048828,4.09306416258914,-3.12315281803421,82.1154124753321,0.804501706008728,0.506785910323061,0.282251612040831,0.784054531303212,0.740818676015196
291,-0.0159025534977379,0.014410079913071,0.0113284492747736,-0.0234237580389974,0.0148162580010236,-16.4233939995029,3.47959111763885,5.31309487996623,-3.04922376585637,81.5398123427258,0.795127674886895,0.480335997102367,0.377614975825785,0.780791934633248,0.740812900051178
292,-0.0156940586415268,0.0138027412080861,0.0152627061469448,-0.0233170662828609,0.0148079117889676,-15.8473480644261,4.10097893450256,7.57696206619585,-3.01089639947349,80.7440074459009,0.784702932076339,0.46009137360287,0.508756871564827,0.777235542762031,0.740395589448379
293,-0.0154619026142401,0.0134144139613284,0.020244764638999,-0.0231877718676758,0.014787269978791,-15.2163556299456,4.99792501045704,10.5578439456622,-2.95043909659398,79.6537027497379,0.773095130712007,0.447147132044279,0.674825487966635,0.772925728922527,0.739363498939549
294,-0.0152030258083666,0.0133622492373685,0.0245999164636517,-0.0229888979338459,0.0147491387232513,-14.5236407786342,6.66469936390968,11.0408397404171,-2.81590027839229,78.1787954554147,0.760151290418328,0.445408307912283,0.819997215455056,0.766296597794864,0.737456936162563
295,-0.0149166637702552,0.0137953808288661,0.0251414196219557,-0.022705649641891,0.0146889262530805,-13.7968807678135,9.35605598215261,4.68958426608879,-2.65046538402203,76.3309093952103,0.745833188512759,0.459846027628869,0.838047320731857,0.756854988063035,0.734446312654026
296,-0.0146085013838184,0.0147353587511466,0.0187978106406048,-0.0223405036380727,0.0146067739909703,-13.1179186689678,12.464072755165,-5.84730870741623,-2.47864795937858,74.3761844125856,0.730425069190922,0.49117862503822,0.626593688020159,0.744683454602423,0.730338699548514
297,-0.0142940778366418,0.0159803643385406,0.00736985231474372,-0.0219206121453665,0.0145113880216988,-12.6155791258498,14.7451406849086,-14.2627257787353,-2.33726332908191,72.8326478520103,0.714703891832091,0.532678811284688,0.245661743824791,0.730687071512217,0.725569401084941
298,-0.0139951720031007,0.0171567059680195,-0.00318018330147482,-0.0215165680636853,0.0144172637821884,-12.3811973674037,15.0471214612935,-16.7254124562533,-2.29223209089469,72.0902379498511,0.699758600155033,0.571890198933982,0.106006110049161,0.717218935456175,0.720863189109418
299,-0.0137298717642975,0.0179513309901641,-0.0100755551392469,-0.0211837217865757,0.014336824931325,-12.3894479440878,13.4633848904286,-13.6234580259043,-2.32944477147612,72.0987534396045,0.686493588214876,0.598377699672138,0.335851837974895,0.706124059552524,0.716841246566249
300,-0.0135078882742431,0.0181777830930013,-0.0128137746023066,-0.0209518857702981,0.0142770236727725,-12.5551589280803,10.5836518810065,-7.07610933318392,-2.41890931192756,72.5981975449486,0.675394413712157,0.605926103100043,0.427125820076888,0.698396192343269,0.713851183638623
301,-0.0133303359302181,0.0178146227209965,-0.0113454021690576,-0.0208263964264433,0.0142390192594215,-12.7832685450358,7.3262123510176,0.50202093120788,-2.52951292168291,73.2837381087847,0.666516796510906,0.593820757366551,0.378180072301919,0.694213214214775,0.711950962971076
302,-0.0131909599679575,0.0169697702307504,-0.00656539038610195,-0.0207784871267942,0.0142185623382812,-12.9855982993377,4.44142498963629,6.72244100314856,-2.61345481249009,73.8444143178185,0.659547998397876,0.56565900769168,0.218846346203398,0.692616237559806,0.71092811691406
303,-0.0130787647159983,0.0158369685079564,-0.000368811063910953,-0.0207803595611085,0.0142076622811777,-13.098518913921,2.43397841700244,10.3006671611183,-2.66841869347445,74.0392468344453,0.653938235799916,0.527898950265214,0.0122937021303651,0.692678652036949,0.710383114058886
304,-0.0129815840857394,0.014629161022325,0.00556570097847352,-0.0207948526437766,0.0141973240495473,-13.0966143899514,1.45938303035109,11.3846598947021,-2.67751710794073,73.767671275391,0.649079204286969,0.487638700744165,0.185523365949117,0.693161754792554,0.709866202477366
305,-0.0128887813282543,0.0135361474375059,0.0101911280525819,-0.020789179658162,0.0141796477086762,-12.985647961159,1.46381839954302,10.3074131311587,-2.64216720552213,73.046286272529,0.644439066412716,0.451204914583531,0.339704268419397,0.692972655272067,0.70898238543381
306,-0.0127926563001021,0.0127101984858799,0.0128067086214217,-0.0207390485446919,0.0141489748690113,-12.7897013271649,2.32212209652971,7.21585074643372,-2.5702716413889,71.964042296031,0.639632815005107,0.423673282862663,0.426890287380722,0.691301618156397,0.707448743450564
307,-0.0126891665301797,0.0122355720969261,0.0129005997643391,-0.0206323649328258,0.0141026454470608,-12.5442454987024,3.74304102820133,2.56688616445899,-2.47604861101536,70.6648259711073,0.634458326508986,0.407852403230869,0.430019992144636,0.68774549776086,0.705132272353042
308,-0.0125783639190346,0.0121099238323791,0.0103890135342432,-0.0204736682536689,0.0140415333836957,-12.2932657257024,5.3134300299007,-2.50157753384883,-2.38126631188607,69.3374617617337,0.628918195951731,0.403664127745971,0.346300451141441,0.682455608455631,0.702076669184785
309,-0.012464322632886,0.0122323552967516,0.0059743300071213,-0.0202805017028743,0.0139699371457146,-12.0835492509741,6.51994609825124,-6.55177172802723,-2.30442174483869,68.1806944737673,0.623216131644297,0.407745176558388,0.19914433357071,0.676016723429145,0.698496857285731
310,-0.0123538938599249,0.0124363851864266,0.000989042992352861,-0.0200727181302648,0.0138943620886875,-11.9510111608179,6.97490697916692,-8.54257935657188,-2.25070984470221,67.3399589095425,0.617694692996244,0.414546172880888,0.0329680997450954,0.669090604342159,0.694718104434377
311,-0.0122543282316856,0.0125472606679312,-0.00324133888844114,-0.0198876111750839,0.0138215407291637,-11.9067141770302,6.56053236184562,-8.15339689552275,-2.24599644752743,66.8596440209512,0.612716411584279,0.418242022264374,0.108044629614705,0.662920372502797,0.691077036458186
312,-0.0121708595568978,0.0124231564435233,-0.00586008072332894,-0.0197407583577409,0.013756629165673,-11.9345122959658,5.37577186946692,-5.8123875351157,-2.2652858785932,66.6846701096802,0.608542977844891,0.414105214784109,0.195336024110965,0.658025278591365,0.687831458283648
313,-0.0121052801423306,0.0119985456997631,-0.00649783090715882,-0.0196434473075953,0.0137021665350462,-12.0002757012116,3.76184792571621,-2.34971305303588,-2.3046291994433,66.6950483378059,0.605264007116528,0.399951523325435,0.216594363571961,0.654781576919843,0.685108326752308
314,-0.0120557006435959,0.0112869776120814,-0.00525634279028669,-0.0195956570122973,0.0136577706416358,-12.0640164823271,2.10045684184479,1.22407396247581,-2.35024266089567,66.741855445116,0.602785032179794,0.376232587069378,0.17521142634289,0.653188567076577,0.682888532081789
315,-0.0120172637633237,0.0103704368328904,-0.00267705170990204,-0.0195808007260555,0.0136205128055788,-12.0903845731846,0.739641667450996,4.02850355726514,-2.38003506183304,66.6831109742816,0.600863188166187,0.345681227763012,0.0892350569967347,0.652693357535183,0.681025640278938
316,-0.0119834579008571,0.0093700348164262,0.000434273155664649,-0.0195771816159273,0.0135858830545452,-12.0560312927864,-0.100056541896265,5.53631635739293,-2.38521173173467,66.4177832368296,0.599172895042853,0.312334493880873,0.0144757718554883,0.652572720530911,0.679294152727261
317,-0.0119475861524008,0.00841717094864642,0.00327409983188662,-0.0195713163266397,0.0135490390153593,-11.9525412048915,-0.326222436797252,5.60771373329771,-2.37404523659279,65.9057018083331,0.597379307620041,0.280572364954881,0.109136661062887,0.652377210887991,0.677451950767966
318,-0.0119040220053009,0.00762526899145409,0.0052255324495739,-0.0195437547042837,0.0135059427440149,-11.7853799611112,0.0220885488033673,4.40660666981785,-2.33709354233724,65.167140360245,0.595201100265044,0.25417563304847,0.174184414985797,0.65145849014279,0.675297137200747
319,-0.0118490867993191,0.00706176147536922,0.00589676293837771,-0.0194835469754402,0.0134541536850574,-11.5707880468108,0.765509591929003,2.25899349629799,-2.28328134653566,64.2691998439204,0.592454339965953,0.235392049178974,0.19655876461259,0.649451565848008,0.672707684252869
320,-0.0117815530794502,0.00674581289992961,0.0051922460556723,-0.0193873772351371,0.0133932512251274,-11.3323540210786,1.697170226862,-0.279839846371033,-2.2213754925815,63.3091206134395,0.58907765397251,0.224860429997654,0.17307486852241,0.646245907837902,0.669662561256369
321,-0.0117027068265751,0.00663913276787621,0.00333453848166217,-0.0192671680589319,0.013324807591492,-11.096526949359,2.54836581575546,-2.59814910123168,-2.17081193227386,62.3917551934028,0.585135341328753,0.221304425595874,0.111151282722072,0.642238935297728,0.666240379574598
322,-0.0116158661635632,0.00665937548858531,0.000830251215351986,-0.0191296527356499,0.0132519016292823,-10.8866845380362,3.09316022708117,-4.15151816355319,-2.12626785128123,61.6048043320916,0.58079330817816,0.221979182952844,0.0276750405117329,0.637655091188332,0.662595081464116
323,-0.0115253672515699,0.0067042154561992,-0.00167627084789638,-0.0189928224021773,0.0131782652555648,-10.7169444947885,3.20406833793641,-4.61116970768671,-2.10293928830652,60.9972537188241,0.576268362578496,0.223473848539973,0.0558756949298792,0.633094080072576,0.658913262778242
324,-0.0114352900742659,0.00667767220916735,-0.00361503202451354,-0.0188698948179401,0.0131073067163114,-10.5885463858613,2.87171289528487,-3.98579188299664,-2.09672532491822,60.5693518866701,0.571764503713293,0.222589073638912,0.120501067483785,0.628996493931336,0.655365335815569
325,-0.0113483807192675,0.00651463771323978,-0.00462569824344032,-0.0187702284412051,0.0130413189332218,-10.4909392939589,2.20572815123887,-2.56321097936052,-2.10418064511941,60.278301012886,0.567419035963374,0.217154590441326,0.154189941448011,0.625674281373502,0.65206594666109
326,-0.0112654886821766,0.00619410864424843,-0.00460250910732513,-0.0186974325312698,0.0129810491320473,-10.4064088316136,1.38922701353295,-0.782836589223734,-2.11906048889432,60.0538530716221,0.563274434108831,0.206470288141614,0.153416970244171,0.623247751042326,0.649052456602365
327,-0.0111855815791662,0.00573824465030421,-0.00369436840095448,-0.0186443517129118,0.0129256717550798,-10.3157557703071,0.615733047197864,0.877639982945766,-2.12817847113911,59.8175062611972,0.55927907895831,0.191274821676807,0.123145613365149,0.621478390430393,0.646283587753989
328,-0.0111062309283302,0.00520427150898963,-0.00223763285465773,-0.0186064568634299,0.0128731393593761,-10.2032976064947,0.0551484822608472,2.05018637871035,-2.13401528867507,59.5020131413548,0.555311546416511,0.173475716966321,0.0745877618219243,0.620215228780996,0.643656967968804
329,-0.0110243597668635,0.00466012384491349,-0.000649790167553427,-0.0185716730912895,0.0128207842584385,-10.0600349946944,-0.222795177933222,2.54097883612303,-2.12660519878227,59.0658593193893,0.551217988343176,0.155337461497116,0.0216596722517809,0.61905576970965,0.641039212921925
330,-0.0109370169560292,0.00417679000436139,0.000682183843935942,-0.0185292098742166,0.0127659873268751,-9.88455145602529,-0.179666352551067,2.34003883178957,-2.10619905374188,58.4993021186619,0.546850847801461,0.139226333478713,0.0227394614645314,0.617640329140554,0.638299366343755
331,-0.0108420338228359,0.00380687603461921,0.00147422265439665,-0.018474743020446,0.0127067467697708,-9.68241155305805,0.126977902255021,1.57262987841023,-2.07963842058234,57.8220634815807,0.542101691141797,0.12689586782064,0.0491407551465551,0.615824767348199,0.635337338488538
332,-0.0107384579425476,0.00357603725970216,0.00158254002835963,-0.0184014161987624,0.012642046696952,-9.46435866580941,0.594532959894423,0.45423658434629,-2.04333520059663,57.0754429611497,0.536922897127381,0.119201241990072,0.0527513342786543,0.613380539958747,0.632102334847598
333,-0.0106267229067926,0.00348059476876267,0.0010300894981731,-0.0183116719059796,0.0125719873444536,-9.24390695445254,1.10029694837976,-0.728851570102051,-2.00800861193784,56.3116474324943,0.531336145339631,0.116019825625422,0.0343363166057702,0.610389063532653,0.628599367222682
334,-0.0105085167744393,0.00349113383744697,-2.08256153692891e-05,-0.0182076667945706,0.0124976558943394,-9.03435454347346,1.52752346480156,-1.72104697639952,-1.97359256162599,55.581116898793,0.525425838721964,0.116371127914899,0.000694187178976304,0.606922226485687,0.624882794716968
335,-0.010386391587658,0.00355753480061754,-0.0012987901504736,-0.0180975969524635,0.0124207979622868,-8.84601892721548,1.77307333501631,-2.30405750016871,-1.94769661902683,54.9218991886846,0.519319579382901,0.118584493353918,0.0432930050157866,0.603253231748785,0.621039898114339
336,-0.010263171808455,0.00362487132373929,-0.00250765977461884,-0.0179866598614515,0.0123433505945179,-8.68388784624585,1.79719620405194,-2.39180536141248,-1.92756154092422,54.3513582761079,0.513158590422749,0.120829044124643,0.0835886591539615,0.599555328715051,0.617167529725897
337,-0.0101413445063095,0.00364578926377281,-0.00339939192813381,-0.017887494445728,0.0122669763343897,-8.54698332204862,1.61330212677058,-2.02255023737052,-1.92273606330673,53.8643532649985,0.507067225315477,0.121526308792427,0.113313064271127,0.596249814857599,0.613348816719487
338,-0.0100225907725138,0.00359039367538913,-0.00383490306357295,-0.0178008398752128,0.0121927082391528,-8.42932153659604,1.28103506540356,-1.35305130243069,-1.92022865121544,53.4369010063074,0.501129538625689,0.119679789179638,0.127830102119098,0.593361329173758,0.609635411957642
339,-0.00990757562034223,0.00345186900292479,-0.00380033274494421,-0.0177260735919198,0.0121207905958279,-8.32214894444405,0.890639214503608,-0.587714755511115,-1.91847288078861,53.0344610558586,0.495378781017112,0.115062300097493,0.126677758164807,0.590869119730659,0.606039529791393
340,-0.00979600922011754,0.00324358584527646,-0.00338267285886956,-0.0176648098506383,0.0120507264829136,-8.21649296085525,0.527555131384361,0.0953033315909124,-1.92006574025072,52.6215198499358,0.489800461005877,0.108119528175882,0.112755761962319,0.588826995021278,0.602536324145678
341,-0.00968690070614786,0.00299235796845433,-0.00274144495158174,-0.0176100416648564,0.011981478435045,-8.10512753105286,0.254740217542349,0.555988631276705,-1.91489872918282,52.1693285645597,0.484345035307393,0.0997452656151443,0.0913814983860581,0.587001388828547,0.599073921752248
342,-0.00957892020029332,0.00272997485043186,-0.00205509790986672,-0.0175600195143799,0.0119117637713896,-7.98384293489107,0.103135067774929,0.738778207960422,-1.9084595669483,51.6613614615835,0.478946010014666,0.090999161681062,0.0685032636622241,0.585333983812663,0.59558818856948
343,-0.0094707604979043,0.00249027760764303,-0.0014739666696681,-0.017508166983272,0.0118403523379514,-7.85172300538761,0.0926990185234899,0.666816908960755,-1.89485010764656,51.0946277097446,0.473538024895215,0.0830092535881011,0.0491322223222701,0.583605566109065,0.592017616897571
344,-0.00936142991940703,0.00229482583578686,-0.00111474124754688,-0.0174508174200131,0.01176629669554,-7.71074641079394,0.183057494496097,0.37660653219973,-1.87680517797162,50.4775764898113,0.468071495970352,0.0764941945262286,0.0371580415848961,0.581693914000438,0.588314834777002
345,-0.00925044332988376,0.0021557401789878,-0.00103346908574219,-0.0173855557044754,0.0116890866095348,-7.56501179921543,0.341672707691032,-0.0439463497059478,-1.85541334872141,49.8273288860673,0.462522166494188,0.07185800596626,0.0344489695247396,0.579518523482514,0.584454330476738
346,-0.0091378900101247,0.00207497285371677,-0.00122910649399499,-0.0173111159323803,0.0116086970216133,-7.41968033139528,0.529746437223366,-0.504576787534461,-1.83177330427498,49.1651281276972,0.456894500506235,0.069165761790559,0.0409702164664996,0.577037197746009,0.580434851080663
347,-0.00902438943545662,0.00204116327029431,-0.00165207215953827,-0.017232059992899,0.0115255435751705,-7.27993668078852,0.691929576532857,-0.922052950045327,-1.81254742642523,48.5120617202028,0.451219471772831,0.0680387756764769,0.0550690719846091,0.574401999763302,0.576277178758526
348,-0.00891094456233689,0.00203533436676603,-0.0022214478432231,-0.017150754398504,0.0114403640814024,-7.14996500619236,0.792288328739232,-1.23594845717889,-1.79566428755606,47.8853245681421,0.445547228116844,0.0678444788922011,0.0740482614407699,0.571691813283467,0.572018204070119
349,-0.00879873847792952,0.00203458558935022,-0.00285173534980813,-0.0170704676527156,0.0113540602284958,-7.03229437476693,0.807811658205537,-1.4267847359406,-1.78241118760525,47.2958516934341,0.439936923896476,0.0678195196450074,0.0950578449936044,0.569015588423854,0.567703011424791
350,-0.008688928030369,0.00201456317714319,-0.00345472798107134,-0.0169935681350322,0.0112675441760127,-6.92761814548248,0.724536694178823,-1.477474636431,-1.77208594777767,46.747931421578,0.43444640151845,0.0671521059047729,0.115157599369045,0.566452271167741,0.563377208800636
351,-0.00858244706935497,0.00195811844181367,-0.00398139286557013,-0.0169196390573113,0.0111815942281126,-6.83473413118918,0.563802001352087,-1.44102321087303,-1.76173233171539,46.2390477230201,0.429122353467749,0.0652706147271225,0.132713095519004,0.563987968577044,0.559079711405629
352,-0.00847990465285643,0.0018501421269627,-0.00441329564034839,-0.0168566592940393,0.0110967855637656,-6.75129825594922,0.328234669950689,-1.36167892605954,-1.76090290096909,45.7628597609983,0.423995232642821,0.06167140423209,0.14710985467828,0.561888643134643,0.554839278188282
353,-0.00838154528146451,0.001683713830877,-0.00476602949247462,-0.0168045037149069,0.0110134741130928,-6.67433638909642,0.0462929722289118,-1.29374141351946,-1.76117208070536,45.3114352626471,0.419077264073225,0.0561237943625667,0.158867649749154,0.56015012383023,0.550673705654641
354,-0.00828728692967971,0.00145605122481565,-0.00506904596595409,-0.0167609818268686,0.0109318372641874,-6.6009469594519,-0.267337338755169,-1.26262426192625,-1.760172737022,44.877848492888,0.414364346483985,0.0485350408271883,0.168968198865136,0.558699394228954,0.546591863209368
355,-0.00819678921942341,0.00116554280607883,-0.00537188037737688,-0.0167296678123638,0.0108519338658754,-6.52861353387379,-0.608638188168698,-1.30588133970377,-1.76420071056782,44.4572407729993,0.40983946097117,0.0388514268692943,0.179062679245896,0.55765559374546,0.542596693293772
356,-0.00810954900025163,0.000813880439430141,-0.00571121040900495,-0.0167090348918018,0.0107737886986567,-6.45551198772409,-0.964648413628311,-1.40940710480209,-1.76785619714792,44.0481850523611,0.405477450012582,0.0271293479810047,0.190373680300165,0.556967829726727,0.538689434932834
357,-0.00802497963653381,0.000399605170281787,-0.00612133083270978,-0.0166971809197587,0.0106974522230277,-6.38043190974713,-1.34726071792102,-1.57457894374602,-1.77055367430512,43.6518692526988,0.401248981826691,0.0133201723427262,0.204044361090326,0.556572697325289,0.534872611151384
358,-0.00794247376814238,-7.99898845143886e-05,-0.00660934884990823,-0.0166966232955413,0.0106230504073697,-6.30268341296869,-1.76182540599257,-1.7618060235236,-1.77705123064698,43.2718648835362,0.397123688407119,0.00266632948381295,0.220311628330274,0.556554109851376,0.531152520368487
359,-0.00786142143492262,-0.000632431526751075,-0.00715587612126019,-0.0167079394560377,0.0105507902834567,-6.2217341314863,-2.22836395892045,-1.92881575458159,-1.78542969933915,42.9122874743371,0.393071071746131,0.0210810508917025,0.238529204042007,0.556931315201257,0.527539514172835
360,-0.00778118016942537,-0.00126689767341695,-0.00770906397720484,-0.0167314449969103,0.0104809240620602,-6.13678416357288,-2.75598934422305,-2.01974974288532,-1.79545011860682,42.5759268000547,0.389059008471269,0.0422299224472317,0.256968799240161,0.557714833230342,0.524046203103011
361,-0.00770100111770852,-0.00199194333830164,-0.00817290429269078,-0.0167696323428012,0.0104136653938431,-6.04634533146964,-3.34551006631045,-1.95499351548278,-1.80956120402698,42.2619400490021,0.385050055885426,0.0663981112767215,0.272430143089693,0.55898774476004,0.520683269692156
362,-0.00761990108709066,-0.00281298350814717,-0.00843086887284576,-0.0168215388295863,0.0103490401891724,-5.94770009115564,-3.98781236754076,-1.68750095781434,-1.82417925202571,41.9625838276261,0.380995054354533,0.0937661169382391,0.281028962428192,0.560717960986209,0.517452009458619
363,-0.00753651842570474,-0.00372240736840191,-0.00837347666241797,-0.0168866078187918,0.0102867097084655,-5.8366675148136,-4.63406842300174,-1.21319642971685,-1.8396509926788,41.6614193545684,0.376825921285237,0.124080245613397,0.279115888747266,0.562886927293059,0.514335485423276
364,-0.00744900939920065,-0.00469679536171301,-0.00795116411585431,-0.0169612748950784,0.0102258169588357,-5.707870157039,-5.22010675354068,-0.615097571881051,-1.85259511226832,41.3337204611253,0.372450469960032,0.156559845390434,0.26503880386181,0.565375829835948,0.511290847941786
365,-0.00735506026282075,-0.00569410940957078,-0.0072176443421025,-0.0170401317847437,0.0101649474170477,-5.55570392634763,-5.66495207408479,-0.0526472240380826,-1.86061324825459,40.9510484314524,0.367753013141038,0.189803646985693,0.24058814473675,0.568004392824792,0.508247370852384
366,-0.00725208703517289,-0.00665868252965111,-0.00633218340130133,-0.0171153525327373,0.0101022752732544,-5.37602856752528,-5.90003199022249,0.299768499871789,-1.86049554713463,40.4894149960455,0.362604351758644,0.221956084321704,0.211072780043378,0.570511751091242,0.505113763662721
367,-0.00713762437363945,-0.00753187239524769,-0.00552130210725908,-0.0171790361946345,0.0100358846176369,-5.16799307206384,-5.89317841331649,0.315425087364929,-1.85136512186546,39.9376271036544,0.356881218681973,0.251062413174923,0.184043403575303,0.57263453982115,0.501794230881844
368,-0.00700982962483725,-0.00826447126111884,-0.0050033212852622,-0.0172237839790082,0.00996417958639365,-4.93532461291579,-5.65978122381239,-0.0232125023558183,-1.83297768785451,39.3024167135536,0.350491481241862,0.275482375370628,0.166777376175407,0.574126132633606,0.498208979319683
369,-0.0068679516253824,-0.00882878525092501,-0.00491954680248548,-0.0172461795024745,0.00988624185510691,-4.68635652055127,-5.26626105965988,-0.625302286607621,-1.80893989067954,38.6075943902142,0.34339758126912,0.2942928416975,0.163984893416183,0.574872650082483,0.494312092755346
370,-0.00671261086834744,-0.00922352303853836,-0.00528318401897363,-0.0172457040228838,0.00980201872774241,-4.43267655441559,-4.80607427334689,-1.31020842559337,-1.78207362409921,37.8878474384692,0.335630543417372,0.307450767951279,0.176106133965788,0.574856800762795,0.49010093638712
371,-0.00654577980537242,-0.00947369414314264,-0.00598030924202003,-0.0172263610174577,0.00971227137183266,-4.18667563508279,-4.38133644593108,-1.88189702498676,-1.75723958932394,37.1788454197031,0.327288990268621,0.315789804771421,0.199343641400668,0.574212033915256,0.485613568591633
372,-0.00637045696473452,-0.00962105529580179,-0.00680051851236295,-0.0171938846619369,0.00961830701808739,-3.95885026932774,-4.06577077228576,-2.17406506862972,-1.73671465972802,36.5075662546133,0.318522848236726,0.320701843193393,0.226683950412098,0.57312948873123,0.480915350904369
373,-0.00619010788136896,-0.00971249422536351,-0.00750341941023943,-0.0171551343660799,0.00952157019970816,-3.75554852098503,-3.89360749409207,-2.10941630371053,-1.72228278643161,35.8851740361388,0.309505394068448,0.323749807512117,0.250113980341314,0.571837812202662,0.476078509985408
374,-0.00600801866397451,-0.00978612081644599,-0.00789025015453111,-0.0171156367155851,0.00942321920716891,-3.57783425670277,-3.84733051078001,-1.71853799201926,-1.71319228684297,35.3049168245434,0.300400933198726,0.326204027214866,0.26300833848437,0.570521223852838,0.471160960358445
375,-0.00582673398172666,-0.00986146823000717,-0.0078635214433851,-0.0170784185423816,0.00932381243720731,-3.42177989068659,-3.86914225032342,-1.13229948851767,-1.70731218872788,34.7453870642767,0.291336699086333,0.328715607666906,0.26211738144617,0.569280618079387,0.466190621860366
376,-0.00564773874637453,-0.00993635660638446,-0.00745219466034761,-0.0170429691984423,0.00922319732646191,-3.280182280605,-3.88324738651136,-0.534216735559312,-1.70116477079318,34.1781634767813,0.282386937318726,0.331211886879482,0.248406488678254,0.568098973281409,0.461159866323096
377,-0.00547147761741712,-0.0099900366474722,-0.00679689764333789,-0.0170064736855342,0.00912062702943565,-3.14524036184594,-3.81868462113744,-0.0995018649518897,-1.69224800742995,33.5772263349554,0.273573880870856,0.333001221582407,0.22656325477793,0.566882456184473,0.456031351471782
378,-0.00529770858631205,-0.00999238702315692,-0.00609767921419919,-0.0169640658080835,0.00901505867811984,-3.01141725458365,-3.63327607715291,0.0635861135833693,-1.67811282153707,32.9271636701378,0.264885429315602,0.333079567438564,0.20325597380664,0.565468860269452,0.450752933905992
379,-0.00512606383664931,-0.00991580960134352,-0.00554811494277752,-0.0169114836545434,0.00890552621391914,-2.87743952640085,-3.32677214828436,-0.0609619223723712,-1.65892986387917,32.2274116842891,0.256303191832466,0.330526986711451,0.184937164759251,0.563716121818113,0.445276310695957
380,-0.00495661821823736,-0.00974426088132921,-0.00527455861595216,-0.0168460035179755,0.00879146624095339,-2.74673928743141,-2.93377826778851,-0.397127240603368,-1.63591659998019,31.4915579031094,0.247830910911868,0.324808696044307,0.175818620531739,0.561533450599184,0.43957331204767
381,-0.00479026441864397,-0.00947926704367746,-0.00530533264782549,-0.0167672515507101,0.00867289671842323,-2.62620695480109,-2.51502742685261,-0.814052211808303,-1.6112907076149,30.7422241803579,0.239513220932198,0.315975568122582,0.176844421594183,0.55890838502367,0.433644835921161
382,-0.0046287758402237,-0.009139470230812,-0.00557234324322453,-0.0166782772957644,0.00855040841771,-2.52382102644333,-2.1348883342398,-1.17066359280216,-1.58861270733723,30.0037579984291,0.231438792011185,0.304649007693733,0.185744774774151,0.555942576525479,0.4275204208855
383,-0.00447455075304041,-0.00875555290913827,-0.00594271682956369,-0.0165832454347926,0.00842498976892202,-2.44602533030047,-1.84400950161034,-1.36068009737755,-1.56934502911099,29.2951729522883,0.223727537652021,0.291851763637942,0.198090560985456,0.55277484782642,0.421249488446101
384,-0.00433013513619061,-0.00836170366404028,-0.00626605542714964,-0.0164873699493019,0.00829775547544948,-2.39571579868425,-1.66513713566019,-1.3399560907601,-1.55497950572681,28.6254998479762,0.21650675680953,0.278723455468009,0.208868514238321,0.549578998310063,0.414887773772474
385,-0.00419768226135154,-0.00798696832651003,-0.00642235672091278,-0.016394839081623,0.00816966961162063,-2.37139924365692,-1.59029437213576,-1.13383676875856,-1.54494551225071,27.9926234338745,0.209884113067577,0.266232277550334,0.214078557363759,0.546494636054099,0.408483480581031
386,-0.00407851694824546,-0.0076493939631962,-0.00635391254053468,-0.0163083626845223,0.00804134652977714,-2.36770140077169,-1.58850636125862,-0.819492100845309,-1.53810634174079,27.3855802231537,0.203925847412273,0.254979798773207,0.211797084684489,0.543612089484077,0.402067326488857
387,-0.00397292511131134,-0.00735327320515675,-0.0060748881403879,-0.0162284507720891,0.00791297777902172,-2.37693637927805,-1.61538501174618,-0.496239256335684,-1.532443063752,26.7891173928092,0.198646255565567,0.245109106838558,0.202496271346263,0.540948359069636,0.395648888951086
388,-0.00388021645387918,-0.00709099994543798,-0.00565827402138644,-0.0161535327791265,0.00778439116424967,-2.39121321214952,-1.62905547654191,-0.252737071377851,-1.52585765704316,26.1889189084741,0.194010822693959,0.236366664847933,0.188609134046215,0.538451092637551,0.389219558212483
389,-0.00379902040783004,-0.00684794864590211,-0.00520762816143934,-0.0160810864309659,0.00765520786124587,-2.40439006688575,-1.60165832085113,-0.143096506235452,-1.51722189002612,25.5758559717378,0.189951020391502,0.228264954863404,0.173587605381311,0.536036214365531,0.382760393062293
390,-0.00372770873201439,-0.00660853953824545,-0.0048244220003429,-0.016008438329352,0.00752503950333397,-2.41330701101106,-1.52508173528076,-0.177408455783734,-1.5061424551277,24.9481654611827,0.18638543660072,0.220284651274848,0.160814066678097,0.533614610978402,0.376251975166699
391,-0.00366481188884809,-0.0063617217520245,-0.00457992560217261,-0.0159335380378803,0.00739366418438551,-2.418017634227,-1.41065182106104,-0.324621360050514,-1.49300496445903,24.3112516636756,0.183240594442404,0.21205739173415,0.152664186739087,0.531117934596011,0.369683209219276
392,-0.00360931032386166,-0.00610463545086861,-0.00449959778148507,-0.0158558187352896,0.00726113358943017,-2.42105163920314,-1.28419034695071,-0.527310698998917,-1.47912943816664,23.675463910422,0.180465516193083,0.203487848362287,0.149986592716169,0.528527291176321,0.363056679471509
393,-0.00356073242333462,-0.00584315270962495,-0.00456160787496536,-0.0157760658955421,0.00712778957958609,-2.42604543245761,-1.17591290518249,-0.720230110573539,-1.46583712876236,23.0527674705172,0.178036621166731,0.194771756987498,0.152053595832179,0.525868863184737,0.356389478979304
394,-0.00351905403617225,-0.00559007026291045,-0.00470877530880505,-0.0156962015503042,0.00699419585095806,-2.43620824335267,-1.1122132161745,-0.849492062116042,-1.45435192621335,22.4533513801362,0.175952701808612,0.186335675430348,0.156959176960168,0.523206718343472,0.349709792547903
395,-0.00348445195991359,-0.00536125174276898,-0.00486788009723331,-0.0156186785019332,0.0068610133059356,-2.45308321950688,-1.10787277549207,-0.884628464064008,-1.44538673566785,21.8831237418726,0.174222597995679,0.178708391425633,0.162262669907777,0.520622616731108,0.34305066529678
396,-0.00345699705907915,-0.0051710747634608,-0.00497132825208674,-0.0155457330412238,0.00672885849245367,-2.47590219260019,-1.16249974894345,-0.824347305297124,-1.43894799521149,21.3426156608421,0.172849852953958,0.172369158782027,0.165710941736225,0.518191101374128,0.336442924622684
397,-0.00343638241037903,-0.00502876999937822,-0.00497464422217258,-0.0154788275959486,0.00659818515526431,-2.50166388241269,-1.26236113487721,-0.693196781185179,-1.43446170227435,20.8274417718712,0.171819120518951,0.167625666645941,0.165821474072419,0.515960919864953,0.329909257763216
398,-0.0034217626831167,-0.00493608708341933,-0.00486574048274636,-0.0154181971926982,0.00646921792243004,-2.52584081636087,-1.38398969170339,-0.531856269390119,-1.43082963518282,20.3299977818006,0.171088134155835,0.164536236113978,0.162191349424879,0.513939906423274,0.323460896121502
399,-0.00341174523950461,-0.00488734097210115,-0.0046653497356738,-0.0153629127820272,0.00634195025030974,-2.54347774330199,-1.5018416638668,-0.385535902296397,-1.42690705047244,19.841808093588,0.17058726197523,0.162911365736705,0.155511657855793,0.512097092734239,0.317097512515487
400,-0.00340453145860959,-0.00487113005657618,-0.00441852950152373,-0.0153111349184873,0.00621620162788706,-2.55037388456003,-1.59415031362187,-0.29130025836821,-1.42169873242892,19.3558780267722,0.170226572930479,0.162371001885873,0.147284316717458,0.510371163949576,0.310810081394353
401,-0.00339816587460164,-0.00487354698964105,-0.00418052176561124,-0.0152606894434235,0.00609171364015147,-2.5440252613862,-1.64862039696345,-0.269122488134599,-1.41470168500746,18.8684237514281,0.169908293730082,0.162451566321368,0.139350725520375,0.508689648114116,0.304585682007574
402,-0.00339082302076217,-0.00488175129147363,-0.0040009094604714,-0.0152095568198004,0.00596825592487233,-2.52408331903098,-1.66461536764473,-0.317890931000875,-1.40586975362567,18.3795787381769,0.169541151038109,0.162725043049121,0.13336364868238,0.506985227326679,0.298412796243616
403,-0.0033810543861189,-0.00488692422585622,-0.00391008787153724,-0.0151563925451612,0.00584571252046728,-2.49222850811748,-1.65205092685028,-0.416840337038593,-1.39568640747711,17.8929677156248,0.169052719305945,0.162897474195207,0.130336262384575,0.505213084838706,0.292285626023364
404,-0.00336793116326177,-0.00488582006685013,-0.00391184038826076,-0.0151007351819287,0.00572412593588495,-2.45151570652524,-1.62739874781437,-0.532518380396141,-1.38490088943399,17.4143279423333,0.168396558163089,0.162860668895004,0.130394679608692,0.503357839397623,0.286206296794248
405,-0.00335105056353494,-0.00488068860251431,-0.0039837966945301,-0.0150430463509355,0.00560368937788031,-2.4054030939169,-1.60852172939485,-0.628911457170034,-1.37437987859812,16.9496234002509,0.167552528176747,0.16268962008381,0.132793223151003,0.501434878364517,0.280184468894016
406,-0.00333041316894931,-0.004877490957998,-0.00408523990192316,-0.0149843433066222,0.00548469263589127,-2.35675390058532,-1.60879665486391,-0.677719649502251,-1.36471051973786,16.5032119821262,0.166520658447465,0.162583031933267,0.136174663397439,0.49947811022074,0.274234631794563
407,-0.00330621513890721,-0.0048832225023439,-0.00416976050327934,-0.0149258471946844,0.00536744001214552,-2.30709739184931,-1.63355173413038,-0.666001432136909,-1.35618388185321,16.0765841098964,0.165310756945361,0.162774083411463,0.138992016775978,0.497528239822814,0.268372000607276
408,-0.00327862098817721,-0.00490304150509078,-0.00419907564709571,-0.0148684221977373,0.0052521657078283,-2.25634456796797,-1.67864487480074,-0.599275347212824,-1.34856095996838,15.6680003624388,0.16393104940886,0.163434716836359,0.139969188236524,0.49561407325791,0.262608285391415
409,-0.00324758618447971,-0.00493817322649981,-0.00415380460011634,-0.014812363070427,0.00513897190476018,-2.20302493517011,-1.73228256585389,-0.498919308711265,-1.3413642921023,15.2730971888104,0.162379309223986,0.16460577421666,0.138460153337211,0.493745435680901,0.256948595238009
410,-0.00321278138353178,-0.00498514165176228,-0.00403839639441666,-0.0147571722586479,0.00502780695602683,-2.14495169075235,-1.77892185433848,-0.395332742755272,-1.33385039134737,14.8862340483902,0.160639069176589,0.166171388392076,0.134613213147222,0.491905741954929,0.251390347801341
411,-0.00317363908589876,-0.00503649217112622,-0.00387845844631035,-0.014701700776463,0.00491848891871872,-2.08010846790785,-1.80408867549886,-0.318046260190386,-1.32534367594417,14.502165391832,0.158681954294938,0.167883072370874,0.129281948210345,0.490056692548765,0.245924445935936
412,-0.00312950437596678,-0.00508279947719296,-0.0037116303926948,-0.0146445106264357,0.00481076543033468,-2.0074713916074,-1.79891272296118,-0.286590899349903,-1.31546288457685,14.117507625997,0.156475218798339,0.169426649239765,0.123721013089827,0.488150354214522,0.240538271516734
413,-0.00307983821554122,-0.0051152164707898,-0.00357483584508973,-0.014584232188165,0.00470438995628969,-1.92750308769973,-1.76251516336379,-0.304546192637645,-1.3041470913322,13.731555063714,0.153991910777061,0.170507215692993,0.119161194836324,0.486141072938834,0.235219497814485
414,-0.00302440443546756,-0.00512777329211353,-0.00349221349246019,-0.0145199586609392,0.00459918969052764,-1.84215683475486,-1.70189106256657,-0.359030653953596,-1.29172124729848,13.3462050121125,0.151220221773378,0.170925776403784,0.11640711641534,0.483998622031305,0.229959484526382
415,-0.00296337743962445,-0.00511865521298872,-0.00346769784682949,-0.0144514294132646,0.00449510387086666,-1.75439480585737,-1.62914265160907,-0.425628882112505,-1.27872648931771,12.9650511280488,0.148168871981223,0.170621840432957,0.11558992822765,0.481714313775486,0.224755193543333
416,-0.00289733500316784,-0.00509011816306118,-0.00348469178837722,-0.0143790465493491,0.00439218173092962,-1.6673898562658,-1.55729551238437,-0.477119240258617,-1.2657753586609,12.5919784420603,0.144866750158392,0.169670605435373,0.116156392945907,0.479301551644969,0.219609086546481
417,-0.00282714001778542,-0.00504713585307766,-0.00351262980381372,-0.0143036248861301,0.00429054322102448,-1.58368672941833,-1.49605964907096,-0.492712503046278,-1.25329841239363,12.2297533368965,0.141357000889271,0.168237861769255,0.117087660127124,0.476787496204336,0.214527161051224
418,-0.00275375202191396,-0.00499526600953859,-0.00351808404075024,-0.0142260745158837,0.00419031790064891,-1.5046020587306,-1.44886681709977,-0.46489967985508,-1.24145897302697,11.879079377195,0.137687601095698,0.16650886698462,0.117269468025008,0.474202483862792,0.209515895032446
419,-0.0026780322819317,-0.00493853156382234,-0.00347636673552666,-0.0141470502541318,0.00409158425251427,-1.43005814720709,-1.41232749683695,-0.401376640866147,-1.23009539038321,11.5384209698277,0.133901614096585,0.164617718794078,0.115878891184222,0.471568341804395,0.204579212625714
420,-0.00260060641349074,-0.00487802378969028,-0.00337958508888224,-0.0140667283369541,0.00399433051179162,-1.35888920453908,-1.37801986966224,-0.321607224122999,-1.21881270274571,11.2046167532753,0.130030320674537,0.162600792989676,0.112652836296075,0.468890944565136,0.199716525589581
421,-0.00252182677090014,-0.00481167333176852,-0.00323854459679789,-0.0139847792304434,0.00389844970389763,-1.28949560803449,-1.33593556483902,-0.249521464183999,-1.20714970648805,10.8740311691236,0.126091338545007,0.160389111058951,0.10795148655993,0.466159307681445,0.194922485194881
422,-0.00244184108382739,-0.00473521888716606,-0.00307787087414595,-0.0139005079455553,0.00380376918855137,-1.22060606031482,-1.27833481997186,-0.204720822694071,-1.19473483323418,10.5438204366237,0.12209205419137,0.157840629572202,0.102595695804865,0.463350264851844,0.190188459427569
423,-0.00236073525272033,-0.00464392854470443,-0.00292638927538847,-0.0138131472479099,0.00371010259625696,-1.1518668111421,-1.20246895448872,-0.195667089428753,-1.18144150860644,10.2128537696444,0.118036762636016,0.154797618156814,0.0975463091796156,0.460438241596996,0.185505129812848
424,-0.00227869216471117,-0.00453445588762671,-0.00280647930801039,-0.0137221429627586,0.00361730449222086,-1.0840477466445,-1.11149046006176,-0.217269659970043,-1.16740479484179,9.88197551237135,0.113934608235559,0.151148529587557,0.093549310267013,0.457404765425286,0.180865224611043
425,-0.00219610440639149,-0.00440611077500073,-0.00272639875345835,-0.0136273706005457,0.00352530801682975,-1.01880257489029,-1.01306083706731,-0.253611885909777,-1.15298027822064,9.55354790676211,0.109805220319575,0.146870359166691,0.0908799584486115,0.454245686684855,0.176265400841487
426,-0.00211359856115352,-0.00426112097049116,-0.00267824301986996,-0.0135291754721684,0.00343413301197294,-0.958092239216057,-0.916431506539084,-0.284488698980567,-1.13859682642214,9.23048399045001,0.105679928057676,0.142037365683039,0.0892747673289985,0.450972515738948,0.171706650598647
427,-0.00203196374885949,-0.00410384823327413,-0.00264205933033591,-0.0134282548235654,0.00334386363131714,-0.903502281062174,-0.829142292104734,-0.293229443286691,-1.12461259732299,8.91515542093657,0.101598187442975,0.136794941109138,0.0880686443445304,0.447608494118846,0.167193181565857
428,-0.00195201373492908,-0.00393929708741416,-0.00259423121388852,-0.0133254061148269,0.00325460579755388,-0.855716590422162,-0.754534717088973,-0.272724264505086,-1.11118115455611,8.60858753526372,0.0976006867464541,0.131309902913806,0.086474373796284,0.444180203827563,0.162730289877694
429,-0.00187443598217804,-0.00377153677805675,-0.00251671904115325,-0.0132212838367314,0.00316644175368813,-0.814338702639361,-0.691070383709302,-0.227464086037799,-1.09823898696959,8.31022232432588,0.0937217991089018,0.125717892601892,0.0838906347051084,0.440709461224381,0.158322087684407
430,-0.00179968367810112,-0.00360258308639248,-0.00240362268035479,-0.013116206480153,0.00307939893795884,-0.77811041478526,-0.633375123015867,-0.171081037478871,-1.08553235008912,8.01829837769219,0.0899841839050561,0.120086102879749,0.0801207560118264,0.437206882671766,0.153969946897942
431,-0.000178769643863411,0.000221995702228433,-5.15269020291771e-05,-0.00489999457913115,0.000199225976069806,-0.127015152884269,0.0805438855877583,-0.00716518798071775,-0.547720526355988,0.652762197432821,0.00893848219317055,0.00739985674094778,0.00171756340097257,0.163333152637705,0.00996129880349031
432,-0.000129907649845055,0.000163480547562226,-3.77544299594457e-05,-0.00362331836543467,0.000143744884593822,-0.123547639532262,0.0794950835825148,-0.00707194431015523,-0.543844178082509,0.628504139967845,0.00649538249225273,0.00544935158540753,0.00125848099864819,0.120777278847822,0.0071872442296911
433,-0.000108934775076466,0.000138898377189549,-3.19223235168178e-05,-0.00309132459161711,0.000119673760437087,-0.121024281725113,0.0787130477419851,-0.00698316171110491,-0.540984129884237,0.610894683177321,0.00544673875382331,0.00462994590631831,0.00106407745056059,0.103044153053904,0.00598368802185437
434,-9.68477068904088e-05,0.000125081230859674,-2.86091235601779e-05,-0.00279539620630393,0.000105630979891301,-0.118905172712402,0.078038068522801,-0.00689421767674503,-0.538545849622096,0.596144292330791,0.00484238534452044,0.00416937436198912,0.00095363745200593,0.0931798735434645,0.00528154899456503
435,-8.8896435267898e-05,0.000116255225141567,-2.64620764371136e-05,-0.00260886732662183,9.62642963704819e-05,-0.117018095124877,0.0774270426973089,-0.00680551920595462,-0.536345519321912,0.583044309223624,0.0044448217633949,0.00387517417138555,0.000882069214570453,0.0869622442207275,0.0048132148185241
436,-8.32571408726266e-05,0.000110209146179298,-2.49649979808857e-05,-0.00248327502633594,8.95158409041781e-05,-0.115282723527343,0.076854121289216,-0.00672419105285371,-0.534297396370675,0.5710314769658,0.00416285704363133,0.00367363820597662,0.000832166599362858,0.082775834211198,0.00447579204520891
437,-7.90607435140367e-05,0.000105892948903564,-2.38717091826452e-05,-0.00239560480415919,8.44036980031204e-05,-0.113654105007299,0.0763134141834598,-0.00664576532471983,-0.532347306716474,0.559790591978526,0.00395303717570184,0.00352976496345213,0.000795723639421507,0.079853493471973,0.00422018490015602
438,-7.58337415317732e-05,0.00010273629323085,-2.30520185872938e-05,-0.00233336371124884,8.03921945222236e-05,-0.112104136178459,0.0757973555209901,-0.00658152544019686,-0.530470266539851,0.549124650888189,0.00379168707658866,0.00342454310769499,0.000768400619576459,0.0777787903749613,0.00401960972611118
439,-7.32931952595978e-05,0.000100399010072517,-2.24280205569387e-05,-0.00228911231915191,7.71608322122538e-05,-0.110614028017153,0.0752971288875415,-0.00652702169645636,-0.528643751067648,0.538901324489416,0.00366465976297989,0.00334663366908388,0.000747600685231289,0.0763037439717303,0.00385804161061269
440,-7.12581334487212e-05,9.86644057910425e-05,-2.1952871409006e-05,-0.0022581096678958,7.45043594930813e-05,-0.109170573523443,0.0748112688597757,-0.00648974946670933,-0.526855071711907,0.529026905269347,0.00356290667243606,0.00328881352636808,0.000731762380300201,0.0752703222631933,0.00372521797465406
441,-6.96065752844161e-05,9.73872908755703e-05,-2.15917700167556e-05,-0.00223717007505459,7.2284254171597e-05,-0.107764235508512,0.07434047802235,-0.00645506474938884,-0.525090929386351,0.519432581995716,0.00348032876422081,0.00324624302918568,0.000719725667225185,0.0745723358351529,0.00361421270857985
442,-6.8252786627621e-05,9.64652999073587e-05,-2.13223379859525e-05,-0.00222406274207068,7.04030342618128e-05,-0.106387827827348,0.0738766925678647,-0.00642941358819371,-0.52334583301672,0.510066157630717,0.00341263933138105,0.00321550999691196,0.000710744599531748,0.0741354247356894,0.00352015171309064
443,-6.71344127060563e-05,9.58242871295024e-05,-2.11282436484976e-05,-0.00221716910989648,6.87897088382219e-05,-0.105035904880424,0.07341940090555,-0.00641094970887934,-0.521610944588247,0.50088719035557,0.00335672063530281,0.00319414290431675,0.000704274788283253,0.0739056369965492,0.00343948544191109
444,-6.62047898066102e-05,9.54084936349976e-05,-2.09954020961858e-05,-0.00221528268896346,6.73910798358403e-05,-0.103704264802218,0.0729639793917158,-0.00639223117104848,-0.519885422818334,0.491863835350159,0.00331023949033051,0.00318028312116659,0.000699846736539526,0.0738427562987818,0.00336955399179201
445,-6.54281395587811e-05,9.51752244151534e-05,-2.0913055183431e-05,-0.0022174794600018,6.61663033783427e-05,-0.102389566336569,0.0725096174392093,-0.00637344555798336,-0.518162308935644,0.482970519897208,0.00327140697793906,0.00317250748050511,0.000697101839447699,0.0739159820000598,0.00330831516891714
446,-6.47764529629399e-05,9.50909586457497e-05,-2.08714661783137e-05,-0.00222303818336977,6.50833615951502e-05,-0.101089119652897,0.0720546063348593,-0.00635026253803517,-0.5164404444713,0.474186509791252,0.00323882264814699,0.00316969862152499,0.000695715539277122,0.0741012727789923,0.00325416807975751
447,-6.42274022964011e-05,9.51293042039491e-05,-2.08620861557003e-05,-0.00223138400684064,6.41166989718421e-05,-0.0998006885311042,0.0716010742962681,-0.00632069372841215,-0.514715285362399,0.465494758827845,0.00321137011482006,0.0031709768067983,0.000695402871856676,0.0743794668946879,0.0032058349485921
448,-6.37629043476182e-05,9.52680493784539e-05,-2.08776493399807e-05,-0.00224205187905103,6.32455954703156e-05,-0.0985223846328154,0.0711416078047478,-0.00628441966910032,-0.512984860279175,0.456881130048714,0.00318814521738091,0.00317560164594846,0.000695921644666023,0.0747350626350342,0.00316227977351578
449,-6.33681051656371e-05,9.54894213072764e-05,-2.0912764838972e-05,-0.0022546605305102,6.24530195378126e-05,-0.0972525413089897,0.0706801677097246,-0.00624406197857752,-0.511248422299104,0.448333795475264,0.00316840525828186,0.00318298071024255,0.000697092161299067,0.0751553510170066,0.00312265097689063
450,-6.30306529256602e-05,9.57787326696484e-05,-2.09624166802224e-05,-0.00226889321271118,6.17248034027644e-05,-0.095989731789814,0.0702172656019684,-0.00619833826931426,-0.509504797037152,0.439842887089981,0.00315153264628301,0.00319262442232161,0.000698747222674078,0.0756297737570394,0.00308624017013822
451,-6.27401636256462e-05,9.61238284375872e-05,-2.10224856780026e-05,-0.00228448212360899,6.10490378545071e-05,-0.0947327021094679,0.0697541565841675,-0.0061480693602789,-0.507749048210826,0.43140011257492,0.00313700818128231,0.00320412761458624,0.000700749522600087,0.0761494041202996,0.00305245189272535
452,-6.24878230235162e-05,9.65139085121644e-05,-2.10921409835254e-05,-0.00230120192279497,6.04156213501363e-05,-0.0934803460950206,0.0692867956786358,-0.00610196138950414,-0.505984952496874,0.422998533622376,0.00312439115117581,0.00321713028373881,0.000703071366117514,0.0767067307598322,0.00302078106750682
453,-6.2266091288322e-05,9.69407164507588e-05,-2.11692265125317e-05,-0.00231885905465787,5.98159205585726e-05,-0.0922317838103481,0.0688227396494767,-0.0060551542446774,-0.504210113376757,0.414632520460145,0.0031133045644161,0.00323135721502529,0.000705640883751057,0.077295301821929,0.00299079602792863
454,-6.20684746701846e-05,9.73964593743433e-05,-2.12544972050288e-05,-0.00233728538544731,5.92425088648303e-05,-0.0909862944808992,0.0683563598613546,-0.00601563897362212,-0.502421257806418,0.406297474455641,0.00310342373350923,0.00324654864581144,0.000708483240167627,0.0779095128482437,0.00296212544324152
455,-6.18893534836959e-05,9.78747593622087e-05,-2.13470988942042e-05,-0.00235633587482406,5.86889650964573e-05,-0.0897433835689299,0.0678904223150312,-0.00597827352066815,-0.500620152479314,0.397989856537606,0.0030944676741848,0.00326249197874029,0.000711569963140142,0.078544529160802,0.00293444825482287
456,-6.17238437681757e-05,9.83703206190293e-05,-2.14472951800187e-05,-0.00237588367558095,5.814971416089e-05,-0.0885026963715063,0.0674266198075202,-0.00594588186686451,-0.498805979987083,0.389706956411828,0.00308619218840879,0.00327901068730098,0.000714909839333957,0.0791961225193651,0.0029074857080445
457,-6.15676907410369e-05,9.88782791653494e-05,-2.15543745029585e-05,-0.00239581715627317,5.76199008493879e-05,-0.0872640555371618,0.0669629753247136,-0.00591533307670034,-0.496977764896656,0.381446836854593,0.00307838453705185,0.00329594263884498,0.000718479150098618,0.0798605718757725,0.00288099504246939
458,-6.14171798612222e-05,9.93943382426673e-05,-2.16692259495491e-05,-0.00241603856585685,5.70952877954785e-05,-0.0860273826219782,0.0664991625853872,-0.0058908949540637,-0.495136641802674,0.373208192741004,0.00307085899306111,0.00331314460808891,0.000722307531651636,0.0805346188618951,0.00285476438977393
459,-6.1269069339931e-05,9.99146573707192e-05,-2.17910577907147e-05,-0.00243645981195246,5.65721735553764e-05,-0.0847927617542155,0.0660346802305867,-0.00586765395382827,-0.493278926114726,0.364990356729322,0.00306345346699655,0.00333048857902397,0.000726368593023825,0.0812153270650818,0.00282860867776882
460,-6.11205293035986e-05,0.000100435526478725,-2.19179421880631e-05,-0.00245700507660386,5.60473241536152e-05,-0.0835603316318156,0.0655672397442686,-0.00584206986786739,-0.49140944724968,0.356793126456978,0.00305602646517993,0.00334785088262416,0.000730598072935438,0.0819001692201287,0.00280236620768076
461,-6.09690889824469e-05,0.000100953811377403,-2.20479307698278e-05,-0.00247760571515349,5.55179151102598e-05,-0.0823302423214045,0.065097947299364,-0.00581362655793782,-0.489525431248694,0.348616615610808,0.00304845444912235,0.00336512704591345,0.000734931025660925,0.082586857171783,0.00277589575551299
462,-6.08125913678132e-05,0.00010146679540419,-2.21793457516647e-05,-0.00249819995119611,5.49814828961665e-05,-0.0811026370683976,0.0646272292215144,-0.00578264462092193,-0.487625544565162,0.340461217547272,0.00304062956839066,0.00338222651347301,0.00073931152505549,0.0832733317065369,0.00274907414480832
463,-6.06491542390742e-05,0.000101971512939687,-2.2309992582874e-05,-0.00251873458345514,5.44358836726066e-05,-0.0798776432020532,0.0641513372556801,-0.00574735508962476,-0.485713632087936,0.332327554133371,0.00303245771195371,0.00339905043132291,0.000743666419429133,0.0839578194485047,0.00272179418363033
464,-6.04771362393315e-05,0.000102465770114853,-2.24376640242732e-05,-0.00253916083007166,5.38792574009444e-05,-0.0786553630405251,0.0636733943792933,-0.00570731458537921,-0.483787009670777,0.324216393892129,0.00302385681196657,0.0034155256704951,0.000747922134142439,0.084638694335722,0.00269396287004722
465,-6.02951054404133e-05,0.000102948426783744,-2.25621801935768e-05,-0.00255943396300813,5.33099971436928e-05,-0.0774358420585486,0.0631987234100961,-0.00566753783459717,-0.481843443367325,0.316128644044511,0.00301475527202067,0.00343161422612481,0.000752072673119228,0.0853144654336044,0.00266549985718464
466,-6.01018196123774e-05,0.000103416976112642,-2.26828518044984e-05,-0.00257951757323565,5.27267240859474e-05,-0.0762191837111459,0.0627173380962631,-0.00562660261493875,-0.479889940834255,0.30806545055384,0.00300509098061887,0.00344723253708808,0.000756095060149946,0.0859839191078551,0.00263633620429737
467,-5.98962044649237e-05,0.000103870467624287,-2.27984406367761e-05,-0.00259937602362064,5.21282646357837e-05,-0.0750054766740504,0.0622377046965994,-0.00558293322683312,-0.477920352750516,0.300028088986437,0.00299481022324619,0.00346234892080956,0.000759948021225869,0.0866458674540215,0.00260641323178918
468,-5.96773354850244e-05,0.000104307598082281,-2.29104264520737e-05,-0.00261897913320011,5.15136303523924e-05,-0.0737948084861273,0.0617567002336727,-0.00554330767954525,-0.475937895316747,0.292017949732326,0.00298386677425122,0.00347691993607604,0.000763680881735789,0.0872993044400036,0.00257568151761962
469,-5.94444286305964e-05,0.000104727806409285,-2.30197630981644e-05,-0.00263830046099717,5.0882002254961e-05,-0.0725873599094484,0.061278025214051,-0.00550656409359362,-0.473943437100388,0.284036667608234,0.00297222143152982,0.00349092688030952,0.00076732543660548,0.0879433486999058,0.00254410011274805
470,-5.91968302375592e-05,0.000105130311247855,-2.31267749849829e-05,-0.00265731390787455,5.02327167264883e-05,-0.0713833708232414,0.0607996753387852,-0.00547121658200922,-0.471932223717886,0.2760860854778,0.00295984151187796,0.00350434370826183,0.000770892499499432,0.0885771302624851,0.00251163583632441
471,-5.89340083984161e-05,0.000105514217991245,-2.32319557370667e-05,-0.00267600005123282,4.95652521233983e-05,-0.0701831402238895,0.060320281818349,-0.00543769374417025,-0.469911377649623,0.268168176944528,0.0029467004199208,0.00351714059970815,0.000774398524568889,0.0892000017077608,0.00247826260616992
472,-5.865554269432e-05,0.000105879259039956,-2.33364315239041e-05,-0.00269433920227501,4.88792169651973e-05,-0.0689869864345383,0.05984297104078,-0.00540758492206805,-0.46787630367362,0.260285045214914,0.002932777134716,0.00352930863466519,0.000777881050796802,0.0898113067425004,0.00244396084825986
473,-5.83611194655904e-05,0.000106225039108971,-2.34399381684828e-05,-0.00271231518696519,4.81743396723122e-05,-0.0677953062222514,0.0593665549786238,-0.00537762730346003,-0.46582934601247,0.252438934467136,0.00291805597327952,0.0035408346369657,0.000781331272282759,0.0904105062321729,0.00240871698361561
474,-5.80505222732863e-05,0.000106551179423198,-2.35415285977633e-05,-0.00272991365281159,4.74504583525499e-05,-0.0666084986278292,0.0588906914344989,-0.00534610080649145,-0.463770344367731,0.244632152544,0.00290252611366431,0.00355170598077327,0.000784717619925445,0.0909971217603862,0.0023725229176275
475,-5.77236207523329e-05,0.00010685678159511,-2.36405873275797e-05,-0.00274712242242766,4.67075104486706e-05,-0.0654269308597577,0.0584119197810651,-0.00531362843503302,-0.461700074083637,0.236866989098417,0.00288618103761665,0.00356189271983699,0.000788019577585992,0.0915707474142553,0.00233537552243353
476,-5.73803614483425e-05,0.000107142129013711,-2.37355518862915e-05,-0.00276392991318125,4.59455231855226e-05,-0.0642509519366286,0.0579365416797373,-0.00527786141901743,-0.459616903754068,0.229145701950983,0.00286901807241712,0.00357140430045703,0.000791185062876385,0.0921309971060418,0.00229727615927613
477,-5.70207558759076e-05,0.000107406073204238,-2.38254479837139e-05,-0.00278032789334024,4.51646046580564e-05,-0.0630808460755361,0.0574561875055224,-0.00523992980561161,-0.457524100738738,0.221470500036958,0.00285103779379538,0.00358020244014127,0.000794181599457129,0.0926775964446745,0.00225823023290282
478,-5.66448712943699e-05,0.000107648712831012,-2.39097189355948e-05,-0.00279630891945944,4.43649352778721e-05,-0.0619168565663131,0.0569773453662492,-0.00520064531883691,-0.455420987464095,0.213843513847678,0.00283224356471849,0.0035882904277004,0.000796990631186493,0.0932102973153147,0.0022182467638936
479,-5.62528228146162e-05,0.000107870408989322,-2.398807012528e-05,-0.00281186543490863,4.35467606264339e-05,-0.0607591937296093,0.0565013351661037,-0.00516051727572631,-0.453305535756954,0.206266837494695,0.00281264114073081,0.00359568029964406,0.000799602337509334,0.0937288478302876,0.0021773380313217
480,-5.58447694510778e-05,0.000108071068312183,-2.40606994413255e-05,-0.00282699351782978,4.27103853864532e-05,-0.0596080769810214,0.0560255614345806,-0.00512061092194926,-0.45118202933736,0.198742555994613,0.00279223847255389,0.00360236894373942,0.000802023314710851,0.0942331172609926,0.00213551926932266
481,-5.54209096798593e-05,0.000108250453561298,-2.4128827226446e-05,-0.00284168892360865,4.18561677849231e-05,-0.0584637234624097,0.0555490225906397,-0.00508324092152179,-0.44904862875228,0.191272741858484,0.00277104548399297,0.00360834845204328,0.000804294240881533,0.0947229641202882,0.00209280838924616
482,-5.49814812632798e-05,0.000108408580792252,-2.419314378303e-05,-0.00285594757252815,4.09845155725138e-05,-0.0573263957903691,0.0550728623238683,-0.00504739091411466,-0.446904327873199,0.183859518756435,0.00274907406316399,0.00361361935974172,0.000806438126101,0.0951982524176051,0.00204922577862569
483,-5.45267597941293e-05,0.000108546520280096,-2.42513638611057e-05,-0.00286976857642973,4.00958818870569e-05,-0.056196383866336,0.0546026569736568,-0.00500659098179312,-0.444753092097017,0.17650502854849,0.00272633798970647,0.00361821734266987,0.00080837879537019,0.0956589525476576,0.00200479409435285
484,-5.40570479490343e-05,0.000108664410514468,-2.43071172863267e-05,-0.00288314924839936,3.91907584483897e-05,-0.0550738889160129,0.0541336225978739,-0.00497341943628271,-0.442591228875244,0.169211243701284,0.00270285239745171,0.00362214701714894,0.000810237242877556,0.0961049749466452,0.00195953792241948
485,-5.35726858690739e-05,0.000108762419939514,-2.43589703003257e-05,-0.00289609029158929,3.82696753069986e-05,-0.0539592701898073,0.0536658251348854,-0.00493742504659167,-0.440423173131421,0.161980333359679,0.0026786342934537,0.00362541399798381,0.000811965676677524,0.0965363430529763,0.00191348376534993
486,-5.30740410101978e-05,0.000108840802257137,-2.44077430579518e-05,-0.00290859082054838,3.73331951442698e-05,-0.0528528039467346,0.0531996386143874,-0.0049032234983315,-0.438245871237086,0.154814325696861,0.00265370205050989,0.00362802674190458,0.00081359143526506,0.0969530273516128,0.00186665975721349
487,-5.25615094674243e-05,0.000108899517895614,-2.44524869228639e-05,-0.00292065250419359,3.63819105044245e-05,-0.0517548119205458,0.052733487336809,-0.00486715975966945,-0.43606262920548,0.147715256844094,0.00262807547337122,0.0036299839298538,0.000815082897428797,0.0973550834731197,0.00181909552522122
488,-5.20355080515464e-05,0.000108939008445843,-2.4494418222663e-05,-0.002932275310166,3.54164387511104e-05,-0.0506655521803623,0.0522697325777699,-0.00483364942738262,-0.433870435472272,0.140685020824094,0.00260177540257732,0.0036313002815281,0.000816480607422099,0.0977425103388667,0.00177082193755552
489,-5.14964764390114e-05,0.00010895938564285,-2.45315591752229e-05,-0.0029434618664911,3.44374206238568e-05,-0.0495853305437777,0.0518067133725708,-0.00479618165627471,-0.431672846161746,0.13372555827118,0.00257482382195057,0.00363197952142834,0.000817718639174096,0.0981153955497034,0.00172187103119284
490,-5.0944866792654e-05,0.000108961165596296,-2.45649377446034e-05,-0.00295421300504987,3.34455146188937e-05,-0.0485143561945733,0.0513464192408719,-0.00476069430987991,-0.429466908826726,0.126838604046497,0.0025472433396327,0.00363203885320987,0.000818831258153446,0.0984737668349956,0.00167227573094468
491,-5.03811462157511e-05,0.000108944641873343,-2.45935645926287e-05,-0.00296453333465012,3.24413955503007e-05,-0.047452881517529,0.0508877940319508,-0.00472318106403691,-0.427257940600612,0.120025905516741,0.00251905731078756,0.00363148806244478,0.000819785486420955,0.0988177778216708,0.00162206977751503
492,-4.98057903327219e-05,0.000108910247965181,-2.46163284972232e-05,-0.00297442507012587,3.14257505958314e-05,-0.0464011020540056,0.050431535782991,-0.00468324856228719,-0.425042391043462,0.113289070213796,0.00249028951663609,0.00363034159883938,0.000820544283240772,0.0991475023375289,0.00157128752979157
493,-4.92192776740301e-05,0.000108857864315538,-2.46343513527278e-05,-0.00298389070933298,3.03992758049841e-05,-0.0453591610494186,0.0499749387472548,-0.00464524987364712,-0.422820484118347,0.106629576066553,0.00246096388370151,0.00362859547718459,0.000821145045090927,0.0994630236444325,0.00151996379024921
494,-4.86220915355893e-05,0.000108788376832819,-2.46469986906573e-05,-0.00299293308298476,2.93626749030129e-05,-0.0443272290340246,0.0495228289310035,-0.00460581759398337,-0.420592563159516,0.100048886224613,0.00243110457677946,0.00362627922776065,0.000821566623021911,0.0997644360994919,0.00146813374515064
495,-4.80147167530964e-05,0.000108701657065183,-2.46561504408361e-05,-0.00300155767757039,2.83166567434031e-05,-0.0433054481163708,0.0490704451294732,-0.0045698595840804,-0.418362413938667,0.0935483672037662,0.00240073583765482,0.00362338856883944,0.000821871681361204,0.10005192258568,0.00141583283717016
496,-4.73976448605854e-05,0.000108598592584746,-2.46621051166075e-05,-0.00300976666991857,2.72619352742299e-05,-0.0422940217958967,0.0486225894746894,-0.00453451093562762,-0.416125429865133,0.0871294173521164,0.00236988224302927,0.00361995308615821,0.000822070170553583,0.100325555663952,0.0013630967637115
497,-4.67713738956744e-05,0.000108479606333149,-2.46645652689766e-05,-0.00301756634504895,2.61992283459e-05,-0.0412931592563837,0.0481772326565988,-0.00449863819085294,-0.413887388504008,0.0807934009117162,0.00233856869478372,0.00361598687777164,0.000822152175632552,0.100585544834965,0.001309961417295
498,-4.61364061547366e-05,0.000108345519957894,-2.46623205854417e-05,-0.00302495908520339,2.51292552447067e-05,-0.0403030526285875,0.0477363369100203,-0.00446041894974769,-0.411643014786023,0.0745415729852539,0.00230682030773683,0.00361151733192979,0.000822077352848058,0.10083196950678,0.00125646276223533
499,-4.54932430418092e-05,0.000108195892007003,-2.4658031759258e-05,-0.00303194959533124,2.40527341042107e-05,-0.0393238440210553,0.0472940894269414,-0.00442714735982008,-0.409395512406263,0.0683750636198965,0.00227466215209046,0.00360652973356675,0.000821934391975266,0.101064986511041,0.00120263670521053
500,-4.48423922800345e-05,0.000108031775389079,-2.46495972259409e-05,-0.00303854413721007,2.29703830135617e-05,-0.0383557539862522,0.0468573023226782,-0.00439006498709205,-0.407147231271665,0.0622950665274402,0.00224211961400172,0.00360105917963595,0.000821653240864695,0.101284804573669,0.00114851915067809
501,-4.41843590618563e-05,0.000107853721264545,-2.46383660684583e-05,-0.00304474486107144,2.18829163197146e-05,-0.0373989155377785,0.0464238974018372,-0.00435543483945366,-0.404892751930674,0.056302585562662,0.00220921795309282,0.00359512404215149,0.000821278868948611,0.101491495369048,0.00109414581598573
502,-4.35196512523778e-05,0.000107661519732908,-2.4624522023574e-05,-0.00305055882343141,2.07910450611411e-05,-0.0364535162589164,0.0459904367744457,-0.00432123670179863,-0.402638796686006,0.0503986404964962,0.00217598256261889,0.00358871732443027,0.000820817400785801,0.10168529411438,0.00103955225305705
503,-4.28487767929585e-05,0.000107456010304009,-2.46054452837779e-05,-0.00305598927582504,1.96954754406437e-05,-0.0355197198587121,0.0455616111594281,-0.00428223529524985,-0.400380545215739,0.0445841646978806,0.00214243883964792,0.00358186701013362,0.000820181509459264,0.101866309194168,0.000984773772032185
504,-4.21722336025697e-05,0.000107237298426891,-2.45834351992678e-05,-0.0030610416486372,1.85969048913703e-05,-0.0345975865911896,0.0451342566520907,-0.00424722202296834,-0.398121020452891,0.0388598743938928,0.00210861168012848,0.0035745766142297,0.000819447839975593,0.10203472162124,0.000929845244568514
505,-4.14905170955059e-05,0.000107005463936621,-2.45561674287023e-05,-0.00306572111483607,1.7496023464334e-05,-0.0336872483330808,0.0447082118171238,-0.00420796254729794,-0.395860141679805,0.0332265312863456,0.00207452585477529,0.00356684879788738,0.000818538914290077,0.102190703827869,0.000874801173216698
506,-4.08041093527104e-05,0.000106761378613639,-2.45258196057855e-05,-0.00307003369846592,1.63935101789095e-05,-0.0327887255480164,0.0442870066308387,-0.00417240016759024,-0.393599304970849,0.0276846878932702,0.00204020546763552,0.00355871262045465,0.000817527320192851,0.102334456615531,0.000819675508945475
507,-4.01134884289746e-05,0.000106505764826698,-2.4491978807192e-05,-0.0030739834324958,1.52900347898458e-05,-0.0319021251016238,0.0438701840721478,-0.00413610450777924,-0.391336178608981,0.0222349524392484,0.00200567442144873,0.00355019216088995,0.000816399293573066,0.102466114416527,0.000764501739492292
508,-3.94191269497196e-05,0.000106238334260148,-2.44544721213307e-05,-0.00307757553324053,1.41862568660683e-05,-0.0310275379433733,0.043453397893245,-0.00409944959756103,-0.389072480402319,0.0168778581155493,0.00197095634748598,0.00354127780867162,0.000815149070711022,0.102585851108018,0.000709312843303413
509,-3.87214886455026e-05,0.000105959741624953,-2.44157375036956e-05,-0.00308081450347515,1.30828243617382e-05,-0.0301650175060786,0.0430406555551599,-0.00406710455536086,-0.386807531640443,0.0116138346584194,0.00193607443227513,0.00353199138749843,0.000813857916789853,0.102693816782505,0.000654141218086911
510,-3.80210383468039e-05,0.000105670250021545,-2.4374010177322e-05,-0.00308370662613435,1.19803762061181e-05,-0.0293147115826287,0.0426303756739799,-0.00403187982556119,-0.384543869813569,0.00644340502731211,0.0019010519173402,0.00352234166738482,0.000812467005910735,0.102790220871145,0.000599018810305906
511,-3.73182333193074e-05,0.000105370523607254,-2.43315257467973e-05,-0.00308625754007818,1.08795390783352e-05,-0.0284766838376527,0.0422243260800315,-0.00400063527195016,-0.382281031079401,0.00136690459839883,0.00186591166596537,0.00351235078690845,0.000811050858226576,0.102875251335939,0.000543976953916758
512,-3.66135322664996e-05,0.000105060527393979,-2.42859361457088e-05,-0.00308847076206878,9.78092986216467e-06,-0.0276510820640397,0.0418196134432947,-0.00396557538806519,-0.380016576855269,-0.00361524826075765,0.00183067661332498,0.00350201757979931,0.00080953120485696,0.102949025402293,0.000489046493108233
513,-3.59073834025477e-05,0.000104740480717824,-2.42363964317099e-05,-0.00309035252079551,8.68515168510475e-06,-0.0268379392309726,0.0414172529872303,-0.00392901597479067,-0.377754113287665,-0.00850285914566484,0.00179536917012739,0.00349134935726079,0.000807879881056995,0.103011750693184,0.000434257584255238
514,-3.52002203166054e-05,0.00010441124648576,-2.41827907229229e-05,-0.00309190605425129,7.59279197687009e-06,-0.0260372416960308,0.0410200095757318,-0.00389211209039786,-0.37549018657046,-0.0132958712129039,0.00176001101583027,0.00348037488285865,0.00080609302409743,0.10306353514171,0.000379639598843505
515,-3.44924623350933e-05,0.000104073351427515,-2.41280323379682e-05,-0.00309313975906963,6.50442270660296e-06,-0.0252489701324521,0.0406266610752937,-0.00386009219255357,-0.373231455341738,-0.0179942651357123,0.00172462311675466,0.00346911171425049,0.000804267744598939,0.103104658635654,0.000325221135330148
516,-3.37845268202445e-05,0.000103726762810208,-2.40689903607841e-05,-0.00309405502224521,5.42060359016472e-06,-0.0244732143528381,0.0402349360228982,-0.00382293364964426,-0.370969638652241,-0.0225979147217004,0.00168922634101222,0.00345755876034028,0.000802299678692804,0.103135167408174,0.000271030179508236
517,-3.30768140717077e-05,0.000103371456899283,-2.40095921998581e-05,-0.0030946598035106,4.34187752870356e-06,-0.0237099197875068,0.0398447923544154,-0.00379229504687828,-0.368712919680547,-0.0271069484369946,0.00165384070358538,0.0034457152299761,0.000800319739995271,0.103155326783687,0.000217093876435178
518,-3.23697239233719e-05,0.000103008218395242,-2.39468632189357e-05,-0.00309495779012778,3.26877517330904e-06,-0.0229591785227967,0.0394595429042965,-0.00375694980903063,-0.366456506526447,-0.0315213287649385,0.0016184861961686,0.0034336072798414,0.000798228773964523,0.103165259670926,0.000163438758665452
519,-3.1663640953359e-05,0.000102637329025051,-2.38824565358936e-05,-0.00309495463552933,2.20181096119751e-06,-0.0222209439471044,0.0390772800074046,-0.00372432623407803,-0.364202983291761,-0.0358412410150777,0.00158318204766795,0.00342124430083505,0.000796081884529785,0.103165154517644,0.000110090548059876
520,-3.09589436120776e-05,0.000102258636637747,-2.38172403336661e-05,-0.00309465458474683,1.14148474546425e-06,-0.0214952456190076,0.0386962312859396,-0.00369331701222109,-0.361950939122835,-0.0400668420752481,0.00154794718060388,0.00340862122125823,0.000793908011122203,0.103155152824894,5.70742372732123e-05
521,-3.0256005043653e-05,0.000101873280178811,-2.37483515233169e-05,-0.00309406200446398,8.82830126742141e-08,-0.0207821176445577,0.0383215990495955,-0.00365779328603821,-0.359700719627654,-0.044198274053997,0.00151280025218265,0.00339577600596037,0.000791611717443897,0.103135400148799,4.4141506337107e-06
522,-2.95551819428206e-05,0.000101480926400901,-2.36773011728195e-05,-0.00309318302029386,-9.57325540118515e-07,-0.020081488401047,0.0379476568923565,-0.0036246467516321,-0.357454684944969,-0.0482359223497042,0.00147775909714103,0.00338269754669669,0.000789243372427317,0.103106100676462,4.78662770059258e-05
523,-2.8856819465373e-05,0.00010108167613048,-2.3604678419881e-05,-0.00309202173396747,-1.99488811938834e-06,-0.0193933215086872,0.037576000977424,-0.0035925472730014,-0.355210753468782,-0.0521801371178299,0.00144284097326865,0.00336938920434934,0.000786822613996034,0.103067391132249,9.9744405969417e-05
524,-2.81612535586829e-05,0.000100676155364361,-2.35303771208371e-05,-0.00309058364810982,-3.02396700551612e-06,-0.0187175953669794,0.0372087276900857,-0.00356042392013478,-0.352970804442521,-0.0560312753350445,0.00140806267793415,0.00335587184547869,0.000784345904027904,0.103019454936994,0.000151198350275806
525,-2.74688101302065e-05,0.000100264949686968,-2.34540625460484e-05,-0.00308887135819507,-4.04413998465348e-06,-0.0180542758698721,0.0368458120192372,-0.0035278844734421,-0.350731662592807,-0.0597897553689108,0.00137344050651033,0.00334216498956561,0.000781802084868282,0.102962378606502,0.000202206999232674
526,-2.67798045181168e-05,9.98481282463618e-05,-2.33773313766022e-05,-0.00308689100023406,-5.05500061249081e-06,-0.0174033186794986,0.0364853099199536,-0.00349802007804101,-0.348497607092213,-0.0634560501566739,0.00133899022590584,0.00332827094154539,0.000779244379220074,0.102896366674469,0.00025275003062454
527,-2.60945474292309e-05,9.94257473061059e-05,-2.32982032866868e-05,-0.00308464724550635,-6.05615618462429e-06,-0.0167647272064642,0.0361271304427646,-0.00346524871019938,-0.34626727824616,-0.0670305837502383,0.00130472737146155,0.0033141915768702,0.000776606776222893,0.102821574850212,0.000302807809231215
528,-2.54133348546865e-05,9.89983034706376e-05,-2.32176760156872e-05,-0.00308214609052065,-7.04723101207223e-06,-0.0161384127750352,0.035772975479631,-0.00343409965353203,-0.344042487085972,-0.0705139632373175,0.00127066674273432,0.00329994344902126,0.000773922533856241,0.102738203017355,0.000352361550603612
529,-2.4736453350815e-05,9.85664525809585e-05,-2.31349076551013e-05,-0.00307939039548268,-8.02786470530305e-06,-0.0155243253630033,0.035423569215709,-0.00340175461133185,-0.341819910545382,-0.0739067650101788,0.00123682266754075,0.00328554841936528,0.000771163588503377,0.102646346516089,0.000401393235265153
530,-2.40641758363486e-05,9.81296569229047e-05,-2.3050885000313e-05,-0.00307638449608441,-8.99771342466752e-06,-0.0149223728840298,0.0350743800936471,-0.00337101141667517,-0.339601349423901,-0.0772096609580331,0.00120320879181743,0.00327098856409682,0.000768362833343766,0.10254614986948,0.000449885671233376
531,-2.38646557575254e-05,9.96415255482804e-05,-2.34262031576077e-05,-0.00313459178848212,-1.01555581633919e-05,-0.0143324893997487,0.0347274249179463,-0.0033424885259592,-0.337389649303077,-0.080423297958987,0.00119323278787627,0.00332138418494268,0.000780873438586925,0.104486392949404,0.000507777908169596
532,-1.71743544675939e-05,7.34631358408507e-05,-1.72858480230519e-05,-0.00231901273087796,-8.23859546102521e-06,-0.0137430822633178,0.0343807164426835,-0.00331077444570838,-0.335135364366579,-0.0836108495150256,0.000858717723379693,0.00244877119469502,0.00057619493410173,0.0773004243625987,0.00041192977305126
533,-1.42608251346701e-05,6.24963407895272e-05,-1.47184119747369e-05,-0.00197946198594711,-7.63370755435325e-06,-0.0133155788262229,0.0341218424182443,-0.00329060071635467,-0.333469589577362,-0.0859048486745451,0.000713041256733504,0.00208321135965091,0.000490613732491232,0.0659820661982372,0.000381685377717663
534,-1.25540125335864e-05,5.63561693825447e-05,-1.32827745632717e-05,-0.00179079333030578,-7.43016957629585e-06,-0.0129577836105454,0.0339037262619968,-0.00326877625411726,-0.332049447706595,-0.0878092043876677,0.000627700626679318,0.00187853897941816,0.000442759152109057,0.0596931110101927,0.000371508478814792
535,-1.14102446644956e-05,5.24553624883597e-05,-1.23724649543904e-05,-0.00167203977685441,-7.40675150637773e-06,-0.0126402460409736,0.0337134372330183,-0.0032511150038772,-0.330765154785695,-0.089485122316546,0.00057051223322478,0.00174851208294532,0.000412415498479681,0.0557346592284805,0.000370337575318886
536,-1.05819179432384e-05,4.98020187159821e-05,-1.17550385226194e-05,-0.00159222646644512,-7.48085518771643e-06,-0.0123492895909294,0.0335309186993982,-0.0032351476875192,-0.329568370034394,-0.0910078074412013,0.000529095897161922,0.00166006729053274,0.000391834617420648,0.0530742155481706,0.000374042759385822
537,-9.95083189638069e-06,4.79260077260697e-05,-1.13201813337934e-05,-0.00153664573739955,-7.61422404933694e-06,-0.0120772506306821,0.0333626178417035,-0.00322067535307724,-0.328428643570078,-0.0924194330309547,0.000497541594819034,0.00159753359086899,0.000377339377793113,0.051221524579985,0.000380711202466847
538,-9.45247526694637e-06,4.65711538101071e-05,-1.1008660297947e-05,-0.0014973138105044,-7.78661163572079e-06,-0.0118193656817311,0.0331985222601361,-0.00320940898745903,-0.327329498759354,-0.0937463539685268,0.000472623763347319,0.00155237179367024,0.000366955343264899,0.0499104603501468,0.00038933058178604
539,-9.04823580030164e-06,4.55852722833203e-05,-1.07834806991979e-05,-0.0014694769565353,-7.98627311693198e-06,-0.0115724583338306,0.0330410000515258,-0.00319512651003606,-0.326258264067292,-0.095006280389498,0.000452411790015082,0.00151950907611068,0.00035944935663993,0.0489825652178433,0.000399313655846599
540,-8.71337569940476e-06,4.48710347389842e-05,-1.06218234948152e-05,-0.00145010687478445,-8.20591961621952e-06,-0.011334245755279,0.0328862938658858,-0.00318098955176538,-0.325209770153378,-0.0962118315328553,0.000435668784970238,0.00149570115796614,0.000354060783160506,0.0483368958261482,0.000410295980810976
541,-8.43119292044915e-06,4.43632200456291e-05,-1.05082745044234e-05,-0.00143716825442479,-8.44078503839608e-06,-0.0111030408334045,0.0327352415752102,-0.00316669797939539,-0.324174413890432,-0.097372333129897,0.000421559646022457,0.00147877400152097,0.000350275816814112,0.0479056084808263,0.000422039251919804
542,-8.18992889282991e-06,4.40157650371653e-05,-1.04333849476104e-05,-0.00142923575982012,-8.68761902884338e-06,-0.0108775554963358,0.0325842472648219,-0.00315660372507409,-0.323148655070327,-0.0984948758286919,0.000409496444641495,0.00146719216790551,0.000347779498253679,0.0476411919940041,0.000434380951442169
543,-7.98101950258557e-06,4.37958011327625e-05,-1.03881583201846e-05,-0.00142527597773972,-8.94412530620873e-06,-0.0106568336377677,0.0324374855154019,-0.00314307499138522,-0.322128987590986,-0.0995849165974505,0.000399050975129279,0.00145986003775875,0.000346271944006154,0.0475091992579906,0.000447206265310436
544,-7.79804478910588e-06,4.36785313247225e-05,-1.03666173889092e-05,-0.00142451768233279,-9.20863243511587e-06,-0.0104400817235728,0.0322920993767184,-0.00312903807753173,-0.321112642041044,-0.100646813052663,0.000389902239455294,0.00145595104415742,0.00034555391296364,0.0474839227444264,0.000460431621755794
545,-7.63607405129657e-06,4.36444255690774e-05,-1.03639554401759e-05,-0.00142637156462442,-9.47989155429891e-06,-0.0102266619705915,0.0321434038141888,-0.00311381654682918,-0.320098806696478,-0.101684097444377,0.000381803702564829,0.00145481418563591,0.000345465181339196,0.0475457188208141,0.000473994577714946
546,-7.49123884495616e-06,4.36790829609782e-05,-1.0376739548751e-05,-0.00143037613535379,-9.75694745750239e-06,-0.0100160207239242,0.0319984371799364,-0.00309858364744287,-0.319083076192328,-0.102699668786954,0.000374561942247808,0.00145596943203261,0.000345891318291699,0.0476792045117931,0.000487847372875119
547,-7.36044940932591e-06,4.37705095272248e-05,-1.04030195948112e-05,-0.00143616452379801,-1.00390535027461e-05,-0.00980771460490359,0.0318524860176694,-0.00308576659335813,-0.318065194733208,-0.103695901998435,0.000368022470466296,0.00145901698424083,0.00034676731982704,0.047872150793267,0.000501952675137307
548,-7.24120024254895e-06,4.3909204935567e-05,-1.04405282419577e-05,-0.00144344051884075,-1.03256134742971e-05,-0.00960140027927991,0.0317070964683808,-0.00307291202261695,-0.31704530101706,-0.104674697922746,0.000362060012127447,0.0014636401645189,0.000348017608065258,0.0481146839613584,0.000516280673714856
549,-7.13143220285999e-06,4.40874335348769e-05,-1.04871389557076e-05,-0.00145195972822901,-1.06161420435091e-05,-0.0093967992143007,0.0315625356961391,-0.00305919797938259,-0.316019318233884,-0.105637634533196,0.000356571610142999,0.00146958111782923,0.000349571298523586,0.0483986576076336,0.000530807102175456
550,-7.02943200774498e-06,4.42986446533646e-05,-1.05414431951089e-05,-0.00146151956094216,-1.09102369346382e-05,-0.00919366470952809,0.0314176804749877,-0.00304579430121521,-0.314987803449185,-0.106586029460232,0.000351471600387249,0.00147662148844549,0.000351381439836963,0.0487173186980721,0.000545511846731911
551,-6.93376042912279e-06,4.45375981791898e-05,-1.06018894307639e-05,-0.00147195006369787,-1.12075585924406e-05,-0.00899180918167986,0.0312744009534072,-0.0030315538879222,-0.313950820327591,-0.107520954770735,0.00034668802145614,0.00148458660597299,0.000353396314358798,0.0490650021232623,0.000560377929622028
552,-6.84319697975645e-06,4.47989870684071e-05,-1.06688359845098e-05,-0.00148310653316026,-1.15078157806235e-05,-0.00879106437423616,0.0311261521801498,-0.00302151306641463,-0.312906797717005,-0.108443314275064,0.000342159848987823,0.0014932995689469,0.000355627866150328,0.0494368844386755,0.000575390789031173
553,-6.75670171020651e-06,4.5079303908315e-05,-1.07401691181959e-05,-0.00149486487206626,-1.18107536129458e-05,-0.00859133933772682,0.030980750125309,-0.00300819237963879,-0.311854894334829,-0.109353760535669,0.000337835085510326,0.0015026434636105,0.000358005637273197,0.0498288290688753,0.000590537680647292
554,-6.6733812449439e-06,4.53748017612327e-05,-1.08154673082934e-05,-0.00150711797764114,-1.21161462156961e-05,-0.0083925317539979,0.0308327037146228,-0.00299591988550674,-0.310794731603892,-0.110252871081684,0.000333669062247195,0.00151249339204109,0.000360515576943112,0.0502372659213714,0.000605807310784807
555,-6.59246442544135e-06,4.56826529663071e-05,-1.08927981525892e-05,-0.00151977326201199,-1.24237903878088e-05,-0.00819456431599974,0.0306851279674447,-0.00298012082566856,-0.309726982550274,-0.111141092702383,0.000329623221272068,0.0015227550988769,0.000363093271752974,0.050659108733733,0.000621189519390442
556,-6.51328047263559e-06,4.60002927337104e-05,-1.09730160593154e-05,-0.00153274910856693,-1.27335017519911e-05,-0.0079973392530519,0.0305372327602527,-0.00296823600365315,-0.308649850921938,-0.112018840354722,0.000325664023631779,0.00153334309112368,0.00036576720197718,0.0510916369522311,0.000636675087599557
557,-6.43524722997978e-06,4.63253104384358e-05,-1.10549492320812e-05,-0.00154597525634544,-1.30451097264437e-05,-0.00780083041718171,0.0303878573504335,-0.00295461404675734,-0.307566090214095,-0.112886336864904,0.000321762361498989,0.00154417701461453,0.000368498307736039,0.051532508544848,0.000652255486322187
558,-6.35785718426473e-06,4.66559814855281e-05,-1.11385643365375e-05,-0.00155938782503739,-1.33584554724011e-05,-0.00760500256546948,0.0302397404539079,-0.00294212213702849,-0.306471495150618,-0.113743789142973,0.000317892859213237,0.00155519938285094,0.000371285477884583,0.0519795941679131,0.000667922773620054
559,-6.28066843452628e-06,4.69897693459622e-05,-1.1223299609012e-05,-0.00157293239267849,-1.36733888657896e-05,-0.00740984887670493,0.0300859380786278,-0.00292923118649924,-0.305370302839947,-0.114591279043452,0.000314033421726314,0.00156632564486541,0.000374109986967066,0.0524310797559496,0.00068366944328948
560,-6.20329518206342e-06,4.73260871405936e-05,-1.13075004130043e-05,-0.00158655878033077,-1.39897672321198e-05,-0.00721535570846754,0.0299377586543415,-0.0029128466394468,-0.304258555843262,-0.115428867957235,0.000310164759103171,0.00157753623801979,0.000376916680433478,0.0528852926776924,0.000699488361605988
561,-6.12539875981126e-06,4.76628516227141e-05,-1.1391948036225e-05,-0.0016002227504515,-1.43074547232984e-05,-0.00702148781783762,0.0297845747354586,-0.00289915760731674,-0.30313706929519,-0.116256626370159,0.000306269937990563,0.00158876172075714,0.000379731601207501,0.0533407583483834,0.00071537273616492
562,-6.04668418445865e-06,4.7999069108261e-05,-1.1476133615852e-05,-0.00161388485093706,-1.46263203039665e-05,-0.00682825088915706,0.0296321911719133,-0.00288483761323732,-0.302005790899784,-0.117074519039306,0.000302334209222933,0.00159996897027537,0.000382537787195068,0.0537961616979019,0.000731316015198325
563,-5.96689437589236e-06,4.83334855580117e-05,-1.15600758133586e-05,-0.001627512400337,-1.49462367366701e-05,-0.00663564492242585,0.0294781534648791,-0.00287114289676538,-0.30086957281128,-0.117882465247021,0.000298344718794618,0.00161111618526706,0.000385335860445287,0.0542504133445665,0.000747311836833506
564,-5.88580764924558e-06,4.86651320202446e-05,-1.16428106517212e-05,-0.00164107192365297,-1.52670801019185e-05,-0.00644369947622181,0.0293234484161076,-0.0028555189146573,-0.29972009656376,-0.11868036949636,0.000294290382462279,0.00162217106734149,0.000388093688390705,0.0547023974550989,0.000763354005095923
565,-5.80323112701236e-06,4.89934792613596e-05,-1.17245441875402e-05,-0.00165453719159684,-1.55887293707772e-05,-0.00625240772933466,0.0291701587684656,-0.00284076804746292,-0.298564482363872,-0.119468120374222,0.000290161556350618,0.00163311597537865,0.000390818139584674,0.0551512397198947,0.000779436468538861
566,-5.71900006469734e-06,4.93175332175408e-05,-1.18056660737029e-05,-0.00166788194235223,-1.5911065687568e-05,-0.0060618003772106,0.0290149432657927,-0.00282735300061177,-0.297397398298926,-0.120245566677113,0.000285950003234867,0.00164391777391803,0.000393522202456764,0.0555960647450744,0.000795553284378402
567,-5.63297555820011e-06,4.96361093430922e-05,-1.18862835417811e-05,-0.00168108544087555,-1.6233971224222e-05,-0.0058719183471112,0.0288560465833143,-0.00281460302176129,-0.296223989835198,-0.121012484441962,0.000281648777910006,0.00165453697810307,0.000396209451392703,0.0560361813625182,0.000811698561211098
568,-5.54504327372189e-06,4.99493815346546e-05,-1.19662944356768e-05,-0.00169412722567032,-1.655732903214e-05,-0.00568282189306046,0.0287010391275544,-0.00280199628832634,-0.295040651963063,-0.121768641747622,0.000277252163686095,0.00166497938448849,0.000398876481189227,0.0564709075223439,0.000827866451606999
569,-5.45511169545019e-06,5.02565585914315e-05,-1.20448617038181e-05,-0.00170698897452594,-1.68810223017164e-05,-0.00549458036402939,0.0285440262359771,-0.00278771835837688,-0.293847366492628,-0.122513757787601,0.00027275558477251,0.00167521861971438,0.000401495390127271,0.0568996324841979,0.00084405111508582
570,-5.36310866870854e-06,5.05571623813007e-05,-1.21219165661997e-05,-0.00171965634756521,-1.72049350751263e-05,-0.00530724605596333,0.0283864085304231,-0.00277347567134711,-0.292647744117858,-0.123247598367016,0.000268155433435427,0.00168523874604336,0.000404063885539991,0.0573218782521738,0.000860246753756315
571,-5.2689784002346e-06,5.08503376675876e-05,-1.21978481733452e-05,-0.00173211630409361,-1.75289519034594e-05,-0.00512085648551874,0.0282256678474369,-0.00276032778856461,-0.291441210720222,-0.12396990769048,0.00026344892001173,0.00169501125558625,0.000406594939111508,0.0577372101364535,0.000876447595172972
572,-5.1726816649924e-06,5.11363119300707e-05,-1.22714236695733e-05,-0.00174435464075697,-1.78529575310281e-05,-0.00493547304358799,0.0280676215425046,-0.00274451622317429,-0.290223196088846,-0.124680409498978,0.00025863408324962,0.00170454373100236,0.000409047455652444,0.0581451546918988,0.000892647876551407
573,-5.07419136320413e-06,5.14145339644768e-05,-1.23428320754498e-05,-0.00175636105189146,-1.81768377622032e-05,-0.00475111960440699,0.0279077755749313,-0.00272915485766134,-0.288997803181701,-0.125378883240046,0.000253709568160207,0.00171381779881589,0.000411427735848328,0.058545368396382,0.00090884188811016
574,-4.97349208181551e-06,5.16849451558744e-05,-1.24117767455553e-05,-0.00176812624364724,-1.85004788371066e-05,-0.00456783027402707,0.0277486094546475,-0.00271314775091014,-0.287764695485748,-0.126065070844561,0.000248674604090775,0.00172283150519581,0.000413725891518509,0.0589375414549079,0.000925023941855331
575,-4.87057840489532e-06,5.19470076797921e-05,-1.24785559060777e-05,-0.00177964288674333,-1.88237679730034e-05,-0.00438563233728928,0.0275873208011035,-0.00269779548034421,-0.286525308865748,-0.126738749486321,0.000243528920244766,0.00173156692265974,0.000415951863535922,0.059321429558111,0.000941188398650171
576,-4.76545472516631e-06,5.22004519431128e-05,-1.25435438347049e-05,-0.00179090356618672,-1.91465928291147e-05,-0.00420456331085006,0.0274251169685158,-0.00268330154540308,-0.28527793460853,-0.127399665643679,0.000238272736258315,0.00174001506477043,0.000418118127823497,0.0596967855395575,0.000957329641455733
577,-4.65813540027551e-06,5.24456193815052e-05,-1.26063893519734e-05,-0.00180190250798209,-1.9468841005962e-05,-0.00402467435378639,0.0272651652721834,-0.00266809706772619,-0.284023758467811,-0.128047536236409,0.000232906770013776,0.00174818731271684,0.000420212978399113,0.0600634169327365,0.000973442050298099
578,-4.54864375143761e-06,5.26817969303291e-05,-1.26674974272362e-05,-0.00181263377671724,-1.97904003722904e-05,-0.00384601548830688,0.0271017859176936,-0.00265378957919893,-0.282761247945018,-0.128682098647914,0.000227432187571881,0.00175605989767764,0.000422249914241207,0.0604211258905748,0.000989520018614518
579,-4.43701162146305e-06,5.29092797760291e-05,-1.27274810731653e-05,-0.00182309383453549,-2.01111588502001e-05,-0.00366864128409361,0.0269400754859817,-0.00264087930190726,-0.281493023521762,-0.129303078892917,0.000221850581073152,0.00176364265920097,0.000424249369105509,0.0607697944845162,0.00100555794251001
580,-4.32328164455383e-06,5.31282118906356e-05,-1.27843250052855e-05,-0.00183327881228388,-2.04310033940961e-05,-0.00349264269061678,0.0267792609065509,-0.00262377398030367,-0.28021762204844,-0.129910142732115,0.000216164082227691,0.00177094039635452,0.000426144166842849,0.0611092937427961,0.00102155016970481
581,-4.20749961578835e-06,5.33379055190273e-05,-1.28403919921448e-05,-0.00184318672611369,-2.07498223949552e-05,-0.00331802993969177,0.0266149493199919,-0.00261154468716995,-0.278937087614395,-0.130503098034751,0.000210374980789418,0.00177793018396758,0.000428013066404825,0.0614395575371229,0.00103749111974776
582,-4.08972160559993e-06,5.35386042073145e-05,-1.28943497546796e-05,-0.0018528134486963,-2.10675031913404e-05,-0.00314490193886741,0.0264517063897074,-0.00259668809121649,-0.277647382063151,-0.131081611698391,0.000204486080279996,0.00178462014024382,0.000429811658489319,0.0617604482898767,0.00105337515956702
583,-3.97000802675554e-06,5.37301752147448e-05,-1.29458946084867e-05,-0.00186215875625253,-2.13839336442413e-05,-0.00297329734166851,0.0262876164924819,-0.00258117324847262,-0.276353665640272,-0.131645441570072,0.000198500401337777,0.00179100584049149,0.00043152982028289,0.0620719585417509,0.00106919668221206
584,-3.84842301469864e-06,5.39126988225837e-05,-1.29960237362749e-05,-0.00187122227440038,-2.16990025201859e-05,-0.00280325252788316,0.0261236743881454,-0.00256765588346752,-0.275055258498469,-0.1321943716448,0.000192421150734932,0.00179708996075279,0.000433200791209164,0.062374075813346,0.00108495012600929
585,-3.72503683336233e-06,5.40866881167457e-05,-1.30429314484789e-05,-0.00188000177962959,-2.20125983142432e-05,-0.00263483570961398,0.0259620526321669,-0.00255049826591858,-0.27374891828913,-0.132728123389825,0.000186251841668116,0.00180288960389152,0.000434764381615963,0.0626667259876528,0.00110062991571216
586,-3.59992008241078e-06,5.42516935084637e-05,-1.30871152435023e-05,-0.00188849779968248,-2.23246115336186e-05,-0.00246805484493962,0.0257980377682543,-0.00253415123552259,-0.272438188630986,-0.133246550149124,0.000179996004120539,0.00180838978361546,0.00043623717478341,0.0629499266560828,0.00111623057668093
587,-3.47314415781796e-06,5.4408239983775e-05,-1.31290178603637e-05,-0.00189671048792427,-2.26349338547349e-05,-0.00230292471314897,0.0256362898198859,-0.00251856931754446,-0.271122215735886,-0.133749466613153,0.000173657207890898,0.00181360799945917,0.000437633928678788,0.0632236829308089,0.00113174669273674
588,-3.34478404380748e-06,5.45553213461569e-05,-1.31687848544159e-05,-0.00190464015675128,-2.29434578694405e-05,-0.00213949306271388,0.0254693816259532,-0.0025032136363734,-0.269800922296781,-0.134236679514288,0.000167239202190374,0.00181851071153856,0.000438959495147197,0.0634880052250427,0.00114717289347202
589,-3.21491532986232e-06,5.4694148324908e-05,-1.32075002712892e-05,-0.00191228864954487,-2.32500772934874e-05,-0.00197777808352839,0.025307793976026,-0.00248996457230533,-0.268476273959095,-0.13470801263793,0.000160745766493116,0.00182313827749693,0.000440250009042973,0.063742954984829,0.00116250386467437
590,-3.08362081671891e-06,5.48238511337097e-05,-1.32452774865637e-05,-0.00191965757608033,-2.35546852464349e-05,-0.00181787186193105,0.02514179186619,-0.00247704974754015,-0.267147821659819,-0.135163201093746,0.000154181040835945,0.00182746170445699,0.000441509249552125,0.0639885858693444,0.00117773426232175
591,-2.95098812811682e-06,5.49450165842721e-05,-1.32790498853852e-05,-0.00192674599736214,-2.3857174948087e-05,-0.00165984602062963,0.0249780646299769,-0.00245826640821178,-0.265811775079783,-0.135602018644931,0.000147549406405841,0.00183150055280907,0.000442634996179508,0.0642248665787379,0.00119285874740435
592,-2.8170989328802e-06,5.5057621866294e-05,-1.33124333741465e-05,-0.00193355624579565,-2.41574431450387e-05,-0.00150365963236254,0.024813862182782,-0.00244615193878417,-0.264472455455689,-0.136024427774828,0.00014085494664401,0.0018352540622098,0.000443747779138218,0.064451874859855,0.00120787215725193
593,-2.68204188490317e-06,5.51619306440752e-05,-1.33437045017544e-05,-0.00194009105689715,-2.44553856430616e-05,-0.0013494070572051,0.0246505010181863,-0.00243092245000298,-0.263130416442436,-0.136430164729973,0.000134102094245158,0.00183873102146917,0.000444790150058479,0.0646697018965717,0.00122276928215308
594,-2.54590636487887e-06,5.52583709218948e-05,-1.33716519785187e-05,-0.00194635094939132,-2.47508998551559e-05,-0.00119712126434024,0.0244888076395,-0.00241332145378692,-0.26178257257925,-0.136819101044239,0.000127295318243943,0.00184194569739649,0.000445721732617291,0.0648783649797106,0.00123754499275779
595,-2.40877797347467e-06,5.53464615213374e-05,-1.3398873082201e-05,-0.00195233927419575,-2.50438860522049e-05,-0.00104678861134744,0.024324652940777,-0.00240039184973284,-0.260432700542879,-0.137191182147944,0.000120438898673733,0.00184488205071125,0.000446629102740033,0.0650779758065249,0.00125219430261024
596,-2.27074688351223e-06,5.54264246579807e-05,-1.34238786354758e-05,-0.00195805891563887,-2.53342444141792e-05,-0.000898480720934458,0.0241611030560307,-0.00238480424741283,-0.259080266005185,-0.137546210225992,0.000113537344175612,0.00184754748859936,0.000447462621182527,0.0652686305212958,0.00126671222070896
597,-2.13190258988425e-06,5.54983063151221e-05,-1.34464831093424e-05,-0.00196351187673858,-2.56218772845375e-05,-0.00075221805673209,0.0239973940097116,-0.00236878690884623,-0.257724130960924,-0.137884106834463,0.000106595129494212,0.0018499435438374,0.000448216103644747,0.0654503958912859,0.00128109386422687
598,-1.99233171935839e-06,5.55622204870836e-05,-1.34676048329566e-05,-0.00196869957252611,-2.59066892780925e-05,-0.00060799834500358,0.0238338236613345,-0.00235435436479747,-0.256363488233546,-0.138204808308728,9.96165859679196e-05,0.00185207401623612,0.000448920161098553,0.0656233190842036,0.00129533446390463
599,-1.85212208146759e-06,5.56184983111017e-05,-1.3487996143523e-05,-0.00197362558013287,-2.61885863453337e-05,-0.000465859102405375,0.0236713844969927,-0.00234132016885269,-0.255001209552574,-0.138508212330635,9.26061040733794e-05,0.00185394994370339,0.000449599871450768,0.0657875193377624,0.00130942931726669
600,-1.71136570619841e-06,5.56669372194185e-05,-1.35051026962666e-05,-0.00197829335482175,-2.64674746473907e-05,-0.000325869677908486,0.0235077629895386,-0.00232375668929308,-0.253637292644271,-0.138794165422951,8.55682853099206e-05,0.00185556457398062,0.000450170089875552,0.0659431118273918,0.00132337373236954
601,-1.5701474948348e-06,5.57079390774062e-05,-1.35203398325707e-05,-0.0019827048156512,-2.67432644176243e-05,-0.000187988007382955,0.0233455614306877,-0.00230850560001272,-0.252269842349051,-0.139062711923543,7.85073747417398e-05,0.00185693130258021,0.000450677994419022,0.0660901605217068,0.00133716322088122
602,-1.42855146772624e-06,5.57419450214363e-05,-1.35336814631629e-05,-0.00198686278285743,-2.70158679213557e-05,-5.22300069860648e-05,0.0231850583531923,-0.00229316356126219,-0.250900062610526,-0.139313808631414,7.14275733863118e-05,0.00185806483404788,0.000451122715438764,0.066228759428581,0.00135079339606778
603,-1.28666114697605e-06,5.57688879334211e-05,-1.35449769006382e-05,-0.0019907704092374,-2.72851994317866e-05,8.13849965197733e-05,0.0230241380450025,-0.00227750319936604,-0.249528493441176,-0.139547419166774,6.43330573488027e-05,0.00185896293111404,0.000451499230021274,0.0663590136412466,0.00136425997158933
604,-1.14455865001768e-06,5.57890258128487e-05,-1.35540719837381e-05,-0.00199443000218423,-2.7551175462796e-05,0.000212846771319164,0.0228641715693811,-0.00226149722948321,-0.248154169639747,-0.1397635264766,5.72279325008842e-05,0.00185963419376162,0.000451802399457936,0.0664810000728075,0.0013775587731398
605,-1.00232360627605e-06,5.58016187319191e-05,-1.3564351111205e-05,-0.0019978458144557,-2.78137152451713e-05,0.000342156454280484,0.0227008956699137,-0.00225134385800629,-0.246779675308062,-0.139962145340178,5.01161803138025e-05,0.00186005395773064,0.000452145037040168,0.0665948604818568,0.00139068576225857
606,-8.60045462483717e-07,5.58079771112558e-05,-1.35720719064284e-05,-0.00200101969227481,-2.80727363607216e-05,0.000469196947960882,0.0225428709654807,-0.00223503434426675,-0.245402161453967,-0.140143087037359,4.30022731241859e-05,0.00186026590370853,0.000452402396880946,0.0667006564091604,0.00140363681803608
607,-7.17809631594307e-07,5.58071502454078e-05,-1.35769968417112e-05,-0.00200395561844658,-2.83281601074289e-05,0.00059397848417575,0.0223808319788077,-0.00221815980694373,-0.244024384983277,-0.140306418643377,3.58904815797154e-05,0.00186023834151359,0.000452566561390374,0.066798520614886,0.00141640800537145
608,-5.7569326232328e-07,5.58002909548364e-05,-1.35810557380234e-05,-0.00200665615668698,-2.85799116787927e-05,0.000716554495738819,0.0222233813929051,-0.00220442302634183,-0.242644772470157,-0.140452228833965,2.8784663116164e-05,0.00186000969849455,0.000452701857934112,0.0668885385562328,0.00142899558393963
609,-4.33777121048844e-07,5.57869150302401e-05,-1.35833531051054e-05,-0.00200912532283844,-2.88279174175997e-05,0.000836870412967983,0.0220639606141049,-0.0021892356016906,-0.241265254317113,-0.140580488050546,2.16888560524422e-05,0.00185956383434134,0.000452778436836848,0.0669708440946148,0.00144139587087999
610,-2.92139210038644e-07,5.57673032121257e-05,-1.35844873977708e-05,-0.00201136512318006,-2.90721066410629e-05,0.000954929646468372,0.0219055982597638,-0.00217502019950189,-0.239883546555575,-0.140691257684011,1.46069605019322e-05,0.00185891010707086,0.000452816246592361,0.0670455041060019,0.00145360533205314
611,-1.50857726817633e-07,5.57416851332986e-05,-1.35823139344615e-05,-0.00201337823809026,-2.93124102999539e-05,0.00107070945887244,0.0217481488107296,-0.00215721797758306,-0.238500538216613,-0.140784545692441,7.54288634088163e-06,0.00185805617110995,0.000452743797815385,0.067112607936342,0.00146562051499769
612,-1.00014365681665e-08,5.57100596068756e-05,-1.35808972568615e-05,-0.00201516932684647,-2.95487643727964e-05,0.00118427692541445,0.0215907084566425,-0.00214597662306915,-0.237118795212155,-0.140860524879827,5.00071828408323e-07,0.00185700198689585,0.000452696575228716,0.0671723108948825,0.00147743821863982
613,1.30352680273131e-07,5.56725645737281e-05,-1.35769217631992e-05,-0.00201674159694043,-2.97811040368102e-05,0.00129554109662422,0.0214338274417969,-0.00212950112654653,-0.235736832792099,-0.140919112254778,6.51763401365657e-06,0.0018557521524576,0.000452564058773308,0.0672247198980143,0.00148905520184051
614,2.70133559747508e-07,5.56291275336663e-05,-1.35726872749382e-05,-0.00201809722316448,-3.00093689494962e-05,0.00140453607855306,0.0212766690310673,-0.00211667611438315,-0.234353553878464,-0.140960466978868,1.35066779873754e-05,0.00185430425112221,0.000452422909164608,0.0672699074388159,0.00150046844747481
615,4.09267845638938e-07,5.55802304497192e-05,-1.35659539139494e-05,-0.00201923930178471,-3.02334994378966e-05,0.00151122435454454,0.0211214410228422,-0.0021003120309615,-0.232970149909306,-0.140984586778359,2.04633922819469e-05,0.00185267434832397,0.000452198463798313,0.0673079767261569,0.00151167497189483
616,5.476886629306e-07,5.55258857521028e-05,-1.35580061351945e-05,-0.00202017140336182,-3.04534401085022e-05,0.00161564685186022,0.0209663789974002,-0.00208589540307003,-0.231587353027862,-0.140991636499166,2.738443314653e-05,0.00185086285840343,0.000451933537839816,0.0673390467787274,0.00152267200542511
617,6.8533003092733e-07,5.54661958922906e-05,-1.35487912633117e-05,-0.00202089620829469,-3.06691379582008e-05,0.00171779788615822,0.0208118274258595,-0.00207141056307591,-0.230204298077297,-0.140981708227628,3.42665015463665e-05,0.00184887319640969,0.000451626375443723,0.0673632069431564,0.00153345689791004
618,8.22127574219717e-07,5.54007711317587e-05,-1.3538028569688e-05,-0.00202141762221606,-3.08805424464352e-05,0.00181767859430693,0.0206558365789533,-0.00205648007067794,-0.228822569852127,-0.140954904281898,4.11063787109859e-05,0.00184669237105862,0.000451267618989601,0.0673805874072018,0.00154402712232176
619,9.58020963282582e-07,5.53303334685903e-05,-1.35267459571908e-05,-0.0020217371937584,-3.10876062727104e-05,0.00191531285054225,0.0205026731237012,-0.00204317188945424,-0.2274396069879,-0.140911369044261,4.79010481641291e-05,0.00184434444895301,0.000450891531906359,0.0673912397919467,0.00155438031363552
620,1.09294790177035e-06,5.52551911510142e-05,-1.35124447724011e-05,-0.00202185850601129,-3.12902835144918e-05,0.00201067337002314,0.0203509102902899,-0.00202597334464372,-0.226057829877391,-0.140851173000556,5.46473950885175e-05,0.00184183970503381,0.000450414825746702,0.0673952835337095,0.00156451417572459
621,1.2268554559851e-06,5.51748261650675e-05,-1.34979596354164e-05,-0.00202178459530361,-3.14885333347119e-05,0.00210383177545737,0.0201973864477623,-0.00201305169866828,-0.224676805373747,-0.140774554893142,6.13427727992552e-05,0.00183916087216892,0.000449931987847214,0.0673928198434538,0.00157442666673559
622,1.35968804068905e-06,5.50897106181681e-05,-1.3482411850819e-05,-0.00202152018880436,-3.16823160174021e-05,0.00219475964513549,0.020045780502187,-0.00199888745555654,-0.223298663968308,-0.140681593165937,6.79844020344526e-05,0.00183632368727227,0.000449413728360635,0.0673840062934786,0.00158411580087011
623,1.49139140526757e-06,5.50001828881773e-05,-1.34651619838649e-05,-0.00202106501656287,-3.18715943138057e-05,0.00228346152653103,0.0198957002339739,-0.0019837455056404,-0.221917921408021,-0.140572427653751,7.45695702633784e-05,0.00183333942960591,0.000448838732795498,0.0673688338854291,0.00159357971569029
624,1.62191451995968e-06,5.49057335287803e-05,-1.34481807804016e-05,-0.00202042500498416,-3.20563343090394e-05,0.00236995902014314,0.0197439646854036,-0.0019716253518709,-0.220541583075828,-0.140447242529262,8.10957259979842e-05,0.00183019111762601,0.000448272692680053,0.0673475001661385,0.00160281671545197
625,1.75120280351227e-06,5.48078465501388e-05,-1.3429677466565e-05,-0.00201960131134296,-3.22365026001365e-05,0.00245421688305214,0.0195980351236358,-0.00195691995941161,-0.219164600139266,-0.14030610827831,8.75601401756133e-05,0.00182692821833796,0.000447655915552167,0.067320043711432,0.00161182513000682
626,1.87920303061101e-06,5.4704986812355e-05,-1.34095233653697e-05,-0.00201859796343573,-3.2412068477589e-05,0.00253623966273153,0.0194468418612814,-0.00194197696146148,-0.217790236547444,-0.140149189746808,9.39601515305507e-05,0.00182349956041183,0.000446984112178991,0.067286598781191,0.00162060342387945
627,2.0058686955949e-06,5.459786052656e-05,-1.33872292456796e-05,-0.00201741632860019,-3.25830052448327e-05,0.00261607851825829,0.0192983941360581,-0.00192622565009515,-0.216415722888996,-0.1399767154453,0.000100293434779745,0.00181992868421867,0.000446240974855987,0.0672472109533396,0.00162915026224163
628,2.13115994113036e-06,5.44863280445862e-05,-1.3365166354528e-05,-0.00201606107618375,-3.27492904675804e-05,0.00269378801931452,0.0191497008472652,-0.00191398044080415,-0.215044796050279,-0.13978893548483,0.000106557997056518,0.00181621093481954,0.000445505545150934,0.0672020358727917,0.00163746452337902
629,2.25503357453652e-06,5.4371873311352e-05,-1.33415572847873e-05,-0.0020145334760018,-3.29109021779659e-05,0.00276934201792756,0.0190067873973021,-0.00189921706805762,-0.213673946518611,-0.139585949909815,0.000112751678726826,0.00181239577704507,0.000444718576159576,0.0671511158667268,0.00164554510889829
630,2.3774473985782e-06,5.42525377381613e-05,-1.33176565472193e-05,-0.00201283767469753,-3.3067821197588e-05,0.00284274847217603,0.0188572448678315,-0.00188630565389758,-0.212306389357764,-0.139367956535352,0.00011887236992891,0.00180841792460538,0.00044392188490731,0.0670945891565842,0.0016533910598794
